--------------------------------------------------------
--  File created - Wednesday-December-07-2016   
--------------------------------------------------------
REM INSERTING into WATCHANAN.PERSON
SET DEFINE OFF;
Insert into WATCHANAN.PERSON (CITIZENID,FNAME,LNAME,GENDER,BIRTHDATE,ADDRESS,EMAIL,USERNAME,PASSWORD) values ('1208412802272','Joey','Sharleen','F',to_date('09-NOV-92 15:35:31','DD-MON-RR HH24:MI:SS'),null,'Joey_Sharleen@mail.com','Joey','111');
Insert into WATCHANAN.PERSON (CITIZENID,FNAME,LNAME,GENDER,BIRTHDATE,ADDRESS,EMAIL,USERNAME,PASSWORD) values ('1212425406260','Sevda','Kourtney','F',to_date('21-JAN-93 04:53:04','DD-MON-RR HH24:MI:SS'),null,'Sevda_Kourtney@mail.com','Sevda','222');
Insert into WATCHANAN.PERSON (CITIZENID,FNAME,LNAME,GENDER,BIRTHDATE,ADDRESS,EMAIL,USERNAME,PASSWORD) values ('1276431783219','Roddy','Daan','M',to_date('17-AUG-93 05:37:51','DD-MON-RR HH24:MI:SS'),null,'Roddy_Daan@mail.com','Roddy','333');
Insert into WATCHANAN.PERSON (CITIZENID,FNAME,LNAME,GENDER,BIRTHDATE,ADDRESS,EMAIL,USERNAME,PASSWORD) values ('1428877531783','Duane','Monty','M',to_date('05-MAR-95 07:25:06','DD-MON-RR HH24:MI:SS'),null,'Duane_Monty@mail.com','Duane','444');
Insert into WATCHANAN.PERSON (CITIZENID,FNAME,LNAME,GENDER,BIRTHDATE,ADDRESS,EMAIL,USERNAME,PASSWORD) values ('1468335868683','Ned','Gerald','M',to_date('28-MAR-95 16:31:30','DD-MON-RR HH24:MI:SS'),null,'Ned_Gerald@mail.com','Ned','555');
Insert into WATCHANAN.PERSON (CITIZENID,FNAME,LNAME,GENDER,BIRTHDATE,ADDRESS,EMAIL,USERNAME,PASSWORD) values ('1828253141115','Bryson','Randall','M',to_date('20-JUL-95 08:40:33','DD-MON-RR HH24:MI:SS'),null,'Bryson_Randall@mail.com','Bryson','666');
Insert into WATCHANAN.PERSON (CITIZENID,FNAME,LNAME,GENDER,BIRTHDATE,ADDRESS,EMAIL,USERNAME,PASSWORD) values ('2816463207348','Marly','Joleen','F',to_date('08-JUL-96 19:40:54','DD-MON-RR HH24:MI:SS'),null,'Marly_Joleen@mail.com','Marly','777');
Insert into WATCHANAN.PERSON (CITIZENID,FNAME,LNAME,GENDER,BIRTHDATE,ADDRESS,EMAIL,USERNAME,PASSWORD) values ('3041255857816','Susie','Liselot','F',to_date('26-DEC-96 08:41:46','DD-MON-RR HH24:MI:SS'),null,'Susie_Liselot@mail.com','Susie','888');
Insert into WATCHANAN.PERSON (CITIZENID,FNAME,LNAME,GENDER,BIRTHDATE,ADDRESS,EMAIL,USERNAME,PASSWORD) values ('3344575388531','Payton','Marshal','M',to_date('14-FEB-97 00:27:04','DD-MON-RR HH24:MI:SS'),null,'Payton_Marshal@mail.com','Payton','999');
Insert into WATCHANAN.PERSON (CITIZENID,FNAME,LNAME,GENDER,BIRTHDATE,ADDRESS,EMAIL,USERNAME,PASSWORD) values ('4381660441722','Mike','Audley','M',to_date('27-FEB-97 16:22:42','DD-MON-RR HH24:MI:SS'),null,'Mike_Audley@mail.com','Mike','000');
Insert into WATCHANAN.PERSON (CITIZENID,FNAME,LNAME,GENDER,BIRTHDATE,ADDRESS,EMAIL,USERNAME,PASSWORD) values ('5107315332413','Raylene','Love','F',to_date('11-DEC-97 03:17:30','DD-MON-RR HH24:MI:SS'),null,'Raylene_Love@mail.com','Raylene','111');
Insert into WATCHANAN.PERSON (CITIZENID,FNAME,LNAME,GENDER,BIRTHDATE,ADDRESS,EMAIL,USERNAME,PASSWORD) values ('5582053484248','Wilma','Rina','F',to_date('22-APR-98 05:44:04','DD-MON-RR HH24:MI:SS'),null,'Wilma_Rina@mail.com','Wilma','222');
Insert into WATCHANAN.PERSON (CITIZENID,FNAME,LNAME,GENDER,BIRTHDATE,ADDRESS,EMAIL,USERNAME,PASSWORD) values ('5657605345050','Max','Derya','M',to_date('12-MAY-98 08:44:31','DD-MON-RR HH24:MI:SS'),null,'Max_Derya@mail.com','Max','333');
Insert into WATCHANAN.PERSON (CITIZENID,FNAME,LNAME,GENDER,BIRTHDATE,ADDRESS,EMAIL,USERNAME,PASSWORD) values ('6324583038531','Huub','Fletcher','M',to_date('13-OCT-98 12:44:50','DD-MON-RR HH24:MI:SS'),null,'Huub_Fletcher@mail.com','Huub','444');
Insert into WATCHANAN.PERSON (CITIZENID,FNAME,LNAME,GENDER,BIRTHDATE,ADDRESS,EMAIL,USERNAME,PASSWORD) values ('6770282313551','Osbert','Byron','M',to_date('02-NOV-98 09:24:08','DD-MON-RR HH24:MI:SS'),null,'Osbert_Byron@mail.com','Osbert','555');
Insert into WATCHANAN.PERSON (CITIZENID,FNAME,LNAME,GENDER,BIRTHDATE,ADDRESS,EMAIL,USERNAME,PASSWORD) values ('7085461784841','Scarlett','Debi','F',to_date('25-MAR-99 04:45:35','DD-MON-RR HH24:MI:SS'),null,'Scarlett_Debi@mail.com','Scarlett','666');
Insert into WATCHANAN.PERSON (CITIZENID,FNAME,LNAME,GENDER,BIRTHDATE,ADDRESS,EMAIL,USERNAME,PASSWORD) values ('7325307882666','Angie','Gena','F',to_date('12-MAY-99 07:45:49','DD-MON-RR HH24:MI:SS'),null,'Angie_Gena@mail.com','Angie','777');
Insert into WATCHANAN.PERSON (CITIZENID,FNAME,LNAME,GENDER,BIRTHDATE,ADDRESS,EMAIL,USERNAME,PASSWORD) values ('7372874747461','Carolien','Kailee','F',to_date('03-SEP-99 16:46:03','DD-MON-RR HH24:MI:SS'),null,'Carolien_Kailee@mail.com','Carolien','888');
Insert into WATCHANAN.PERSON (CITIZENID,FNAME,LNAME,GENDER,BIRTHDATE,ADDRESS,EMAIL,USERNAME,PASSWORD) values ('8063213515341','Raine','Eduard','M',to_date('17-OCT-99 13:46:23','DD-MON-RR HH24:MI:SS'),null,'Raine_Eduard@mail.com','Raine','999');
Insert into WATCHANAN.PERSON (CITIZENID,FNAME,LNAME,GENDER,BIRTHDATE,ADDRESS,EMAIL,USERNAME,PASSWORD) values ('8456872381711','Paula','Nena','F',to_date('18-DEC-99 09:46:41','DD-MON-RR HH24:MI:SS'),null,'Paula_Nena@mail.com','Paula','000');
commit;

--------------------------------------------------------
--  File created - Wednesday-December-07-2016   
--------------------------------------------------------
REM INSERTING into WATCHANAN.MEMBER
SET DEFINE OFF;
Insert into WATCHANAN.MEMBER (STARTDATE,EXPIRYDATE,CITIZENID) values (to_date('01-DEC-16 06:00:06','DD-MON-RR HH24:MI:SS'),to_date('01-DEC-17 06:00:19','DD-MON-RR HH24:MI:SS'),'3344575388531');
Insert into WATCHANAN.MEMBER (STARTDATE,EXPIRYDATE,CITIZENID) values (to_date('01-DEC-16 06:00:42','DD-MON-RR HH24:MI:SS'),to_date('01-DEC-17 06:00:51','DD-MON-RR HH24:MI:SS'),'4381660441722');
Insert into WATCHANAN.MEMBER (STARTDATE,EXPIRYDATE,CITIZENID) values (to_date('02-DEC-16 06:00:58','DD-MON-RR HH24:MI:SS'),to_date('02-DEC-17 06:01:07','DD-MON-RR HH24:MI:SS'),'5107315332413');
Insert into WATCHANAN.MEMBER (STARTDATE,EXPIRYDATE,CITIZENID) values (to_date('05-DEC-16 06:01:13','DD-MON-RR HH24:MI:SS'),to_date('05-DEC-17 06:01:18','DD-MON-RR HH24:MI:SS'),'5582053484248');
Insert into WATCHANAN.MEMBER (STARTDATE,EXPIRYDATE,CITIZENID) values (to_date('05-DEC-16 06:01:23','DD-MON-RR HH24:MI:SS'),to_date('05-DEC-17 06:01:26','DD-MON-RR HH24:MI:SS'),'5657605345050');
Insert into WATCHANAN.MEMBER (STARTDATE,EXPIRYDATE,CITIZENID) values (to_date('05-DEC-16 06:01:41','DD-MON-RR HH24:MI:SS'),to_date('05-DEC-17 06:01:51','DD-MON-RR HH24:MI:SS'),'6324583038531');
Insert into WATCHANAN.MEMBER (STARTDATE,EXPIRYDATE,CITIZENID) values (to_date('07-DEC-16 06:02:06','DD-MON-RR HH24:MI:SS'),to_date('07-DEC-17 06:02:09','DD-MON-RR HH24:MI:SS'),'6770282313551');
Insert into WATCHANAN.MEMBER (STARTDATE,EXPIRYDATE,CITIZENID) values (to_date('07-DEC-16 06:02:13','DD-MON-RR HH24:MI:SS'),to_date('07-DEC-17 06:02:17','DD-MON-RR HH24:MI:SS'),'7085461784841');
Insert into WATCHANAN.MEMBER (STARTDATE,EXPIRYDATE,CITIZENID) values (to_date('08-DEC-16 06:02:21','DD-MON-RR HH24:MI:SS'),to_date('08-DEC-17 06:02:25','DD-MON-RR HH24:MI:SS'),'7325307882666');
Insert into WATCHANAN.MEMBER (STARTDATE,EXPIRYDATE,CITIZENID) values (to_date('11-DEC-16 06:02:31','DD-MON-RR HH24:MI:SS'),to_date('11-DEC-17 06:02:35','DD-MON-RR HH24:MI:SS'),'7372874747461');
Insert into WATCHANAN.MEMBER (STARTDATE,EXPIRYDATE,CITIZENID) values (to_date('15-DEC-16 06:02:41','DD-MON-RR HH24:MI:SS'),to_date('15-DEC-17 06:02:48','DD-MON-RR HH24:MI:SS'),'8063213515341');
Insert into WATCHANAN.MEMBER (STARTDATE,EXPIRYDATE,CITIZENID) values (to_date('16-DEC-16 06:02:54','DD-MON-RR HH24:MI:SS'),to_date('16-DEC-16 06:02:57','DD-MON-RR HH24:MI:SS'),'8456872381711');
commit;

--------------------------------------------------------
--  File created - Wednesday-December-07-2016   
--------------------------------------------------------
REM INSERTING into WATCHANAN.EMPLOYEE
SET DEFINE OFF;
Insert into WATCHANAN.EMPLOYEE (JOBPOSITION,SALARY,CITIZENID) values ('Manager',2500,'1208412802272');
Insert into WATCHANAN.EMPLOYEE (JOBPOSITION,SALARY,CITIZENID) values ('Accountant',1500,'1212425406260');
Insert into WATCHANAN.EMPLOYEE (JOBPOSITION,SALARY,CITIZENID) values ('Satff',1000,'1276431783219');
Insert into WATCHANAN.EMPLOYEE (JOBPOSITION,SALARY,CITIZENID) values ('Satff',1000,'1428877531783');
Insert into WATCHANAN.EMPLOYEE (JOBPOSITION,SALARY,CITIZENID) values ('Satff',1000,'1468335868683');
Insert into WATCHANAN.EMPLOYEE (JOBPOSITION,SALARY,CITIZENID) values ('Satff',1000,'1828253141115');
Insert into WATCHANAN.EMPLOYEE (JOBPOSITION,SALARY,CITIZENID) values ('Cleaner',500,'2816463207348');
Insert into WATCHANAN.EMPLOYEE (JOBPOSITION,SALARY,CITIZENID) values ('Cleaner',500,'3041255857816');
commit;

--------------------------------------------------------
--  File created - Wednesday-December-07-2016   
--------------------------------------------------------
REM INSERTING into MOVIE
SET DEFINE OFF;
Insert into MOVIE (MOVIEID,MOVIENAME,DIRECTOR,SHORTDESCRIPTION,DURATION,PLAYCOUNT,STATUS,SHOWDATE) values (1,'Your Name','Makoto Shinkai','Kimi no Na wa. revolves around Mitsuha and Taki''s actions, which begin to have a dramatic impact on each other''s lives, weaving them into a fabric held together by fate and circumstance.',106,0,'false',to_date('01-DEC-16 00:00:00','DD-MON-RR HH24:MI:SS'));
Insert into MOVIE (MOVIEID,MOVIENAME,DIRECTOR,SHORTDESCRIPTION,DURATION,PLAYCOUNT,STATUS,SHOWDATE) values (2,'The Warriors Gate','Matthias Hoene','A teenager is magically transported to China and learns to convert his video game skills into those of a Kung Fu warrior.',107,0,'false',to_date('01-DEC-16 00:00:00','DD-MON-RR HH24:MI:SS'));
Insert into MOVIE (MOVIEID,MOVIENAME,DIRECTOR,SHORTDESCRIPTION,DURATION,PLAYCOUNT,STATUS,SHOWDATE) values (3,'Disappointments Room','D.J. Caruso','The Disappointments Room ผลงานการเขียนบทของ เวนธ์เวิร์ธ มิลเลอร์ (Prison Break) นำแสดงโดย เคท เบคคินเซล รับบท ดาน่า เธอและครอบครัวที่ย้ายเข้ามาในบ้านในฝัน แต่ความสยองขวัญขั้นสุดก็เกิดขึ้นเมื่อเธอบังเอิญปลดล็อคประตูห้องลับใต้หลังคา ปลดปล่อยบางอย่างที่น่ากลัวเกินกว่าจินตนาการ',92,0,'false',to_date('01-DEC-16 00:00:00','DD-MON-RR HH24:MI:SS'));
Insert into MOVIE (MOVIEID,MOVIENAME,DIRECTOR,SHORTDESCRIPTION,DURATION,PLAYCOUNT,STATUS,SHOWDATE) values (4,'Billy Lynn Long Halftime Walk','Ang Lee','19-year-old Billy Lynn is brought home for a victory tour after a harrowing Iraq battle. Through flashbacks the film shows what really happened to his squad - contrasting the realities of war with America''s perceptions.',113,0,'false',to_date('01-DEC-16 00:00:00','DD-MON-RR HH24:MI:SS'));
Insert into MOVIE (MOVIEID,MOVIENAME,DIRECTOR,SHORTDESCRIPTION,DURATION,PLAYCOUNT,STATUS,SHOWDATE) values (5,'Trolls','Mike Mitchell, Walt Dohrn','After the Bergens invade Troll Village, Poppy, the happiest Troll ever born, and the curmudgeonly Branch set off on a journey to rescue her friends.',92,0,'false',to_date('08-DEC-16 00:00:00','DD-MON-RR HH24:MI:SS'));
Insert into MOVIE (MOVIEID,MOVIENAME,DIRECTOR,SHORTDESCRIPTION,DURATION,PLAYCOUNT,STATUS,SHOWDATE) values (6,'Nocturnal Animals','Tom Ford','An art gallery owner is haunted by her ex-husband''s novel, a violent thriller she interprets as a veiled threat and a symbolic revenge tale.',116,0,'false',to_date('08-DEC-16 00:00:00','DD-MON-RR HH24:MI:SS'));
Insert into MOVIE (MOVIEID,MOVIENAME,DIRECTOR,SHORTDESCRIPTION,DURATION,PLAYCOUNT,STATUS,SHOWDATE) values (7,'Moana','Ron Clements, John Musker','In Ancient Polynesia, when a terrible curse incurred by Maui reaches an impetuous Chieftain''s daughter''s island, she answers the Ocean''s call to seek out the demigod to set things right.',113,0,'false',to_date('08-DEC-16 00:00:00','DD-MON-RR HH24:MI:SS'));
Insert into MOVIE (MOVIEID,MOVIENAME,DIRECTOR,SHORTDESCRIPTION,DURATION,PLAYCOUNT,STATUS,SHOWDATE) values (8,'A Monster Calls','J.A. Bayona','A boy seeks the help of a tree monster to cope with his single mom''s terminal illness.',109,0,'false',to_date('08-DEC-16 00:00:00','DD-MON-RR HH24:MI:SS'));
Insert into MOVIE (MOVIEID,MOVIENAME,DIRECTOR,SHORTDESCRIPTION,DURATION,PLAYCOUNT,STATUS,SHOWDATE) values (9,'Fantastic Beasts','David Yates','The adventures of writer Newt Scamander in New York''s secret community of witches and wizards seventy years before Harry Potter reads his book in school.',132,0,'true',to_date('15-DEC-16 00:00:00','DD-MON-RR HH24:MI:SS'));
Insert into MOVIE (MOVIEID,MOVIENAME,DIRECTOR,SHORTDESCRIPTION,DURATION,PLAYCOUNT,STATUS,SHOWDATE) values (10,'Bleed for This','Ben Younger','The inspirational story of World Champion Boxer Vinny Pazienza, who after a near fatal car crash, which left him not knowing if he''d ever walk again, made one of sports most incredible comebacks.',117,0,'true',to_date('15-DEC-16 00:00:00','DD-MON-RR HH24:MI:SS'));
Insert into MOVIE (MOVIEID,MOVIENAME,DIRECTOR,SHORTDESCRIPTION,DURATION,PLAYCOUNT,STATUS,SHOWDATE) values (11,'Miss Saigon','Claude-Michel Schönberg, Alain Boublil','The musical''s inspiration was reportedly a photograph, which Schönberg found inadvertently in a magazine. The photograph showed a Vietnamese mother leaving her child at a departure gate at Tan Son Nhut Air Base to board an airplane headed for the United States where her father, an ex-GI, would be in a position to provide a much better life for the child. Schönberg considered this mother''s actions for her child to be "The Ultimate Sacrifice," an idea central to the plot of Miss Saigon',187,0,'true',to_date('15-DEC-16 00:00:00','DD-MON-RR HH24:MI:SS'));
Insert into MOVIE (MOVIEID,MOVIENAME,DIRECTOR,SHORTDESCRIPTION,DURATION,PLAYCOUNT,STATUS,SHOWDATE) values (12,'Underworld 5','Anna Foerster','Vampire death dealer, Selene (Kate Beckinsale) fights to end the eternal war between the Lycan clan and the Vampire faction that betrayed her.',91,0,'true',to_date('15-DEC-16 00:00:00','DD-MON-RR HH24:MI:SS'));
Insert into MOVIE (MOVIEID,MOVIENAME,DIRECTOR,SHORTDESCRIPTION,DURATION,PLAYCOUNT,STATUS,SHOWDATE) values (13,'OFFICE CHRISTMAS PARTY','Josh Gordon, Will Speck','When his uptight CEO sister threatens to shut down his branch, the branch manager throws an epic Christmas party in order to land a big client and save the day, but the party gets way out of hand...',105,0,'false',to_date('22-DEC-16 00:00:00','DD-MON-RR HH24:MI:SS'));
Insert into MOVIE (MOVIEID,MOVIENAME,DIRECTOR,SHORTDESCRIPTION,DURATION,PLAYCOUNT,STATUS,SHOWDATE) values (14,'Rogue One','Gareth Edwards','The Rebellion makes a risky move to steal the plans to the Death Star, setting up the epic saga to follow.',133,0,'false',to_date('22-DEC-16 00:00:00','DD-MON-RR HH24:MI:SS'));
commit;

--------------------------------------------------------
--  File created - Wednesday-December-07-2016   
--------------------------------------------------------
REM INSERTING into CATEGORY
SET DEFINE OFF;
Insert into CATEGORY (CATEGORYID,CATEGORYNAME) values (1,'action');
Insert into CATEGORY (CATEGORYID,CATEGORYNAME) values (2,'adventure');
Insert into CATEGORY (CATEGORYID,CATEGORYNAME) values (3,'animation');
Insert into CATEGORY (CATEGORYID,CATEGORYNAME) values (4,'comedy');
Insert into CATEGORY (CATEGORYID,CATEGORYNAME) values (5,'crime');
Insert into CATEGORY (CATEGORYID,CATEGORYNAME) values (6,'documentary');
Insert into CATEGORY (CATEGORYID,CATEGORYNAME) values (7,'drama');
Insert into CATEGORY (CATEGORYID,CATEGORYNAME) values (8,'horror');
Insert into CATEGORY (CATEGORYID,CATEGORYNAME) values (9,'musical');
Insert into CATEGORY (CATEGORYID,CATEGORYNAME) values (10,'mystery');
Insert into CATEGORY (CATEGORYID,CATEGORYNAME) values (11,'romance');
Insert into CATEGORY (CATEGORYID,CATEGORYNAME) values (12,'sci-f');
Insert into CATEGORY (CATEGORYID,CATEGORYNAME) values (13,'thriller');
Insert into CATEGORY (CATEGORYID,CATEGORYNAME) values (14,'fantasy');
commit;

--------------------------------------------------------
--  File created - Wednesday-December-07-2016   
--------------------------------------------------------
REM INSERTING into MOVIE_CATEGORY
SET DEFINE OFF;
Insert into MOVIE_CATEGORY (MOVIEID,CATEGORYID) values (1,3);
Insert into MOVIE_CATEGORY (MOVIEID,CATEGORYID) values (2,1);
Insert into MOVIE_CATEGORY (MOVIEID,CATEGORYID) values (2,2);
Insert into MOVIE_CATEGORY (MOVIEID,CATEGORYID) values (3,7);
Insert into MOVIE_CATEGORY (MOVIEID,CATEGORYID) values (3,8);
Insert into MOVIE_CATEGORY (MOVIEID,CATEGORYID) values (4,4);
Insert into MOVIE_CATEGORY (MOVIEID,CATEGORYID) values (4,7);
Insert into MOVIE_CATEGORY (MOVIEID,CATEGORYID) values (5,3);
Insert into MOVIE_CATEGORY (MOVIEID,CATEGORYID) values (6,7);
Insert into MOVIE_CATEGORY (MOVIEID,CATEGORYID) values (6,13);
Insert into MOVIE_CATEGORY (MOVIEID,CATEGORYID) values (7,2);
Insert into MOVIE_CATEGORY (MOVIEID,CATEGORYID) values (7,3);
Insert into MOVIE_CATEGORY (MOVIEID,CATEGORYID) values (8,7);
Insert into MOVIE_CATEGORY (MOVIEID,CATEGORYID) values (8,14);
Insert into MOVIE_CATEGORY (MOVIEID,CATEGORYID) values (9,14);
Insert into MOVIE_CATEGORY (MOVIEID,CATEGORYID) values (10,7);
Insert into MOVIE_CATEGORY (MOVIEID,CATEGORYID) values (11,9);
Insert into MOVIE_CATEGORY (MOVIEID,CATEGORYID) values (12,2);
Insert into MOVIE_CATEGORY (MOVIEID,CATEGORYID) values (12,12);
Insert into MOVIE_CATEGORY (MOVIEID,CATEGORYID) values (13,4);
Insert into MOVIE_CATEGORY (MOVIEID,CATEGORYID) values (14,1);
Insert into MOVIE_CATEGORY (MOVIEID,CATEGORYID) values (14,2);
 commit;

--------------------------------------------------------
--  File created - Wednesday-December-07-2016   
--------------------------------------------------------
REM INSERTING into ACTOR
SET DEFINE OFF;
Insert into ACTOR (ACTORID,ACTORNAME) values (1,'Etsuko Ichihara');
Insert into ACTOR (ACTORID,ACTORNAME) values (2,'Ryûnosuke Kamiki');
Insert into ACTOR (ACTORID,ACTORNAME) values (3,'Mone Kamishiraishi');
Insert into ACTOR (ACTORID,ACTORNAME) values (4,'Dave Bautista');
Insert into ACTOR (ACTORID,ACTORNAME) values (5,'Sienna Guillory');
Insert into ACTOR (ACTORID,ACTORNAME) values (6,'Kate Beckinsale');
Insert into ACTOR (ACTORID,ACTORNAME) values (7,'Mel Raido');
Insert into ACTOR (ACTORID,ACTORNAME) values (8,'Lucas Till');
Insert into ACTOR (ACTORID,ACTORNAME) values (9,'Kristen Stewart');
Insert into ACTOR (ACTORID,ACTORNAME) values (10,'Vin Diesel');
Insert into ACTOR (ACTORID,ACTORNAME) values (11,'Garrett Hedlund');
Insert into ACTOR (ACTORID,ACTORNAME) values (12,'Anna Kendrick');
Insert into ACTOR (ACTORID,ACTORNAME) values (13,'James Corden');
Insert into ACTOR (ACTORID,ACTORNAME) values (14,'Justin Timberlake');
Insert into ACTOR (ACTORID,ACTORNAME) values (15,'Amy Adams');
Insert into ACTOR (ACTORID,ACTORNAME) values (16,'Jake Gyllenhaal');
Insert into ACTOR (ACTORID,ACTORNAME) values (17,'Michael Shannon');
Insert into ACTOR (ACTORID,ACTORNAME) values (18,'Dwayne Johnson');
Insert into ACTOR (ACTORID,ACTORNAME) values (19,'Alan Tudyk');
Insert into ACTOR (ACTORID,ACTORNAME) values (20,'Auli''i Cravalho');
Insert into ACTOR (ACTORID,ACTORNAME) values (21,'Liam Neeson');
Insert into ACTOR (ACTORID,ACTORNAME) values (22,'Felicity Jones');
Insert into ACTOR (ACTORID,ACTORNAME) values (23,'Sigourney Weaver');
Insert into ACTOR (ACTORID,ACTORNAME) values (24,'Eddie Redmayne');
Insert into ACTOR (ACTORID,ACTORNAME) values (25,'Miles Teller');
Insert into ACTOR (ACTORID,ACTORNAME) values (26,'Katey Sagal');
Insert into ACTOR (ACTORID,ACTORNAME) values (27,'Aaron Eckhart');
Insert into ACTOR (ACTORID,ACTORNAME) values (28,'Eva Noblezada');
Insert into ACTOR (ACTORID,ACTORNAME) values (29,'Jon-Jon Briones');
Insert into ACTOR (ACTORID,ACTORNAME) values (30,'Alistair Brammer');
Insert into ACTOR (ACTORID,ACTORNAME) values (31,'Theo James');
Insert into ACTOR (ACTORID,ACTORNAME) values (32,'Tobias Menzies');
Insert into ACTOR (ACTORID,ACTORNAME) values (33,'Jennifer Aniston');
Insert into ACTOR (ACTORID,ACTORNAME) values (34,'Kate McKinnon');
Insert into ACTOR (ACTORID,ACTORNAME) values (35,'Olivia Munn');
Insert into ACTOR (ACTORID,ACTORNAME) values (36,'Diego Luna');
commit;

--------------------------------------------------------
--  File created - Wednesday-December-07-2016   
--------------------------------------------------------
REM INSERTING into MOVIE_ACTOR
SET DEFINE OFF;
Insert into MOVIE_ACTOR (MOVIEID,ACTORID) values (1,1);
Insert into MOVIE_ACTOR (MOVIEID,ACTORID) values (1,2);
Insert into MOVIE_ACTOR (MOVIEID,ACTORID) values (1,3);
Insert into MOVIE_ACTOR (MOVIEID,ACTORID) values (2,4);
Insert into MOVIE_ACTOR (MOVIEID,ACTORID) values (2,5);
Insert into MOVIE_ACTOR (MOVIEID,ACTORID) values (3,6);
Insert into MOVIE_ACTOR (MOVIEID,ACTORID) values (3,7);
Insert into MOVIE_ACTOR (MOVIEID,ACTORID) values (3,8);
Insert into MOVIE_ACTOR (MOVIEID,ACTORID) values (4,9);
Insert into MOVIE_ACTOR (MOVIEID,ACTORID) values (4,10);
Insert into MOVIE_ACTOR (MOVIEID,ACTORID) values (4,11);
Insert into MOVIE_ACTOR (MOVIEID,ACTORID) values (5,12);
Insert into MOVIE_ACTOR (MOVIEID,ACTORID) values (5,13);
Insert into MOVIE_ACTOR (MOVIEID,ACTORID) values (5,14);
Insert into MOVIE_ACTOR (MOVIEID,ACTORID) values (6,15);
Insert into MOVIE_ACTOR (MOVIEID,ACTORID) values (6,16);
Insert into MOVIE_ACTOR (MOVIEID,ACTORID) values (6,17);
Insert into MOVIE_ACTOR (MOVIEID,ACTORID) values (7,18);
Insert into MOVIE_ACTOR (MOVIEID,ACTORID) values (7,19);
Insert into MOVIE_ACTOR (MOVIEID,ACTORID) values (7,20);
Insert into MOVIE_ACTOR (MOVIEID,ACTORID) values (8,21);
Insert into MOVIE_ACTOR (MOVIEID,ACTORID) values (8,22);
Insert into MOVIE_ACTOR (MOVIEID,ACTORID) values (8,23);
Insert into MOVIE_ACTOR (MOVIEID,ACTORID) values (9,24);
Insert into MOVIE_ACTOR (MOVIEID,ACTORID) values (10,25);
Insert into MOVIE_ACTOR (MOVIEID,ACTORID) values (10,26);
Insert into MOVIE_ACTOR (MOVIEID,ACTORID) values (10,27);
Insert into MOVIE_ACTOR (MOVIEID,ACTORID) values (11,28);
Insert into MOVIE_ACTOR (MOVIEID,ACTORID) values (11,29);
Insert into MOVIE_ACTOR (MOVIEID,ACTORID) values (11,30);
Insert into MOVIE_ACTOR (MOVIEID,ACTORID) values (12,6);
Insert into MOVIE_ACTOR (MOVIEID,ACTORID) values (12,31);
Insert into MOVIE_ACTOR (MOVIEID,ACTORID) values (12,32);
Insert into MOVIE_ACTOR (MOVIEID,ACTORID) values (13,33);
Insert into MOVIE_ACTOR (MOVIEID,ACTORID) values (13,34);
Insert into MOVIE_ACTOR (MOVIEID,ACTORID) values (13,35);
Insert into MOVIE_ACTOR (MOVIEID,ACTORID) values (14,22);
Insert into MOVIE_ACTOR (MOVIEID,ACTORID) values (14,36);
commit;

--------------------------------------------------------
--  File created - Wednesday-December-07-2016   
--------------------------------------------------------
REM INSERTING into THEATRE
SET DEFINE OFF;
Insert into THEATRE (THEATREID,SEATCAPACITY) values (1,100);
Insert into THEATRE (THEATREID,SEATCAPACITY) values (2,100);
Insert into THEATRE (THEATREID,SEATCAPACITY) values (3,100);
Insert into THEATRE (THEATREID,SEATCAPACITY) values (4,100);
commit;

--------------------------------------------------------
--  File created - Wednesday-December-07-2016   
--------------------------------------------------------
REM INSERTING into SEAT
SET DEFINE OFF;
Insert into SEAT (SEATROW,SEATNUMBER,ZONE,THEATREID) values ('A',1,'General',1);
Insert into SEAT (SEATROW,SEATNUMBER,ZONE,THEATREID) values ('A',2,'General',1);
Insert into SEAT (SEATROW,SEATNUMBER,ZONE,THEATREID) values ('A',3,'General',1);
Insert into SEAT (SEATROW,SEATNUMBER,ZONE,THEATREID) values ('A',4,'General',1);
Insert into SEAT (SEATROW,SEATNUMBER,ZONE,THEATREID) values ('A',5,'General',1);
Insert into SEAT (SEATROW,SEATNUMBER,ZONE,THEATREID) values ('A',6,'General',1);
Insert into SEAT (SEATROW,SEATNUMBER,ZONE,THEATREID) values ('A',7,'General',1);
Insert into SEAT (SEATROW,SEATNUMBER,ZONE,THEATREID) values ('A',8,'General',1);
Insert into SEAT (SEATROW,SEATNUMBER,ZONE,THEATREID) values ('A',9,'General',1);
Insert into SEAT (SEATROW,SEATNUMBER,ZONE,THEATREID) values ('A',10,'General',1);
Insert into SEAT (SEATROW,SEATNUMBER,ZONE,THEATREID) values ('A',11,'General',1);
Insert into SEAT (SEATROW,SEATNUMBER,ZONE,THEATREID) values ('A',12,'General',1);
Insert into SEAT (SEATROW,SEATNUMBER,ZONE,THEATREID) values ('A',13,'General',1);
Insert into SEAT (SEATROW,SEATNUMBER,ZONE,THEATREID) values ('A',14,'General',1);
Insert into SEAT (SEATROW,SEATNUMBER,ZONE,THEATREID) values ('A',15,'General',1);
Insert into SEAT (SEATROW,SEATNUMBER,ZONE,THEATREID) values ('A',16,'General',1);
Insert into SEAT (SEATROW,SEATNUMBER,ZONE,THEATREID) values ('A',17,'General',1);
Insert into SEAT (SEATROW,SEATNUMBER,ZONE,THEATREID) values ('A',18,'General',1);
Insert into SEAT (SEATROW,SEATNUMBER,ZONE,THEATREID) values ('A',19,'General',1);
Insert into SEAT (SEATROW,SEATNUMBER,ZONE,THEATREID) values ('A',20,'General',1);
Insert into SEAT (SEATROW,SEATNUMBER,ZONE,THEATREID) values ('B',1,'General',1);
Insert into SEAT (SEATROW,SEATNUMBER,ZONE,THEATREID) values ('B',2,'General',1);
Insert into SEAT (SEATROW,SEATNUMBER,ZONE,THEATREID) values ('B',3,'General',1);
Insert into SEAT (SEATROW,SEATNUMBER,ZONE,THEATREID) values ('B',4,'General',1);
Insert into SEAT (SEATROW,SEATNUMBER,ZONE,THEATREID) values ('B',5,'General',1);
Insert into SEAT (SEATROW,SEATNUMBER,ZONE,THEATREID) values ('B',6,'General',1);
Insert into SEAT (SEATROW,SEATNUMBER,ZONE,THEATREID) values ('B',7,'General',1);
Insert into SEAT (SEATROW,SEATNUMBER,ZONE,THEATREID) values ('B',8,'General',1);
Insert into SEAT (SEATROW,SEATNUMBER,ZONE,THEATREID) values ('B',9,'General',1);
Insert into SEAT (SEATROW,SEATNUMBER,ZONE,THEATREID) values ('B',10,'General',1);
Insert into SEAT (SEATROW,SEATNUMBER,ZONE,THEATREID) values ('B',11,'General',1);
Insert into SEAT (SEATROW,SEATNUMBER,ZONE,THEATREID) values ('B',12,'General',1);
Insert into SEAT (SEATROW,SEATNUMBER,ZONE,THEATREID) values ('B',13,'General',1);
Insert into SEAT (SEATROW,SEATNUMBER,ZONE,THEATREID) values ('B',14,'General',1);
Insert into SEAT (SEATROW,SEATNUMBER,ZONE,THEATREID) values ('B',15,'General',1);
Insert into SEAT (SEATROW,SEATNUMBER,ZONE,THEATREID) values ('B',16,'General',1);
Insert into SEAT (SEATROW,SEATNUMBER,ZONE,THEATREID) values ('B',17,'General',1);
Insert into SEAT (SEATROW,SEATNUMBER,ZONE,THEATREID) values ('B',18,'General',1);
Insert into SEAT (SEATROW,SEATNUMBER,ZONE,THEATREID) values ('B',19,'General',1);
Insert into SEAT (SEATROW,SEATNUMBER,ZONE,THEATREID) values ('B',20,'General',1);
Insert into SEAT (SEATROW,SEATNUMBER,ZONE,THEATREID) values ('C',1,'General',1);
Insert into SEAT (SEATROW,SEATNUMBER,ZONE,THEATREID) values ('C',2,'General',1);
Insert into SEAT (SEATROW,SEATNUMBER,ZONE,THEATREID) values ('C',3,'General',1);
Insert into SEAT (SEATROW,SEATNUMBER,ZONE,THEATREID) values ('C',4,'General',1);
Insert into SEAT (SEATROW,SEATNUMBER,ZONE,THEATREID) values ('C',5,'General',1);
Insert into SEAT (SEATROW,SEATNUMBER,ZONE,THEATREID) values ('C',6,'General',1);
Insert into SEAT (SEATROW,SEATNUMBER,ZONE,THEATREID) values ('C',7,'General',1);
Insert into SEAT (SEATROW,SEATNUMBER,ZONE,THEATREID) values ('C',8,'General',1);
Insert into SEAT (SEATROW,SEATNUMBER,ZONE,THEATREID) values ('C',9,'General',1);
Insert into SEAT (SEATROW,SEATNUMBER,ZONE,THEATREID) values ('C',10,'General',1);
Insert into SEAT (SEATROW,SEATNUMBER,ZONE,THEATREID) values ('C',11,'General',1);
Insert into SEAT (SEATROW,SEATNUMBER,ZONE,THEATREID) values ('C',12,'General',1);
Insert into SEAT (SEATROW,SEATNUMBER,ZONE,THEATREID) values ('C',13,'General',1);
Insert into SEAT (SEATROW,SEATNUMBER,ZONE,THEATREID) values ('C',14,'General',1);
Insert into SEAT (SEATROW,SEATNUMBER,ZONE,THEATREID) values ('C',15,'General',1);
Insert into SEAT (SEATROW,SEATNUMBER,ZONE,THEATREID) values ('C',16,'General',1);
Insert into SEAT (SEATROW,SEATNUMBER,ZONE,THEATREID) values ('C',17,'General',1);
Insert into SEAT (SEATROW,SEATNUMBER,ZONE,THEATREID) values ('C',18,'General',1);
Insert into SEAT (SEATROW,SEATNUMBER,ZONE,THEATREID) values ('C',19,'General',1);
Insert into SEAT (SEATROW,SEATNUMBER,ZONE,THEATREID) values ('C',20,'General',1);
Insert into SEAT (SEATROW,SEATNUMBER,ZONE,THEATREID) values ('D',1,'General',1);
Insert into SEAT (SEATROW,SEATNUMBER,ZONE,THEATREID) values ('D',2,'General',1);
Insert into SEAT (SEATROW,SEATNUMBER,ZONE,THEATREID) values ('D',3,'General',1);
Insert into SEAT (SEATROW,SEATNUMBER,ZONE,THEATREID) values ('D',4,'General',1);
Insert into SEAT (SEATROW,SEATNUMBER,ZONE,THEATREID) values ('D',5,'General',1);
Insert into SEAT (SEATROW,SEATNUMBER,ZONE,THEATREID) values ('D',6,'General',1);
Insert into SEAT (SEATROW,SEATNUMBER,ZONE,THEATREID) values ('D',7,'General',1);
Insert into SEAT (SEATROW,SEATNUMBER,ZONE,THEATREID) values ('D',8,'General',1);
Insert into SEAT (SEATROW,SEATNUMBER,ZONE,THEATREID) values ('D',9,'General',1);
Insert into SEAT (SEATROW,SEATNUMBER,ZONE,THEATREID) values ('D',10,'General',1);
Insert into SEAT (SEATROW,SEATNUMBER,ZONE,THEATREID) values ('D',11,'General',1);
Insert into SEAT (SEATROW,SEATNUMBER,ZONE,THEATREID) values ('D',12,'General',1);
Insert into SEAT (SEATROW,SEATNUMBER,ZONE,THEATREID) values ('D',13,'General',1);
Insert into SEAT (SEATROW,SEATNUMBER,ZONE,THEATREID) values ('D',14,'General',1);
Insert into SEAT (SEATROW,SEATNUMBER,ZONE,THEATREID) values ('D',15,'General',1);
Insert into SEAT (SEATROW,SEATNUMBER,ZONE,THEATREID) values ('D',16,'General',1);
Insert into SEAT (SEATROW,SEATNUMBER,ZONE,THEATREID) values ('D',17,'General',1);
Insert into SEAT (SEATROW,SEATNUMBER,ZONE,THEATREID) values ('D',18,'General',1);
Insert into SEAT (SEATROW,SEATNUMBER,ZONE,THEATREID) values ('D',19,'General',1);
Insert into SEAT (SEATROW,SEATNUMBER,ZONE,THEATREID) values ('D',20,'General',1);
Insert into SEAT (SEATROW,SEATNUMBER,ZONE,THEATREID) values ('E',1,'General',1);
Insert into SEAT (SEATROW,SEATNUMBER,ZONE,THEATREID) values ('E',2,'General',1);
Insert into SEAT (SEATROW,SEATNUMBER,ZONE,THEATREID) values ('E',3,'General',1);
Insert into SEAT (SEATROW,SEATNUMBER,ZONE,THEATREID) values ('E',4,'General',1);
Insert into SEAT (SEATROW,SEATNUMBER,ZONE,THEATREID) values ('E',5,'General',1);
Insert into SEAT (SEATROW,SEATNUMBER,ZONE,THEATREID) values ('E',6,'General',1);
Insert into SEAT (SEATROW,SEATNUMBER,ZONE,THEATREID) values ('E',7,'General',1);
Insert into SEAT (SEATROW,SEATNUMBER,ZONE,THEATREID) values ('E',8,'General',1);
Insert into SEAT (SEATROW,SEATNUMBER,ZONE,THEATREID) values ('E',9,'General',1);
Insert into SEAT (SEATROW,SEATNUMBER,ZONE,THEATREID) values ('E',10,'General',1);
Insert into SEAT (SEATROW,SEATNUMBER,ZONE,THEATREID) values ('E',11,'General',1);
Insert into SEAT (SEATROW,SEATNUMBER,ZONE,THEATREID) values ('E',12,'General',1);
Insert into SEAT (SEATROW,SEATNUMBER,ZONE,THEATREID) values ('E',13,'General',1);
Insert into SEAT (SEATROW,SEATNUMBER,ZONE,THEATREID) values ('E',14,'General',1);
Insert into SEAT (SEATROW,SEATNUMBER,ZONE,THEATREID) values ('E',15,'General',1);
Insert into SEAT (SEATROW,SEATNUMBER,ZONE,THEATREID) values ('E',16,'General',1);
Insert into SEAT (SEATROW,SEATNUMBER,ZONE,THEATREID) values ('E',17,'General',1);
Insert into SEAT (SEATROW,SEATNUMBER,ZONE,THEATREID) values ('E',18,'General',1);
Insert into SEAT (SEATROW,SEATNUMBER,ZONE,THEATREID) values ('E',19,'General',1);
Insert into SEAT (SEATROW,SEATNUMBER,ZONE,THEATREID) values ('E',20,'General',1);
commit;
Insert into SEAT (SEATROW,SEATNUMBER,ZONE,THEATREID) values ('F',1,'General',1);
Insert into SEAT (SEATROW,SEATNUMBER,ZONE,THEATREID) values ('F',2,'General',1);
Insert into SEAT (SEATROW,SEATNUMBER,ZONE,THEATREID) values ('F',3,'General',1);
Insert into SEAT (SEATROW,SEATNUMBER,ZONE,THEATREID) values ('F',4,'General',1);
Insert into SEAT (SEATROW,SEATNUMBER,ZONE,THEATREID) values ('F',5,'General',1);
Insert into SEAT (SEATROW,SEATNUMBER,ZONE,THEATREID) values ('F',6,'General',1);
Insert into SEAT (SEATROW,SEATNUMBER,ZONE,THEATREID) values ('F',7,'General',1);
Insert into SEAT (SEATROW,SEATNUMBER,ZONE,THEATREID) values ('F',8,'General',1);
Insert into SEAT (SEATROW,SEATNUMBER,ZONE,THEATREID) values ('F',9,'General',1);
Insert into SEAT (SEATROW,SEATNUMBER,ZONE,THEATREID) values ('F',10,'General',1);
Insert into SEAT (SEATROW,SEATNUMBER,ZONE,THEATREID) values ('F',11,'General',1);
Insert into SEAT (SEATROW,SEATNUMBER,ZONE,THEATREID) values ('F',12,'General',1);
Insert into SEAT (SEATROW,SEATNUMBER,ZONE,THEATREID) values ('F',13,'General',1);
Insert into SEAT (SEATROW,SEATNUMBER,ZONE,THEATREID) values ('F',14,'General',1);
Insert into SEAT (SEATROW,SEATNUMBER,ZONE,THEATREID) values ('F',15,'General',1);
Insert into SEAT (SEATROW,SEATNUMBER,ZONE,THEATREID) values ('F',16,'General',1);
Insert into SEAT (SEATROW,SEATNUMBER,ZONE,THEATREID) values ('F',17,'General',1);
Insert into SEAT (SEATROW,SEATNUMBER,ZONE,THEATREID) values ('F',18,'General',1);
Insert into SEAT (SEATROW,SEATNUMBER,ZONE,THEATREID) values ('F',19,'General',1);
Insert into SEAT (SEATROW,SEATNUMBER,ZONE,THEATREID) values ('F',20,'General',1);
Insert into SEAT (SEATROW,SEATNUMBER,ZONE,THEATREID) values ('G',1,'General',1);
Insert into SEAT (SEATROW,SEATNUMBER,ZONE,THEATREID) values ('G',2,'General',1);
Insert into SEAT (SEATROW,SEATNUMBER,ZONE,THEATREID) values ('G',3,'General',1);
Insert into SEAT (SEATROW,SEATNUMBER,ZONE,THEATREID) values ('G',4,'General',1);
Insert into SEAT (SEATROW,SEATNUMBER,ZONE,THEATREID) values ('G',5,'General',1);
Insert into SEAT (SEATROW,SEATNUMBER,ZONE,THEATREID) values ('G',6,'General',1);
Insert into SEAT (SEATROW,SEATNUMBER,ZONE,THEATREID) values ('G',7,'General',1);
Insert into SEAT (SEATROW,SEATNUMBER,ZONE,THEATREID) values ('G',8,'General',1);
Insert into SEAT (SEATROW,SEATNUMBER,ZONE,THEATREID) values ('G',9,'General',1);
Insert into SEAT (SEATROW,SEATNUMBER,ZONE,THEATREID) values ('G',10,'General',1);
Insert into SEAT (SEATROW,SEATNUMBER,ZONE,THEATREID) values ('G',11,'General',1);
Insert into SEAT (SEATROW,SEATNUMBER,ZONE,THEATREID) values ('G',12,'General',1);
Insert into SEAT (SEATROW,SEATNUMBER,ZONE,THEATREID) values ('G',13,'General',1);
Insert into SEAT (SEATROW,SEATNUMBER,ZONE,THEATREID) values ('G',14,'General',1);
Insert into SEAT (SEATROW,SEATNUMBER,ZONE,THEATREID) values ('G',15,'General',1);
Insert into SEAT (SEATROW,SEATNUMBER,ZONE,THEATREID) values ('G',16,'General',1);
Insert into SEAT (SEATROW,SEATNUMBER,ZONE,THEATREID) values ('G',17,'General',1);
Insert into SEAT (SEATROW,SEATNUMBER,ZONE,THEATREID) values ('G',18,'General',1);
Insert into SEAT (SEATROW,SEATNUMBER,ZONE,THEATREID) values ('G',19,'General',1);
Insert into SEAT (SEATROW,SEATNUMBER,ZONE,THEATREID) values ('G',20,'General',1);
Insert into SEAT (SEATROW,SEATNUMBER,ZONE,THEATREID) values ('H',1,'General',1);
Insert into SEAT (SEATROW,SEATNUMBER,ZONE,THEATREID) values ('H',2,'General',1);
Insert into SEAT (SEATROW,SEATNUMBER,ZONE,THEATREID) values ('H',3,'General',1);
Insert into SEAT (SEATROW,SEATNUMBER,ZONE,THEATREID) values ('H',4,'General',1);
Insert into SEAT (SEATROW,SEATNUMBER,ZONE,THEATREID) values ('H',5,'General',1);
Insert into SEAT (SEATROW,SEATNUMBER,ZONE,THEATREID) values ('H',6,'General',1);
Insert into SEAT (SEATROW,SEATNUMBER,ZONE,THEATREID) values ('H',7,'General',1);
Insert into SEAT (SEATROW,SEATNUMBER,ZONE,THEATREID) values ('H',8,'General',1);
Insert into SEAT (SEATROW,SEATNUMBER,ZONE,THEATREID) values ('H',9,'General',1);
Insert into SEAT (SEATROW,SEATNUMBER,ZONE,THEATREID) values ('H',10,'General',1);
Insert into SEAT (SEATROW,SEATNUMBER,ZONE,THEATREID) values ('H',11,'General',1);
Insert into SEAT (SEATROW,SEATNUMBER,ZONE,THEATREID) values ('H',12,'General',1);
Insert into SEAT (SEATROW,SEATNUMBER,ZONE,THEATREID) values ('H',13,'General',1);
Insert into SEAT (SEATROW,SEATNUMBER,ZONE,THEATREID) values ('H',14,'General',1);
Insert into SEAT (SEATROW,SEATNUMBER,ZONE,THEATREID) values ('H',15,'General',1);
Insert into SEAT (SEATROW,SEATNUMBER,ZONE,THEATREID) values ('H',16,'General',1);
Insert into SEAT (SEATROW,SEATNUMBER,ZONE,THEATREID) values ('H',17,'General',1);
Insert into SEAT (SEATROW,SEATNUMBER,ZONE,THEATREID) values ('H',18,'General',1);
Insert into SEAT (SEATROW,SEATNUMBER,ZONE,THEATREID) values ('H',19,'General',1);
Insert into SEAT (SEATROW,SEATNUMBER,ZONE,THEATREID) values ('H',20,'General',1);
Insert into SEAT (SEATROW,SEATNUMBER,ZONE,THEATREID) values ('I',1,'General',1);
Insert into SEAT (SEATROW,SEATNUMBER,ZONE,THEATREID) values ('I',2,'General',1);
Insert into SEAT (SEATROW,SEATNUMBER,ZONE,THEATREID) values ('I',3,'General',1);
Insert into SEAT (SEATROW,SEATNUMBER,ZONE,THEATREID) values ('I',4,'General',1);
Insert into SEAT (SEATROW,SEATNUMBER,ZONE,THEATREID) values ('I',5,'General',1);
Insert into SEAT (SEATROW,SEATNUMBER,ZONE,THEATREID) values ('I',6,'General',1);
Insert into SEAT (SEATROW,SEATNUMBER,ZONE,THEATREID) values ('I',7,'General',1);
Insert into SEAT (SEATROW,SEATNUMBER,ZONE,THEATREID) values ('I',8,'General',1);
Insert into SEAT (SEATROW,SEATNUMBER,ZONE,THEATREID) values ('I',9,'General',1);
Insert into SEAT (SEATROW,SEATNUMBER,ZONE,THEATREID) values ('I',10,'General',1);
Insert into SEAT (SEATROW,SEATNUMBER,ZONE,THEATREID) values ('I',11,'General',1);
Insert into SEAT (SEATROW,SEATNUMBER,ZONE,THEATREID) values ('I',12,'General',1);
Insert into SEAT (SEATROW,SEATNUMBER,ZONE,THEATREID) values ('I',13,'General',1);
Insert into SEAT (SEATROW,SEATNUMBER,ZONE,THEATREID) values ('I',14,'General',1);
Insert into SEAT (SEATROW,SEATNUMBER,ZONE,THEATREID) values ('I',15,'General',1);
Insert into SEAT (SEATROW,SEATNUMBER,ZONE,THEATREID) values ('I',16,'General',1);
Insert into SEAT (SEATROW,SEATNUMBER,ZONE,THEATREID) values ('I',17,'General',1);
Insert into SEAT (SEATROW,SEATNUMBER,ZONE,THEATREID) values ('I',18,'General',1);
Insert into SEAT (SEATROW,SEATNUMBER,ZONE,THEATREID) values ('I',19,'General',1);
Insert into SEAT (SEATROW,SEATNUMBER,ZONE,THEATREID) values ('I',20,'General',1);
Insert into SEAT (SEATROW,SEATNUMBER,ZONE,THEATREID) values ('J',1,'General',1);
Insert into SEAT (SEATROW,SEATNUMBER,ZONE,THEATREID) values ('J',2,'General',1);
Insert into SEAT (SEATROW,SEATNUMBER,ZONE,THEATREID) values ('J',3,'General',1);
Insert into SEAT (SEATROW,SEATNUMBER,ZONE,THEATREID) values ('J',4,'General',1);
Insert into SEAT (SEATROW,SEATNUMBER,ZONE,THEATREID) values ('J',5,'General',1);
Insert into SEAT (SEATROW,SEATNUMBER,ZONE,THEATREID) values ('J',6,'General',1);
Insert into SEAT (SEATROW,SEATNUMBER,ZONE,THEATREID) values ('J',7,'General',1);
Insert into SEAT (SEATROW,SEATNUMBER,ZONE,THEATREID) values ('J',8,'General',1);
Insert into SEAT (SEATROW,SEATNUMBER,ZONE,THEATREID) values ('J',9,'General',1);
Insert into SEAT (SEATROW,SEATNUMBER,ZONE,THEATREID) values ('J',10,'General',1);
Insert into SEAT (SEATROW,SEATNUMBER,ZONE,THEATREID) values ('J',11,'General',1);
Insert into SEAT (SEATROW,SEATNUMBER,ZONE,THEATREID) values ('J',12,'General',1);
Insert into SEAT (SEATROW,SEATNUMBER,ZONE,THEATREID) values ('J',13,'General',1);
Insert into SEAT (SEATROW,SEATNUMBER,ZONE,THEATREID) values ('J',14,'General',1);
Insert into SEAT (SEATROW,SEATNUMBER,ZONE,THEATREID) values ('J',15,'General',1);
Insert into SEAT (SEATROW,SEATNUMBER,ZONE,THEATREID) values ('J',16,'General',1);
Insert into SEAT (SEATROW,SEATNUMBER,ZONE,THEATREID) values ('J',17,'General',1);
Insert into SEAT (SEATROW,SEATNUMBER,ZONE,THEATREID) values ('J',18,'General',1);
Insert into SEAT (SEATROW,SEATNUMBER,ZONE,THEATREID) values ('J',19,'General',1);
Insert into SEAT (SEATROW,SEATNUMBER,ZONE,THEATREID) values ('J',20,'General',1);
commit;
Insert into SEAT (SEATROW,SEATNUMBER,ZONE,THEATREID) values ('K',1,'General',1);
Insert into SEAT (SEATROW,SEATNUMBER,ZONE,THEATREID) values ('K',2,'General',1);
Insert into SEAT (SEATROW,SEATNUMBER,ZONE,THEATREID) values ('K',3,'General',1);
Insert into SEAT (SEATROW,SEATNUMBER,ZONE,THEATREID) values ('K',4,'General',1);
Insert into SEAT (SEATROW,SEATNUMBER,ZONE,THEATREID) values ('K',5,'General',1);
Insert into SEAT (SEATROW,SEATNUMBER,ZONE,THEATREID) values ('K',6,'General',1);
Insert into SEAT (SEATROW,SEATNUMBER,ZONE,THEATREID) values ('K',7,'General',1);
Insert into SEAT (SEATROW,SEATNUMBER,ZONE,THEATREID) values ('K',8,'General',1);
Insert into SEAT (SEATROW,SEATNUMBER,ZONE,THEATREID) values ('K',9,'General',1);
Insert into SEAT (SEATROW,SEATNUMBER,ZONE,THEATREID) values ('K',10,'General',1);
Insert into SEAT (SEATROW,SEATNUMBER,ZONE,THEATREID) values ('K',11,'General',1);
Insert into SEAT (SEATROW,SEATNUMBER,ZONE,THEATREID) values ('K',12,'General',1);
Insert into SEAT (SEATROW,SEATNUMBER,ZONE,THEATREID) values ('K',13,'General',1);
Insert into SEAT (SEATROW,SEATNUMBER,ZONE,THEATREID) values ('K',14,'General',1);
Insert into SEAT (SEATROW,SEATNUMBER,ZONE,THEATREID) values ('K',15,'General',1);
Insert into SEAT (SEATROW,SEATNUMBER,ZONE,THEATREID) values ('K',16,'General',1);
Insert into SEAT (SEATROW,SEATNUMBER,ZONE,THEATREID) values ('K',17,'General',1);
Insert into SEAT (SEATROW,SEATNUMBER,ZONE,THEATREID) values ('K',18,'General',1);
Insert into SEAT (SEATROW,SEATNUMBER,ZONE,THEATREID) values ('K',19,'General',1);
Insert into SEAT (SEATROW,SEATNUMBER,ZONE,THEATREID) values ('K',20,'General',1);
Insert into SEAT (SEATROW,SEATNUMBER,ZONE,THEATREID) values ('L',1,'General',1);
Insert into SEAT (SEATROW,SEATNUMBER,ZONE,THEATREID) values ('L',2,'General',1);
Insert into SEAT (SEATROW,SEATNUMBER,ZONE,THEATREID) values ('L',3,'General',1);
Insert into SEAT (SEATROW,SEATNUMBER,ZONE,THEATREID) values ('L',4,'General',1);
Insert into SEAT (SEATROW,SEATNUMBER,ZONE,THEATREID) values ('L',5,'General',1);
Insert into SEAT (SEATROW,SEATNUMBER,ZONE,THEATREID) values ('L',6,'General',1);
Insert into SEAT (SEATROW,SEATNUMBER,ZONE,THEATREID) values ('L',7,'General',1);
Insert into SEAT (SEATROW,SEATNUMBER,ZONE,THEATREID) values ('L',8,'General',1);
Insert into SEAT (SEATROW,SEATNUMBER,ZONE,THEATREID) values ('L',9,'General',1);
Insert into SEAT (SEATROW,SEATNUMBER,ZONE,THEATREID) values ('L',10,'General',1);
Insert into SEAT (SEATROW,SEATNUMBER,ZONE,THEATREID) values ('L',11,'General',1);
Insert into SEAT (SEATROW,SEATNUMBER,ZONE,THEATREID) values ('L',12,'General',1);
Insert into SEAT (SEATROW,SEATNUMBER,ZONE,THEATREID) values ('L',13,'General',1);
Insert into SEAT (SEATROW,SEATNUMBER,ZONE,THEATREID) values ('L',14,'General',1);
Insert into SEAT (SEATROW,SEATNUMBER,ZONE,THEATREID) values ('L',15,'General',1);
Insert into SEAT (SEATROW,SEATNUMBER,ZONE,THEATREID) values ('L',16,'General',1);
Insert into SEAT (SEATROW,SEATNUMBER,ZONE,THEATREID) values ('L',17,'General',1);
Insert into SEAT (SEATROW,SEATNUMBER,ZONE,THEATREID) values ('L',18,'General',1);
Insert into SEAT (SEATROW,SEATNUMBER,ZONE,THEATREID) values ('L',19,'General',1);
Insert into SEAT (SEATROW,SEATNUMBER,ZONE,THEATREID) values ('L',20,'General',1);
Insert into SEAT (SEATROW,SEATNUMBER,ZONE,THEATREID) values ('A',1,'General',2);
Insert into SEAT (SEATROW,SEATNUMBER,ZONE,THEATREID) values ('A',2,'General',2);
Insert into SEAT (SEATROW,SEATNUMBER,ZONE,THEATREID) values ('A',3,'General',2);
Insert into SEAT (SEATROW,SEATNUMBER,ZONE,THEATREID) values ('A',4,'General',2);
Insert into SEAT (SEATROW,SEATNUMBER,ZONE,THEATREID) values ('A',5,'General',2);
Insert into SEAT (SEATROW,SEATNUMBER,ZONE,THEATREID) values ('A',6,'General',2);
Insert into SEAT (SEATROW,SEATNUMBER,ZONE,THEATREID) values ('A',7,'General',2);
Insert into SEAT (SEATROW,SEATNUMBER,ZONE,THEATREID) values ('A',8,'General',2);
Insert into SEAT (SEATROW,SEATNUMBER,ZONE,THEATREID) values ('A',9,'General',2);
Insert into SEAT (SEATROW,SEATNUMBER,ZONE,THEATREID) values ('A',10,'General',2);
Insert into SEAT (SEATROW,SEATNUMBER,ZONE,THEATREID) values ('A',11,'General',2);
Insert into SEAT (SEATROW,SEATNUMBER,ZONE,THEATREID) values ('A',12,'General',2);
Insert into SEAT (SEATROW,SEATNUMBER,ZONE,THEATREID) values ('A',13,'General',2);
Insert into SEAT (SEATROW,SEATNUMBER,ZONE,THEATREID) values ('A',14,'General',2);
Insert into SEAT (SEATROW,SEATNUMBER,ZONE,THEATREID) values ('A',15,'General',2);
Insert into SEAT (SEATROW,SEATNUMBER,ZONE,THEATREID) values ('A',16,'General',2);
Insert into SEAT (SEATROW,SEATNUMBER,ZONE,THEATREID) values ('A',17,'General',2);
Insert into SEAT (SEATROW,SEATNUMBER,ZONE,THEATREID) values ('A',18,'General',2);
Insert into SEAT (SEATROW,SEATNUMBER,ZONE,THEATREID) values ('A',19,'General',2);
Insert into SEAT (SEATROW,SEATNUMBER,ZONE,THEATREID) values ('A',20,'General',2);
Insert into SEAT (SEATROW,SEATNUMBER,ZONE,THEATREID) values ('B',1,'General',2);
Insert into SEAT (SEATROW,SEATNUMBER,ZONE,THEATREID) values ('B',2,'General',2);
Insert into SEAT (SEATROW,SEATNUMBER,ZONE,THEATREID) values ('B',3,'General',2);
Insert into SEAT (SEATROW,SEATNUMBER,ZONE,THEATREID) values ('B',4,'General',2);
Insert into SEAT (SEATROW,SEATNUMBER,ZONE,THEATREID) values ('B',5,'General',2);
Insert into SEAT (SEATROW,SEATNUMBER,ZONE,THEATREID) values ('B',6,'General',2);
Insert into SEAT (SEATROW,SEATNUMBER,ZONE,THEATREID) values ('B',7,'General',2);
Insert into SEAT (SEATROW,SEATNUMBER,ZONE,THEATREID) values ('B',8,'General',2);
Insert into SEAT (SEATROW,SEATNUMBER,ZONE,THEATREID) values ('B',9,'General',2);
Insert into SEAT (SEATROW,SEATNUMBER,ZONE,THEATREID) values ('B',10,'General',2);
Insert into SEAT (SEATROW,SEATNUMBER,ZONE,THEATREID) values ('B',11,'General',2);
Insert into SEAT (SEATROW,SEATNUMBER,ZONE,THEATREID) values ('B',12,'General',2);
Insert into SEAT (SEATROW,SEATNUMBER,ZONE,THEATREID) values ('B',13,'General',2);
Insert into SEAT (SEATROW,SEATNUMBER,ZONE,THEATREID) values ('B',14,'General',2);
Insert into SEAT (SEATROW,SEATNUMBER,ZONE,THEATREID) values ('B',15,'General',2);
Insert into SEAT (SEATROW,SEATNUMBER,ZONE,THEATREID) values ('B',16,'General',2);
Insert into SEAT (SEATROW,SEATNUMBER,ZONE,THEATREID) values ('B',17,'General',2);
Insert into SEAT (SEATROW,SEATNUMBER,ZONE,THEATREID) values ('B',18,'General',2);
Insert into SEAT (SEATROW,SEATNUMBER,ZONE,THEATREID) values ('B',19,'General',2);
Insert into SEAT (SEATROW,SEATNUMBER,ZONE,THEATREID) values ('B',20,'General',2);
Insert into SEAT (SEATROW,SEATNUMBER,ZONE,THEATREID) values ('C',1,'General',2);
Insert into SEAT (SEATROW,SEATNUMBER,ZONE,THEATREID) values ('C',2,'General',2);
Insert into SEAT (SEATROW,SEATNUMBER,ZONE,THEATREID) values ('C',3,'General',2);
Insert into SEAT (SEATROW,SEATNUMBER,ZONE,THEATREID) values ('C',4,'General',2);
Insert into SEAT (SEATROW,SEATNUMBER,ZONE,THEATREID) values ('C',5,'General',2);
Insert into SEAT (SEATROW,SEATNUMBER,ZONE,THEATREID) values ('C',6,'General',2);
Insert into SEAT (SEATROW,SEATNUMBER,ZONE,THEATREID) values ('C',7,'General',2);
Insert into SEAT (SEATROW,SEATNUMBER,ZONE,THEATREID) values ('C',8,'General',2);
Insert into SEAT (SEATROW,SEATNUMBER,ZONE,THEATREID) values ('C',9,'General',2);
Insert into SEAT (SEATROW,SEATNUMBER,ZONE,THEATREID) values ('C',10,'General',2);
Insert into SEAT (SEATROW,SEATNUMBER,ZONE,THEATREID) values ('C',11,'General',2);
Insert into SEAT (SEATROW,SEATNUMBER,ZONE,THEATREID) values ('C',12,'General',2);
Insert into SEAT (SEATROW,SEATNUMBER,ZONE,THEATREID) values ('C',13,'General',2);
Insert into SEAT (SEATROW,SEATNUMBER,ZONE,THEATREID) values ('C',14,'General',2);
Insert into SEAT (SEATROW,SEATNUMBER,ZONE,THEATREID) values ('C',15,'General',2);
Insert into SEAT (SEATROW,SEATNUMBER,ZONE,THEATREID) values ('C',16,'General',2);
Insert into SEAT (SEATROW,SEATNUMBER,ZONE,THEATREID) values ('C',17,'General',2);
Insert into SEAT (SEATROW,SEATNUMBER,ZONE,THEATREID) values ('C',18,'General',2);
Insert into SEAT (SEATROW,SEATNUMBER,ZONE,THEATREID) values ('C',19,'General',2);
Insert into SEAT (SEATROW,SEATNUMBER,ZONE,THEATREID) values ('C',20,'General',2);
commit;
Insert into SEAT (SEATROW,SEATNUMBER,ZONE,THEATREID) values ('D',1,'General',2);
Insert into SEAT (SEATROW,SEATNUMBER,ZONE,THEATREID) values ('D',2,'General',2);
Insert into SEAT (SEATROW,SEATNUMBER,ZONE,THEATREID) values ('D',3,'General',2);
Insert into SEAT (SEATROW,SEATNUMBER,ZONE,THEATREID) values ('D',4,'General',2);
Insert into SEAT (SEATROW,SEATNUMBER,ZONE,THEATREID) values ('D',5,'General',2);
Insert into SEAT (SEATROW,SEATNUMBER,ZONE,THEATREID) values ('D',6,'General',2);
Insert into SEAT (SEATROW,SEATNUMBER,ZONE,THEATREID) values ('D',7,'General',2);
Insert into SEAT (SEATROW,SEATNUMBER,ZONE,THEATREID) values ('D',8,'General',2);
Insert into SEAT (SEATROW,SEATNUMBER,ZONE,THEATREID) values ('D',9,'General',2);
Insert into SEAT (SEATROW,SEATNUMBER,ZONE,THEATREID) values ('D',10,'General',2);
Insert into SEAT (SEATROW,SEATNUMBER,ZONE,THEATREID) values ('D',11,'General',2);
Insert into SEAT (SEATROW,SEATNUMBER,ZONE,THEATREID) values ('D',12,'General',2);
Insert into SEAT (SEATROW,SEATNUMBER,ZONE,THEATREID) values ('D',13,'General',2);
Insert into SEAT (SEATROW,SEATNUMBER,ZONE,THEATREID) values ('D',14,'General',2);
Insert into SEAT (SEATROW,SEATNUMBER,ZONE,THEATREID) values ('D',15,'General',2);
Insert into SEAT (SEATROW,SEATNUMBER,ZONE,THEATREID) values ('D',16,'General',2);
Insert into SEAT (SEATROW,SEATNUMBER,ZONE,THEATREID) values ('D',17,'General',2);
Insert into SEAT (SEATROW,SEATNUMBER,ZONE,THEATREID) values ('D',18,'General',2);
Insert into SEAT (SEATROW,SEATNUMBER,ZONE,THEATREID) values ('D',19,'General',2);
Insert into SEAT (SEATROW,SEATNUMBER,ZONE,THEATREID) values ('D',20,'General',2);
Insert into SEAT (SEATROW,SEATNUMBER,ZONE,THEATREID) values ('E',1,'General',2);
Insert into SEAT (SEATROW,SEATNUMBER,ZONE,THEATREID) values ('E',2,'General',2);
Insert into SEAT (SEATROW,SEATNUMBER,ZONE,THEATREID) values ('E',3,'General',2);
Insert into SEAT (SEATROW,SEATNUMBER,ZONE,THEATREID) values ('E',4,'General',2);
Insert into SEAT (SEATROW,SEATNUMBER,ZONE,THEATREID) values ('E',5,'General',2);
Insert into SEAT (SEATROW,SEATNUMBER,ZONE,THEATREID) values ('E',6,'General',2);
Insert into SEAT (SEATROW,SEATNUMBER,ZONE,THEATREID) values ('E',7,'General',2);
Insert into SEAT (SEATROW,SEATNUMBER,ZONE,THEATREID) values ('E',8,'General',2);
Insert into SEAT (SEATROW,SEATNUMBER,ZONE,THEATREID) values ('E',9,'General',2);
Insert into SEAT (SEATROW,SEATNUMBER,ZONE,THEATREID) values ('E',10,'General',2);
Insert into SEAT (SEATROW,SEATNUMBER,ZONE,THEATREID) values ('E',11,'General',2);
Insert into SEAT (SEATROW,SEATNUMBER,ZONE,THEATREID) values ('E',12,'General',2);
Insert into SEAT (SEATROW,SEATNUMBER,ZONE,THEATREID) values ('E',13,'General',2);
Insert into SEAT (SEATROW,SEATNUMBER,ZONE,THEATREID) values ('E',14,'General',2);
Insert into SEAT (SEATROW,SEATNUMBER,ZONE,THEATREID) values ('E',15,'General',2);
Insert into SEAT (SEATROW,SEATNUMBER,ZONE,THEATREID) values ('E',16,'General',2);
Insert into SEAT (SEATROW,SEATNUMBER,ZONE,THEATREID) values ('E',17,'General',2);
Insert into SEAT (SEATROW,SEATNUMBER,ZONE,THEATREID) values ('E',18,'General',2);
Insert into SEAT (SEATROW,SEATNUMBER,ZONE,THEATREID) values ('E',19,'General',2);
Insert into SEAT (SEATROW,SEATNUMBER,ZONE,THEATREID) values ('E',20,'General',2);
Insert into SEAT (SEATROW,SEATNUMBER,ZONE,THEATREID) values ('F',1,'General',2);
Insert into SEAT (SEATROW,SEATNUMBER,ZONE,THEATREID) values ('F',2,'General',2);
Insert into SEAT (SEATROW,SEATNUMBER,ZONE,THEATREID) values ('F',3,'General',2);
Insert into SEAT (SEATROW,SEATNUMBER,ZONE,THEATREID) values ('F',4,'General',2);
Insert into SEAT (SEATROW,SEATNUMBER,ZONE,THEATREID) values ('F',5,'General',2);
Insert into SEAT (SEATROW,SEATNUMBER,ZONE,THEATREID) values ('F',6,'General',2);
Insert into SEAT (SEATROW,SEATNUMBER,ZONE,THEATREID) values ('F',7,'General',2);
Insert into SEAT (SEATROW,SEATNUMBER,ZONE,THEATREID) values ('F',8,'General',2);
Insert into SEAT (SEATROW,SEATNUMBER,ZONE,THEATREID) values ('F',9,'General',2);
Insert into SEAT (SEATROW,SEATNUMBER,ZONE,THEATREID) values ('F',10,'General',2);
Insert into SEAT (SEATROW,SEATNUMBER,ZONE,THEATREID) values ('F',11,'General',2);
Insert into SEAT (SEATROW,SEATNUMBER,ZONE,THEATREID) values ('F',12,'General',2);
Insert into SEAT (SEATROW,SEATNUMBER,ZONE,THEATREID) values ('F',13,'General',2);
Insert into SEAT (SEATROW,SEATNUMBER,ZONE,THEATREID) values ('F',14,'General',2);
Insert into SEAT (SEATROW,SEATNUMBER,ZONE,THEATREID) values ('F',15,'General',2);
Insert into SEAT (SEATROW,SEATNUMBER,ZONE,THEATREID) values ('F',16,'General',2);
Insert into SEAT (SEATROW,SEATNUMBER,ZONE,THEATREID) values ('F',17,'General',2);
Insert into SEAT (SEATROW,SEATNUMBER,ZONE,THEATREID) values ('F',18,'General',2);
Insert into SEAT (SEATROW,SEATNUMBER,ZONE,THEATREID) values ('F',19,'General',2);
Insert into SEAT (SEATROW,SEATNUMBER,ZONE,THEATREID) values ('F',20,'General',2);
Insert into SEAT (SEATROW,SEATNUMBER,ZONE,THEATREID) values ('G',1,'General',2);
Insert into SEAT (SEATROW,SEATNUMBER,ZONE,THEATREID) values ('G',2,'General',2);
Insert into SEAT (SEATROW,SEATNUMBER,ZONE,THEATREID) values ('G',3,'General',2);
Insert into SEAT (SEATROW,SEATNUMBER,ZONE,THEATREID) values ('G',4,'General',2);
Insert into SEAT (SEATROW,SEATNUMBER,ZONE,THEATREID) values ('G',5,'General',2);
Insert into SEAT (SEATROW,SEATNUMBER,ZONE,THEATREID) values ('G',6,'General',2);
Insert into SEAT (SEATROW,SEATNUMBER,ZONE,THEATREID) values ('G',7,'General',2);
Insert into SEAT (SEATROW,SEATNUMBER,ZONE,THEATREID) values ('G',8,'General',2);
Insert into SEAT (SEATROW,SEATNUMBER,ZONE,THEATREID) values ('G',9,'General',2);
Insert into SEAT (SEATROW,SEATNUMBER,ZONE,THEATREID) values ('G',10,'General',2);
Insert into SEAT (SEATROW,SEATNUMBER,ZONE,THEATREID) values ('G',11,'General',2);
Insert into SEAT (SEATROW,SEATNUMBER,ZONE,THEATREID) values ('G',12,'General',2);
Insert into SEAT (SEATROW,SEATNUMBER,ZONE,THEATREID) values ('G',13,'General',2);
Insert into SEAT (SEATROW,SEATNUMBER,ZONE,THEATREID) values ('G',14,'General',2);
Insert into SEAT (SEATROW,SEATNUMBER,ZONE,THEATREID) values ('G',15,'General',2);
Insert into SEAT (SEATROW,SEATNUMBER,ZONE,THEATREID) values ('G',16,'General',2);
Insert into SEAT (SEATROW,SEATNUMBER,ZONE,THEATREID) values ('G',17,'General',2);
Insert into SEAT (SEATROW,SEATNUMBER,ZONE,THEATREID) values ('G',18,'General',2);
Insert into SEAT (SEATROW,SEATNUMBER,ZONE,THEATREID) values ('G',19,'General',2);
Insert into SEAT (SEATROW,SEATNUMBER,ZONE,THEATREID) values ('G',20,'General',2);
Insert into SEAT (SEATROW,SEATNUMBER,ZONE,THEATREID) values ('H',1,'General',2);
Insert into SEAT (SEATROW,SEATNUMBER,ZONE,THEATREID) values ('H',2,'General',2);
Insert into SEAT (SEATROW,SEATNUMBER,ZONE,THEATREID) values ('H',3,'General',2);
Insert into SEAT (SEATROW,SEATNUMBER,ZONE,THEATREID) values ('H',4,'General',2);
Insert into SEAT (SEATROW,SEATNUMBER,ZONE,THEATREID) values ('H',5,'General',2);
Insert into SEAT (SEATROW,SEATNUMBER,ZONE,THEATREID) values ('H',6,'General',2);
Insert into SEAT (SEATROW,SEATNUMBER,ZONE,THEATREID) values ('H',7,'General',2);
Insert into SEAT (SEATROW,SEATNUMBER,ZONE,THEATREID) values ('H',8,'General',2);
Insert into SEAT (SEATROW,SEATNUMBER,ZONE,THEATREID) values ('H',9,'General',2);
Insert into SEAT (SEATROW,SEATNUMBER,ZONE,THEATREID) values ('H',10,'General',2);
Insert into SEAT (SEATROW,SEATNUMBER,ZONE,THEATREID) values ('H',11,'General',2);
Insert into SEAT (SEATROW,SEATNUMBER,ZONE,THEATREID) values ('H',12,'General',2);
Insert into SEAT (SEATROW,SEATNUMBER,ZONE,THEATREID) values ('H',13,'General',2);
Insert into SEAT (SEATROW,SEATNUMBER,ZONE,THEATREID) values ('H',14,'General',2);
Insert into SEAT (SEATROW,SEATNUMBER,ZONE,THEATREID) values ('H',15,'General',2);
Insert into SEAT (SEATROW,SEATNUMBER,ZONE,THEATREID) values ('H',16,'General',2);
Insert into SEAT (SEATROW,SEATNUMBER,ZONE,THEATREID) values ('H',17,'General',2);
Insert into SEAT (SEATROW,SEATNUMBER,ZONE,THEATREID) values ('H',18,'General',2);
Insert into SEAT (SEATROW,SEATNUMBER,ZONE,THEATREID) values ('H',19,'General',2);
Insert into SEAT (SEATROW,SEATNUMBER,ZONE,THEATREID) values ('H',20,'General',2);
commit;
Insert into SEAT (SEATROW,SEATNUMBER,ZONE,THEATREID) values ('I',1,'General',2);
Insert into SEAT (SEATROW,SEATNUMBER,ZONE,THEATREID) values ('I',2,'General',2);
Insert into SEAT (SEATROW,SEATNUMBER,ZONE,THEATREID) values ('I',3,'General',2);
Insert into SEAT (SEATROW,SEATNUMBER,ZONE,THEATREID) values ('I',4,'General',2);
Insert into SEAT (SEATROW,SEATNUMBER,ZONE,THEATREID) values ('I',5,'General',2);
Insert into SEAT (SEATROW,SEATNUMBER,ZONE,THEATREID) values ('I',6,'General',2);
Insert into SEAT (SEATROW,SEATNUMBER,ZONE,THEATREID) values ('I',7,'General',2);
Insert into SEAT (SEATROW,SEATNUMBER,ZONE,THEATREID) values ('I',8,'General',2);
Insert into SEAT (SEATROW,SEATNUMBER,ZONE,THEATREID) values ('I',9,'General',2);
Insert into SEAT (SEATROW,SEATNUMBER,ZONE,THEATREID) values ('I',10,'General',2);
Insert into SEAT (SEATROW,SEATNUMBER,ZONE,THEATREID) values ('I',11,'General',2);
Insert into SEAT (SEATROW,SEATNUMBER,ZONE,THEATREID) values ('I',12,'General',2);
Insert into SEAT (SEATROW,SEATNUMBER,ZONE,THEATREID) values ('I',13,'General',2);
Insert into SEAT (SEATROW,SEATNUMBER,ZONE,THEATREID) values ('I',14,'General',2);
Insert into SEAT (SEATROW,SEATNUMBER,ZONE,THEATREID) values ('I',15,'General',2);
Insert into SEAT (SEATROW,SEATNUMBER,ZONE,THEATREID) values ('I',16,'General',2);
Insert into SEAT (SEATROW,SEATNUMBER,ZONE,THEATREID) values ('I',17,'General',2);
Insert into SEAT (SEATROW,SEATNUMBER,ZONE,THEATREID) values ('I',18,'General',2);
Insert into SEAT (SEATROW,SEATNUMBER,ZONE,THEATREID) values ('I',19,'General',2);
Insert into SEAT (SEATROW,SEATNUMBER,ZONE,THEATREID) values ('I',20,'General',2);
Insert into SEAT (SEATROW,SEATNUMBER,ZONE,THEATREID) values ('J',1,'General',2);
Insert into SEAT (SEATROW,SEATNUMBER,ZONE,THEATREID) values ('J',2,'General',2);
Insert into SEAT (SEATROW,SEATNUMBER,ZONE,THEATREID) values ('J',3,'General',2);
Insert into SEAT (SEATROW,SEATNUMBER,ZONE,THEATREID) values ('J',4,'General',2);
Insert into SEAT (SEATROW,SEATNUMBER,ZONE,THEATREID) values ('J',5,'General',2);
Insert into SEAT (SEATROW,SEATNUMBER,ZONE,THEATREID) values ('J',6,'General',2);
Insert into SEAT (SEATROW,SEATNUMBER,ZONE,THEATREID) values ('J',7,'General',2);
Insert into SEAT (SEATROW,SEATNUMBER,ZONE,THEATREID) values ('J',8,'General',2);
Insert into SEAT (SEATROW,SEATNUMBER,ZONE,THEATREID) values ('J',9,'General',2);
Insert into SEAT (SEATROW,SEATNUMBER,ZONE,THEATREID) values ('J',10,'General',2);
Insert into SEAT (SEATROW,SEATNUMBER,ZONE,THEATREID) values ('J',11,'General',2);
Insert into SEAT (SEATROW,SEATNUMBER,ZONE,THEATREID) values ('J',12,'General',2);
Insert into SEAT (SEATROW,SEATNUMBER,ZONE,THEATREID) values ('J',13,'General',2);
Insert into SEAT (SEATROW,SEATNUMBER,ZONE,THEATREID) values ('J',14,'General',2);
Insert into SEAT (SEATROW,SEATNUMBER,ZONE,THEATREID) values ('J',15,'General',2);
Insert into SEAT (SEATROW,SEATNUMBER,ZONE,THEATREID) values ('J',16,'General',2);
Insert into SEAT (SEATROW,SEATNUMBER,ZONE,THEATREID) values ('J',17,'General',2);
Insert into SEAT (SEATROW,SEATNUMBER,ZONE,THEATREID) values ('J',18,'General',2);
Insert into SEAT (SEATROW,SEATNUMBER,ZONE,THEATREID) values ('J',19,'General',2);
Insert into SEAT (SEATROW,SEATNUMBER,ZONE,THEATREID) values ('J',20,'General',2);
Insert into SEAT (SEATROW,SEATNUMBER,ZONE,THEATREID) values ('K',1,'General',2);
Insert into SEAT (SEATROW,SEATNUMBER,ZONE,THEATREID) values ('K',2,'General',2);
Insert into SEAT (SEATROW,SEATNUMBER,ZONE,THEATREID) values ('K',3,'General',2);
Insert into SEAT (SEATROW,SEATNUMBER,ZONE,THEATREID) values ('K',4,'General',2);
Insert into SEAT (SEATROW,SEATNUMBER,ZONE,THEATREID) values ('K',5,'General',2);
Insert into SEAT (SEATROW,SEATNUMBER,ZONE,THEATREID) values ('K',6,'General',2);
Insert into SEAT (SEATROW,SEATNUMBER,ZONE,THEATREID) values ('K',7,'General',2);
Insert into SEAT (SEATROW,SEATNUMBER,ZONE,THEATREID) values ('K',8,'General',2);
Insert into SEAT (SEATROW,SEATNUMBER,ZONE,THEATREID) values ('K',9,'General',2);
Insert into SEAT (SEATROW,SEATNUMBER,ZONE,THEATREID) values ('K',10,'General',2);
Insert into SEAT (SEATROW,SEATNUMBER,ZONE,THEATREID) values ('K',11,'General',2);
Insert into SEAT (SEATROW,SEATNUMBER,ZONE,THEATREID) values ('K',12,'General',2);
Insert into SEAT (SEATROW,SEATNUMBER,ZONE,THEATREID) values ('K',13,'General',2);
Insert into SEAT (SEATROW,SEATNUMBER,ZONE,THEATREID) values ('K',14,'General',2);
Insert into SEAT (SEATROW,SEATNUMBER,ZONE,THEATREID) values ('K',15,'General',2);
Insert into SEAT (SEATROW,SEATNUMBER,ZONE,THEATREID) values ('K',16,'General',2);
Insert into SEAT (SEATROW,SEATNUMBER,ZONE,THEATREID) values ('K',17,'General',2);
Insert into SEAT (SEATROW,SEATNUMBER,ZONE,THEATREID) values ('K',18,'General',2);
Insert into SEAT (SEATROW,SEATNUMBER,ZONE,THEATREID) values ('K',19,'General',2);
Insert into SEAT (SEATROW,SEATNUMBER,ZONE,THEATREID) values ('K',20,'General',2);
Insert into SEAT (SEATROW,SEATNUMBER,ZONE,THEATREID) values ('L',1,'General',2);
Insert into SEAT (SEATROW,SEATNUMBER,ZONE,THEATREID) values ('L',2,'General',2);
Insert into SEAT (SEATROW,SEATNUMBER,ZONE,THEATREID) values ('L',3,'General',2);
Insert into SEAT (SEATROW,SEATNUMBER,ZONE,THEATREID) values ('L',4,'General',2);
Insert into SEAT (SEATROW,SEATNUMBER,ZONE,THEATREID) values ('L',5,'General',2);
Insert into SEAT (SEATROW,SEATNUMBER,ZONE,THEATREID) values ('L',6,'General',2);
Insert into SEAT (SEATROW,SEATNUMBER,ZONE,THEATREID) values ('L',7,'General',2);
Insert into SEAT (SEATROW,SEATNUMBER,ZONE,THEATREID) values ('L',8,'General',2);
Insert into SEAT (SEATROW,SEATNUMBER,ZONE,THEATREID) values ('L',9,'General',2);
Insert into SEAT (SEATROW,SEATNUMBER,ZONE,THEATREID) values ('L',10,'General',2);
Insert into SEAT (SEATROW,SEATNUMBER,ZONE,THEATREID) values ('L',11,'General',2);
Insert into SEAT (SEATROW,SEATNUMBER,ZONE,THEATREID) values ('L',12,'General',2);
Insert into SEAT (SEATROW,SEATNUMBER,ZONE,THEATREID) values ('L',13,'General',2);
Insert into SEAT (SEATROW,SEATNUMBER,ZONE,THEATREID) values ('L',14,'General',2);
Insert into SEAT (SEATROW,SEATNUMBER,ZONE,THEATREID) values ('L',15,'General',2);
Insert into SEAT (SEATROW,SEATNUMBER,ZONE,THEATREID) values ('L',16,'General',2);
Insert into SEAT (SEATROW,SEATNUMBER,ZONE,THEATREID) values ('L',17,'General',2);
Insert into SEAT (SEATROW,SEATNUMBER,ZONE,THEATREID) values ('L',18,'General',2);
Insert into SEAT (SEATROW,SEATNUMBER,ZONE,THEATREID) values ('L',19,'General',2);
Insert into SEAT (SEATROW,SEATNUMBER,ZONE,THEATREID) values ('L',20,'General',2);
Insert into SEAT (SEATROW,SEATNUMBER,ZONE,THEATREID) values ('A',1,'General',3);
Insert into SEAT (SEATROW,SEATNUMBER,ZONE,THEATREID) values ('A',2,'General',3);
Insert into SEAT (SEATROW,SEATNUMBER,ZONE,THEATREID) values ('A',3,'General',3);
Insert into SEAT (SEATROW,SEATNUMBER,ZONE,THEATREID) values ('A',4,'General',3);
Insert into SEAT (SEATROW,SEATNUMBER,ZONE,THEATREID) values ('A',5,'General',3);
Insert into SEAT (SEATROW,SEATNUMBER,ZONE,THEATREID) values ('A',6,'General',3);
Insert into SEAT (SEATROW,SEATNUMBER,ZONE,THEATREID) values ('A',7,'General',3);
Insert into SEAT (SEATROW,SEATNUMBER,ZONE,THEATREID) values ('A',8,'General',3);
Insert into SEAT (SEATROW,SEATNUMBER,ZONE,THEATREID) values ('A',9,'General',3);
Insert into SEAT (SEATROW,SEATNUMBER,ZONE,THEATREID) values ('A',10,'General',3);
Insert into SEAT (SEATROW,SEATNUMBER,ZONE,THEATREID) values ('A',11,'General',3);
Insert into SEAT (SEATROW,SEATNUMBER,ZONE,THEATREID) values ('A',12,'General',3);
Insert into SEAT (SEATROW,SEATNUMBER,ZONE,THEATREID) values ('A',13,'General',3);
Insert into SEAT (SEATROW,SEATNUMBER,ZONE,THEATREID) values ('A',14,'General',3);
Insert into SEAT (SEATROW,SEATNUMBER,ZONE,THEATREID) values ('A',15,'General',3);
Insert into SEAT (SEATROW,SEATNUMBER,ZONE,THEATREID) values ('A',16,'General',3);
Insert into SEAT (SEATROW,SEATNUMBER,ZONE,THEATREID) values ('A',17,'General',3);
Insert into SEAT (SEATROW,SEATNUMBER,ZONE,THEATREID) values ('A',18,'General',3);
Insert into SEAT (SEATROW,SEATNUMBER,ZONE,THEATREID) values ('A',19,'General',3);
Insert into SEAT (SEATROW,SEATNUMBER,ZONE,THEATREID) values ('A',20,'General',3);
commit;
Insert into SEAT (SEATROW,SEATNUMBER,ZONE,THEATREID) values ('B',1,'General',3);
Insert into SEAT (SEATROW,SEATNUMBER,ZONE,THEATREID) values ('B',2,'General',3);
Insert into SEAT (SEATROW,SEATNUMBER,ZONE,THEATREID) values ('B',3,'General',3);
Insert into SEAT (SEATROW,SEATNUMBER,ZONE,THEATREID) values ('B',4,'General',3);
Insert into SEAT (SEATROW,SEATNUMBER,ZONE,THEATREID) values ('B',5,'General',3);
Insert into SEAT (SEATROW,SEATNUMBER,ZONE,THEATREID) values ('B',6,'General',3);
Insert into SEAT (SEATROW,SEATNUMBER,ZONE,THEATREID) values ('B',7,'General',3);
Insert into SEAT (SEATROW,SEATNUMBER,ZONE,THEATREID) values ('B',8,'General',3);
Insert into SEAT (SEATROW,SEATNUMBER,ZONE,THEATREID) values ('B',9,'General',3);
Insert into SEAT (SEATROW,SEATNUMBER,ZONE,THEATREID) values ('B',10,'General',3);
Insert into SEAT (SEATROW,SEATNUMBER,ZONE,THEATREID) values ('B',11,'General',3);
Insert into SEAT (SEATROW,SEATNUMBER,ZONE,THEATREID) values ('B',12,'General',3);
Insert into SEAT (SEATROW,SEATNUMBER,ZONE,THEATREID) values ('B',13,'General',3);
Insert into SEAT (SEATROW,SEATNUMBER,ZONE,THEATREID) values ('B',14,'General',3);
Insert into SEAT (SEATROW,SEATNUMBER,ZONE,THEATREID) values ('B',15,'General',3);
Insert into SEAT (SEATROW,SEATNUMBER,ZONE,THEATREID) values ('B',16,'General',3);
Insert into SEAT (SEATROW,SEATNUMBER,ZONE,THEATREID) values ('B',17,'General',3);
Insert into SEAT (SEATROW,SEATNUMBER,ZONE,THEATREID) values ('B',18,'General',3);
Insert into SEAT (SEATROW,SEATNUMBER,ZONE,THEATREID) values ('B',19,'General',3);
Insert into SEAT (SEATROW,SEATNUMBER,ZONE,THEATREID) values ('B',20,'General',3);
Insert into SEAT (SEATROW,SEATNUMBER,ZONE,THEATREID) values ('C',1,'General',3);
Insert into SEAT (SEATROW,SEATNUMBER,ZONE,THEATREID) values ('C',2,'General',3);
Insert into SEAT (SEATROW,SEATNUMBER,ZONE,THEATREID) values ('C',3,'General',3);
Insert into SEAT (SEATROW,SEATNUMBER,ZONE,THEATREID) values ('C',4,'General',3);
Insert into SEAT (SEATROW,SEATNUMBER,ZONE,THEATREID) values ('C',5,'General',3);
Insert into SEAT (SEATROW,SEATNUMBER,ZONE,THEATREID) values ('C',6,'General',3);
Insert into SEAT (SEATROW,SEATNUMBER,ZONE,THEATREID) values ('C',7,'General',3);
Insert into SEAT (SEATROW,SEATNUMBER,ZONE,THEATREID) values ('C',8,'General',3);
Insert into SEAT (SEATROW,SEATNUMBER,ZONE,THEATREID) values ('C',9,'General',3);
Insert into SEAT (SEATROW,SEATNUMBER,ZONE,THEATREID) values ('C',10,'General',3);
Insert into SEAT (SEATROW,SEATNUMBER,ZONE,THEATREID) values ('C',11,'General',3);
Insert into SEAT (SEATROW,SEATNUMBER,ZONE,THEATREID) values ('C',12,'General',3);
Insert into SEAT (SEATROW,SEATNUMBER,ZONE,THEATREID) values ('C',13,'General',3);
Insert into SEAT (SEATROW,SEATNUMBER,ZONE,THEATREID) values ('C',14,'General',3);
Insert into SEAT (SEATROW,SEATNUMBER,ZONE,THEATREID) values ('C',15,'General',3);
Insert into SEAT (SEATROW,SEATNUMBER,ZONE,THEATREID) values ('C',16,'General',3);
Insert into SEAT (SEATROW,SEATNUMBER,ZONE,THEATREID) values ('C',17,'General',3);
Insert into SEAT (SEATROW,SEATNUMBER,ZONE,THEATREID) values ('C',18,'General',3);
Insert into SEAT (SEATROW,SEATNUMBER,ZONE,THEATREID) values ('C',19,'General',3);
Insert into SEAT (SEATROW,SEATNUMBER,ZONE,THEATREID) values ('C',20,'General',3);
Insert into SEAT (SEATROW,SEATNUMBER,ZONE,THEATREID) values ('D',1,'General',3);
Insert into SEAT (SEATROW,SEATNUMBER,ZONE,THEATREID) values ('D',2,'General',3);
Insert into SEAT (SEATROW,SEATNUMBER,ZONE,THEATREID) values ('D',3,'General',3);
Insert into SEAT (SEATROW,SEATNUMBER,ZONE,THEATREID) values ('D',4,'General',3);
Insert into SEAT (SEATROW,SEATNUMBER,ZONE,THEATREID) values ('D',5,'General',3);
Insert into SEAT (SEATROW,SEATNUMBER,ZONE,THEATREID) values ('D',6,'General',3);
Insert into SEAT (SEATROW,SEATNUMBER,ZONE,THEATREID) values ('D',7,'General',3);
Insert into SEAT (SEATROW,SEATNUMBER,ZONE,THEATREID) values ('D',8,'General',3);
Insert into SEAT (SEATROW,SEATNUMBER,ZONE,THEATREID) values ('D',9,'General',3);
Insert into SEAT (SEATROW,SEATNUMBER,ZONE,THEATREID) values ('D',10,'General',3);
Insert into SEAT (SEATROW,SEATNUMBER,ZONE,THEATREID) values ('D',11,'General',3);
Insert into SEAT (SEATROW,SEATNUMBER,ZONE,THEATREID) values ('D',12,'General',3);
Insert into SEAT (SEATROW,SEATNUMBER,ZONE,THEATREID) values ('D',13,'General',3);
Insert into SEAT (SEATROW,SEATNUMBER,ZONE,THEATREID) values ('D',14,'General',3);
Insert into SEAT (SEATROW,SEATNUMBER,ZONE,THEATREID) values ('D',15,'General',3);
Insert into SEAT (SEATROW,SEATNUMBER,ZONE,THEATREID) values ('D',16,'General',3);
Insert into SEAT (SEATROW,SEATNUMBER,ZONE,THEATREID) values ('D',17,'General',3);
Insert into SEAT (SEATROW,SEATNUMBER,ZONE,THEATREID) values ('D',18,'General',3);
Insert into SEAT (SEATROW,SEATNUMBER,ZONE,THEATREID) values ('D',19,'General',3);
Insert into SEAT (SEATROW,SEATNUMBER,ZONE,THEATREID) values ('D',20,'General',3);
Insert into SEAT (SEATROW,SEATNUMBER,ZONE,THEATREID) values ('E',1,'General',3);
Insert into SEAT (SEATROW,SEATNUMBER,ZONE,THEATREID) values ('E',2,'General',3);
Insert into SEAT (SEATROW,SEATNUMBER,ZONE,THEATREID) values ('E',3,'General',3);
Insert into SEAT (SEATROW,SEATNUMBER,ZONE,THEATREID) values ('E',4,'General',3);
Insert into SEAT (SEATROW,SEATNUMBER,ZONE,THEATREID) values ('E',5,'General',3);
Insert into SEAT (SEATROW,SEATNUMBER,ZONE,THEATREID) values ('E',6,'General',3);
Insert into SEAT (SEATROW,SEATNUMBER,ZONE,THEATREID) values ('E',7,'General',3);
Insert into SEAT (SEATROW,SEATNUMBER,ZONE,THEATREID) values ('E',8,'General',3);
Insert into SEAT (SEATROW,SEATNUMBER,ZONE,THEATREID) values ('E',9,'General',3);
Insert into SEAT (SEATROW,SEATNUMBER,ZONE,THEATREID) values ('E',10,'General',3);
Insert into SEAT (SEATROW,SEATNUMBER,ZONE,THEATREID) values ('E',11,'General',3);
Insert into SEAT (SEATROW,SEATNUMBER,ZONE,THEATREID) values ('E',12,'General',3);
Insert into SEAT (SEATROW,SEATNUMBER,ZONE,THEATREID) values ('E',13,'General',3);
Insert into SEAT (SEATROW,SEATNUMBER,ZONE,THEATREID) values ('E',14,'General',3);
Insert into SEAT (SEATROW,SEATNUMBER,ZONE,THEATREID) values ('E',15,'General',3);
Insert into SEAT (SEATROW,SEATNUMBER,ZONE,THEATREID) values ('E',16,'General',3);
Insert into SEAT (SEATROW,SEATNUMBER,ZONE,THEATREID) values ('E',17,'General',3);
Insert into SEAT (SEATROW,SEATNUMBER,ZONE,THEATREID) values ('E',18,'General',3);
Insert into SEAT (SEATROW,SEATNUMBER,ZONE,THEATREID) values ('E',19,'General',3);
Insert into SEAT (SEATROW,SEATNUMBER,ZONE,THEATREID) values ('E',20,'General',3);
Insert into SEAT (SEATROW,SEATNUMBER,ZONE,THEATREID) values ('F',1,'General',3);
Insert into SEAT (SEATROW,SEATNUMBER,ZONE,THEATREID) values ('F',2,'General',3);
Insert into SEAT (SEATROW,SEATNUMBER,ZONE,THEATREID) values ('F',3,'General',3);
Insert into SEAT (SEATROW,SEATNUMBER,ZONE,THEATREID) values ('F',4,'General',3);
Insert into SEAT (SEATROW,SEATNUMBER,ZONE,THEATREID) values ('F',5,'General',3);
Insert into SEAT (SEATROW,SEATNUMBER,ZONE,THEATREID) values ('F',6,'General',3);
Insert into SEAT (SEATROW,SEATNUMBER,ZONE,THEATREID) values ('F',7,'General',3);
Insert into SEAT (SEATROW,SEATNUMBER,ZONE,THEATREID) values ('F',8,'General',3);
Insert into SEAT (SEATROW,SEATNUMBER,ZONE,THEATREID) values ('F',9,'General',3);
Insert into SEAT (SEATROW,SEATNUMBER,ZONE,THEATREID) values ('F',10,'General',3);
Insert into SEAT (SEATROW,SEATNUMBER,ZONE,THEATREID) values ('F',11,'General',3);
Insert into SEAT (SEATROW,SEATNUMBER,ZONE,THEATREID) values ('F',12,'General',3);
Insert into SEAT (SEATROW,SEATNUMBER,ZONE,THEATREID) values ('F',13,'General',3);
Insert into SEAT (SEATROW,SEATNUMBER,ZONE,THEATREID) values ('F',14,'General',3);
Insert into SEAT (SEATROW,SEATNUMBER,ZONE,THEATREID) values ('F',15,'General',3);
Insert into SEAT (SEATROW,SEATNUMBER,ZONE,THEATREID) values ('F',16,'General',3);
Insert into SEAT (SEATROW,SEATNUMBER,ZONE,THEATREID) values ('F',17,'General',3);
Insert into SEAT (SEATROW,SEATNUMBER,ZONE,THEATREID) values ('F',18,'General',3);
Insert into SEAT (SEATROW,SEATNUMBER,ZONE,THEATREID) values ('F',19,'General',3);
Insert into SEAT (SEATROW,SEATNUMBER,ZONE,THEATREID) values ('F',20,'General',3);
commit;
Insert into SEAT (SEATROW,SEATNUMBER,ZONE,THEATREID) values ('G',1,'General',3);
Insert into SEAT (SEATROW,SEATNUMBER,ZONE,THEATREID) values ('G',2,'General',3);
Insert into SEAT (SEATROW,SEATNUMBER,ZONE,THEATREID) values ('G',3,'General',3);
Insert into SEAT (SEATROW,SEATNUMBER,ZONE,THEATREID) values ('G',4,'General',3);
Insert into SEAT (SEATROW,SEATNUMBER,ZONE,THEATREID) values ('G',5,'General',3);
Insert into SEAT (SEATROW,SEATNUMBER,ZONE,THEATREID) values ('G',6,'General',3);
Insert into SEAT (SEATROW,SEATNUMBER,ZONE,THEATREID) values ('G',7,'General',3);
Insert into SEAT (SEATROW,SEATNUMBER,ZONE,THEATREID) values ('G',8,'General',3);
Insert into SEAT (SEATROW,SEATNUMBER,ZONE,THEATREID) values ('G',9,'General',3);
Insert into SEAT (SEATROW,SEATNUMBER,ZONE,THEATREID) values ('G',10,'General',3);
Insert into SEAT (SEATROW,SEATNUMBER,ZONE,THEATREID) values ('G',11,'General',3);
Insert into SEAT (SEATROW,SEATNUMBER,ZONE,THEATREID) values ('G',12,'General',3);
Insert into SEAT (SEATROW,SEATNUMBER,ZONE,THEATREID) values ('G',13,'General',3);
Insert into SEAT (SEATROW,SEATNUMBER,ZONE,THEATREID) values ('G',14,'General',3);
Insert into SEAT (SEATROW,SEATNUMBER,ZONE,THEATREID) values ('G',15,'General',3);
Insert into SEAT (SEATROW,SEATNUMBER,ZONE,THEATREID) values ('G',16,'General',3);
Insert into SEAT (SEATROW,SEATNUMBER,ZONE,THEATREID) values ('G',17,'General',3);
Insert into SEAT (SEATROW,SEATNUMBER,ZONE,THEATREID) values ('G',18,'General',3);
Insert into SEAT (SEATROW,SEATNUMBER,ZONE,THEATREID) values ('G',19,'General',3);
Insert into SEAT (SEATROW,SEATNUMBER,ZONE,THEATREID) values ('G',20,'General',3);
Insert into SEAT (SEATROW,SEATNUMBER,ZONE,THEATREID) values ('H',1,'General',3);
Insert into SEAT (SEATROW,SEATNUMBER,ZONE,THEATREID) values ('H',2,'General',3);
Insert into SEAT (SEATROW,SEATNUMBER,ZONE,THEATREID) values ('H',3,'General',3);
Insert into SEAT (SEATROW,SEATNUMBER,ZONE,THEATREID) values ('H',4,'General',3);
Insert into SEAT (SEATROW,SEATNUMBER,ZONE,THEATREID) values ('H',5,'General',3);
Insert into SEAT (SEATROW,SEATNUMBER,ZONE,THEATREID) values ('H',6,'General',3);
Insert into SEAT (SEATROW,SEATNUMBER,ZONE,THEATREID) values ('H',7,'General',3);
Insert into SEAT (SEATROW,SEATNUMBER,ZONE,THEATREID) values ('H',8,'General',3);
Insert into SEAT (SEATROW,SEATNUMBER,ZONE,THEATREID) values ('H',9,'General',3);
Insert into SEAT (SEATROW,SEATNUMBER,ZONE,THEATREID) values ('H',10,'General',3);
Insert into SEAT (SEATROW,SEATNUMBER,ZONE,THEATREID) values ('H',11,'General',3);
Insert into SEAT (SEATROW,SEATNUMBER,ZONE,THEATREID) values ('H',12,'General',3);
Insert into SEAT (SEATROW,SEATNUMBER,ZONE,THEATREID) values ('H',13,'General',3);
Insert into SEAT (SEATROW,SEATNUMBER,ZONE,THEATREID) values ('H',14,'General',3);
Insert into SEAT (SEATROW,SEATNUMBER,ZONE,THEATREID) values ('H',15,'General',3);
Insert into SEAT (SEATROW,SEATNUMBER,ZONE,THEATREID) values ('H',16,'General',3);
Insert into SEAT (SEATROW,SEATNUMBER,ZONE,THEATREID) values ('H',17,'General',3);
Insert into SEAT (SEATROW,SEATNUMBER,ZONE,THEATREID) values ('H',18,'General',3);
Insert into SEAT (SEATROW,SEATNUMBER,ZONE,THEATREID) values ('H',19,'General',3);
Insert into SEAT (SEATROW,SEATNUMBER,ZONE,THEATREID) values ('H',20,'General',3);
Insert into SEAT (SEATROW,SEATNUMBER,ZONE,THEATREID) values ('I',1,'General',3);
Insert into SEAT (SEATROW,SEATNUMBER,ZONE,THEATREID) values ('I',2,'General',3);
Insert into SEAT (SEATROW,SEATNUMBER,ZONE,THEATREID) values ('I',3,'General',3);
Insert into SEAT (SEATROW,SEATNUMBER,ZONE,THEATREID) values ('I',4,'General',3);
Insert into SEAT (SEATROW,SEATNUMBER,ZONE,THEATREID) values ('I',5,'General',3);
Insert into SEAT (SEATROW,SEATNUMBER,ZONE,THEATREID) values ('I',6,'General',3);
Insert into SEAT (SEATROW,SEATNUMBER,ZONE,THEATREID) values ('I',7,'General',3);
Insert into SEAT (SEATROW,SEATNUMBER,ZONE,THEATREID) values ('I',8,'General',3);
Insert into SEAT (SEATROW,SEATNUMBER,ZONE,THEATREID) values ('I',9,'General',3);
Insert into SEAT (SEATROW,SEATNUMBER,ZONE,THEATREID) values ('I',10,'General',3);
Insert into SEAT (SEATROW,SEATNUMBER,ZONE,THEATREID) values ('I',11,'General',3);
Insert into SEAT (SEATROW,SEATNUMBER,ZONE,THEATREID) values ('I',12,'General',3);
Insert into SEAT (SEATROW,SEATNUMBER,ZONE,THEATREID) values ('I',13,'General',3);
Insert into SEAT (SEATROW,SEATNUMBER,ZONE,THEATREID) values ('I',14,'General',3);
Insert into SEAT (SEATROW,SEATNUMBER,ZONE,THEATREID) values ('I',15,'General',3);
Insert into SEAT (SEATROW,SEATNUMBER,ZONE,THEATREID) values ('I',16,'General',3);
Insert into SEAT (SEATROW,SEATNUMBER,ZONE,THEATREID) values ('I',17,'General',3);
Insert into SEAT (SEATROW,SEATNUMBER,ZONE,THEATREID) values ('I',18,'General',3);
Insert into SEAT (SEATROW,SEATNUMBER,ZONE,THEATREID) values ('I',19,'General',3);
Insert into SEAT (SEATROW,SEATNUMBER,ZONE,THEATREID) values ('I',20,'General',3);
Insert into SEAT (SEATROW,SEATNUMBER,ZONE,THEATREID) values ('J',1,'General',3);
Insert into SEAT (SEATROW,SEATNUMBER,ZONE,THEATREID) values ('J',2,'General',3);
Insert into SEAT (SEATROW,SEATNUMBER,ZONE,THEATREID) values ('J',3,'General',3);
Insert into SEAT (SEATROW,SEATNUMBER,ZONE,THEATREID) values ('J',4,'General',3);
Insert into SEAT (SEATROW,SEATNUMBER,ZONE,THEATREID) values ('J',5,'General',3);
Insert into SEAT (SEATROW,SEATNUMBER,ZONE,THEATREID) values ('J',6,'General',3);
Insert into SEAT (SEATROW,SEATNUMBER,ZONE,THEATREID) values ('J',7,'General',3);
Insert into SEAT (SEATROW,SEATNUMBER,ZONE,THEATREID) values ('J',8,'General',3);
Insert into SEAT (SEATROW,SEATNUMBER,ZONE,THEATREID) values ('J',9,'General',3);
Insert into SEAT (SEATROW,SEATNUMBER,ZONE,THEATREID) values ('J',10,'General',3);
Insert into SEAT (SEATROW,SEATNUMBER,ZONE,THEATREID) values ('J',11,'General',3);
Insert into SEAT (SEATROW,SEATNUMBER,ZONE,THEATREID) values ('J',12,'General',3);
Insert into SEAT (SEATROW,SEATNUMBER,ZONE,THEATREID) values ('J',13,'General',3);
Insert into SEAT (SEATROW,SEATNUMBER,ZONE,THEATREID) values ('J',14,'General',3);
Insert into SEAT (SEATROW,SEATNUMBER,ZONE,THEATREID) values ('J',15,'General',3);
Insert into SEAT (SEATROW,SEATNUMBER,ZONE,THEATREID) values ('J',16,'General',3);
Insert into SEAT (SEATROW,SEATNUMBER,ZONE,THEATREID) values ('J',17,'General',3);
Insert into SEAT (SEATROW,SEATNUMBER,ZONE,THEATREID) values ('J',18,'General',3);
Insert into SEAT (SEATROW,SEATNUMBER,ZONE,THEATREID) values ('J',19,'General',3);
Insert into SEAT (SEATROW,SEATNUMBER,ZONE,THEATREID) values ('J',20,'General',3);
Insert into SEAT (SEATROW,SEATNUMBER,ZONE,THEATREID) values ('K',1,'General',3);
Insert into SEAT (SEATROW,SEATNUMBER,ZONE,THEATREID) values ('K',2,'General',3);
Insert into SEAT (SEATROW,SEATNUMBER,ZONE,THEATREID) values ('K',3,'General',3);
Insert into SEAT (SEATROW,SEATNUMBER,ZONE,THEATREID) values ('K',4,'General',3);
Insert into SEAT (SEATROW,SEATNUMBER,ZONE,THEATREID) values ('K',5,'General',3);
Insert into SEAT (SEATROW,SEATNUMBER,ZONE,THEATREID) values ('K',6,'General',3);
Insert into SEAT (SEATROW,SEATNUMBER,ZONE,THEATREID) values ('K',7,'General',3);
Insert into SEAT (SEATROW,SEATNUMBER,ZONE,THEATREID) values ('K',8,'General',3);
Insert into SEAT (SEATROW,SEATNUMBER,ZONE,THEATREID) values ('K',9,'General',3);
Insert into SEAT (SEATROW,SEATNUMBER,ZONE,THEATREID) values ('K',10,'General',3);
Insert into SEAT (SEATROW,SEATNUMBER,ZONE,THEATREID) values ('K',11,'General',3);
Insert into SEAT (SEATROW,SEATNUMBER,ZONE,THEATREID) values ('K',12,'General',3);
Insert into SEAT (SEATROW,SEATNUMBER,ZONE,THEATREID) values ('K',13,'General',3);
Insert into SEAT (SEATROW,SEATNUMBER,ZONE,THEATREID) values ('K',14,'General',3);
Insert into SEAT (SEATROW,SEATNUMBER,ZONE,THEATREID) values ('K',15,'General',3);
Insert into SEAT (SEATROW,SEATNUMBER,ZONE,THEATREID) values ('K',16,'General',3);
Insert into SEAT (SEATROW,SEATNUMBER,ZONE,THEATREID) values ('K',17,'General',3);
Insert into SEAT (SEATROW,SEATNUMBER,ZONE,THEATREID) values ('K',18,'General',3);
Insert into SEAT (SEATROW,SEATNUMBER,ZONE,THEATREID) values ('K',19,'General',3);
Insert into SEAT (SEATROW,SEATNUMBER,ZONE,THEATREID) values ('K',20,'General',3);
commit;
Insert into SEAT (SEATROW,SEATNUMBER,ZONE,THEATREID) values ('L',1,'General',3);
Insert into SEAT (SEATROW,SEATNUMBER,ZONE,THEATREID) values ('L',2,'General',3);
Insert into SEAT (SEATROW,SEATNUMBER,ZONE,THEATREID) values ('L',3,'General',3);
Insert into SEAT (SEATROW,SEATNUMBER,ZONE,THEATREID) values ('L',4,'General',3);
Insert into SEAT (SEATROW,SEATNUMBER,ZONE,THEATREID) values ('L',5,'General',3);
Insert into SEAT (SEATROW,SEATNUMBER,ZONE,THEATREID) values ('L',6,'General',3);
Insert into SEAT (SEATROW,SEATNUMBER,ZONE,THEATREID) values ('L',7,'General',3);
Insert into SEAT (SEATROW,SEATNUMBER,ZONE,THEATREID) values ('L',8,'General',3);
Insert into SEAT (SEATROW,SEATNUMBER,ZONE,THEATREID) values ('L',9,'General',3);
Insert into SEAT (SEATROW,SEATNUMBER,ZONE,THEATREID) values ('L',10,'General',3);
Insert into SEAT (SEATROW,SEATNUMBER,ZONE,THEATREID) values ('L',11,'General',3);
Insert into SEAT (SEATROW,SEATNUMBER,ZONE,THEATREID) values ('L',12,'General',3);
Insert into SEAT (SEATROW,SEATNUMBER,ZONE,THEATREID) values ('L',13,'General',3);
Insert into SEAT (SEATROW,SEATNUMBER,ZONE,THEATREID) values ('L',14,'General',3);
Insert into SEAT (SEATROW,SEATNUMBER,ZONE,THEATREID) values ('L',15,'General',3);
Insert into SEAT (SEATROW,SEATNUMBER,ZONE,THEATREID) values ('L',16,'General',3);
Insert into SEAT (SEATROW,SEATNUMBER,ZONE,THEATREID) values ('L',17,'General',3);
Insert into SEAT (SEATROW,SEATNUMBER,ZONE,THEATREID) values ('L',18,'General',3);
Insert into SEAT (SEATROW,SEATNUMBER,ZONE,THEATREID) values ('L',19,'General',3);
Insert into SEAT (SEATROW,SEATNUMBER,ZONE,THEATREID) values ('L',20,'General',3);
Insert into SEAT (SEATROW,SEATNUMBER,ZONE,THEATREID) values ('A',1,'General',4);
Insert into SEAT (SEATROW,SEATNUMBER,ZONE,THEATREID) values ('A',2,'General',4);
Insert into SEAT (SEATROW,SEATNUMBER,ZONE,THEATREID) values ('A',3,'General',4);
Insert into SEAT (SEATROW,SEATNUMBER,ZONE,THEATREID) values ('A',4,'General',4);
Insert into SEAT (SEATROW,SEATNUMBER,ZONE,THEATREID) values ('A',5,'General',4);
Insert into SEAT (SEATROW,SEATNUMBER,ZONE,THEATREID) values ('A',6,'General',4);
Insert into SEAT (SEATROW,SEATNUMBER,ZONE,THEATREID) values ('A',7,'General',4);
Insert into SEAT (SEATROW,SEATNUMBER,ZONE,THEATREID) values ('A',8,'General',4);
Insert into SEAT (SEATROW,SEATNUMBER,ZONE,THEATREID) values ('A',9,'General',4);
Insert into SEAT (SEATROW,SEATNUMBER,ZONE,THEATREID) values ('A',10,'General',4);
Insert into SEAT (SEATROW,SEATNUMBER,ZONE,THEATREID) values ('A',11,'General',4);
Insert into SEAT (SEATROW,SEATNUMBER,ZONE,THEATREID) values ('A',12,'General',4);
Insert into SEAT (SEATROW,SEATNUMBER,ZONE,THEATREID) values ('A',13,'General',4);
Insert into SEAT (SEATROW,SEATNUMBER,ZONE,THEATREID) values ('A',14,'General',4);
Insert into SEAT (SEATROW,SEATNUMBER,ZONE,THEATREID) values ('A',15,'General',4);
Insert into SEAT (SEATROW,SEATNUMBER,ZONE,THEATREID) values ('A',16,'General',4);
Insert into SEAT (SEATROW,SEATNUMBER,ZONE,THEATREID) values ('A',17,'General',4);
Insert into SEAT (SEATROW,SEATNUMBER,ZONE,THEATREID) values ('A',18,'General',4);
Insert into SEAT (SEATROW,SEATNUMBER,ZONE,THEATREID) values ('A',19,'General',4);
Insert into SEAT (SEATROW,SEATNUMBER,ZONE,THEATREID) values ('A',20,'General',4);
Insert into SEAT (SEATROW,SEATNUMBER,ZONE,THEATREID) values ('B',1,'General',4);
Insert into SEAT (SEATROW,SEATNUMBER,ZONE,THEATREID) values ('B',2,'General',4);
Insert into SEAT (SEATROW,SEATNUMBER,ZONE,THEATREID) values ('B',3,'General',4);
Insert into SEAT (SEATROW,SEATNUMBER,ZONE,THEATREID) values ('B',4,'General',4);
Insert into SEAT (SEATROW,SEATNUMBER,ZONE,THEATREID) values ('B',5,'General',4);
Insert into SEAT (SEATROW,SEATNUMBER,ZONE,THEATREID) values ('B',6,'General',4);
Insert into SEAT (SEATROW,SEATNUMBER,ZONE,THEATREID) values ('B',7,'General',4);
Insert into SEAT (SEATROW,SEATNUMBER,ZONE,THEATREID) values ('B',8,'General',4);
Insert into SEAT (SEATROW,SEATNUMBER,ZONE,THEATREID) values ('B',9,'General',4);
Insert into SEAT (SEATROW,SEATNUMBER,ZONE,THEATREID) values ('B',10,'General',4);
Insert into SEAT (SEATROW,SEATNUMBER,ZONE,THEATREID) values ('B',11,'General',4);
Insert into SEAT (SEATROW,SEATNUMBER,ZONE,THEATREID) values ('B',12,'General',4);
Insert into SEAT (SEATROW,SEATNUMBER,ZONE,THEATREID) values ('B',13,'General',4);
Insert into SEAT (SEATROW,SEATNUMBER,ZONE,THEATREID) values ('B',14,'General',4);
Insert into SEAT (SEATROW,SEATNUMBER,ZONE,THEATREID) values ('B',15,'General',4);
Insert into SEAT (SEATROW,SEATNUMBER,ZONE,THEATREID) values ('B',16,'General',4);
Insert into SEAT (SEATROW,SEATNUMBER,ZONE,THEATREID) values ('B',17,'General',4);
Insert into SEAT (SEATROW,SEATNUMBER,ZONE,THEATREID) values ('B',18,'General',4);
Insert into SEAT (SEATROW,SEATNUMBER,ZONE,THEATREID) values ('B',19,'General',4);
Insert into SEAT (SEATROW,SEATNUMBER,ZONE,THEATREID) values ('B',20,'General',4);
Insert into SEAT (SEATROW,SEATNUMBER,ZONE,THEATREID) values ('C',1,'General',4);
Insert into SEAT (SEATROW,SEATNUMBER,ZONE,THEATREID) values ('C',2,'General',4);
Insert into SEAT (SEATROW,SEATNUMBER,ZONE,THEATREID) values ('C',3,'General',4);
Insert into SEAT (SEATROW,SEATNUMBER,ZONE,THEATREID) values ('C',4,'General',4);
Insert into SEAT (SEATROW,SEATNUMBER,ZONE,THEATREID) values ('C',5,'General',4);
Insert into SEAT (SEATROW,SEATNUMBER,ZONE,THEATREID) values ('C',6,'General',4);
Insert into SEAT (SEATROW,SEATNUMBER,ZONE,THEATREID) values ('C',7,'General',4);
Insert into SEAT (SEATROW,SEATNUMBER,ZONE,THEATREID) values ('C',8,'General',4);
Insert into SEAT (SEATROW,SEATNUMBER,ZONE,THEATREID) values ('C',9,'General',4);
Insert into SEAT (SEATROW,SEATNUMBER,ZONE,THEATREID) values ('C',10,'General',4);
Insert into SEAT (SEATROW,SEATNUMBER,ZONE,THEATREID) values ('C',11,'General',4);
Insert into SEAT (SEATROW,SEATNUMBER,ZONE,THEATREID) values ('C',12,'General',4);
Insert into SEAT (SEATROW,SEATNUMBER,ZONE,THEATREID) values ('C',13,'General',4);
Insert into SEAT (SEATROW,SEATNUMBER,ZONE,THEATREID) values ('C',14,'General',4);
Insert into SEAT (SEATROW,SEATNUMBER,ZONE,THEATREID) values ('C',15,'General',4);
Insert into SEAT (SEATROW,SEATNUMBER,ZONE,THEATREID) values ('C',16,'General',4);
Insert into SEAT (SEATROW,SEATNUMBER,ZONE,THEATREID) values ('C',17,'General',4);
Insert into SEAT (SEATROW,SEATNUMBER,ZONE,THEATREID) values ('C',18,'General',4);
Insert into SEAT (SEATROW,SEATNUMBER,ZONE,THEATREID) values ('C',19,'General',4);
Insert into SEAT (SEATROW,SEATNUMBER,ZONE,THEATREID) values ('C',20,'General',4);
Insert into SEAT (SEATROW,SEATNUMBER,ZONE,THEATREID) values ('D',1,'General',4);
Insert into SEAT (SEATROW,SEATNUMBER,ZONE,THEATREID) values ('D',2,'General',4);
Insert into SEAT (SEATROW,SEATNUMBER,ZONE,THEATREID) values ('D',3,'General',4);
Insert into SEAT (SEATROW,SEATNUMBER,ZONE,THEATREID) values ('D',4,'General',4);
Insert into SEAT (SEATROW,SEATNUMBER,ZONE,THEATREID) values ('D',5,'General',4);
Insert into SEAT (SEATROW,SEATNUMBER,ZONE,THEATREID) values ('D',6,'General',4);
Insert into SEAT (SEATROW,SEATNUMBER,ZONE,THEATREID) values ('D',7,'General',4);
Insert into SEAT (SEATROW,SEATNUMBER,ZONE,THEATREID) values ('D',8,'General',4);
Insert into SEAT (SEATROW,SEATNUMBER,ZONE,THEATREID) values ('D',9,'General',4);
Insert into SEAT (SEATROW,SEATNUMBER,ZONE,THEATREID) values ('D',10,'General',4);
Insert into SEAT (SEATROW,SEATNUMBER,ZONE,THEATREID) values ('D',11,'General',4);
Insert into SEAT (SEATROW,SEATNUMBER,ZONE,THEATREID) values ('D',12,'General',4);
Insert into SEAT (SEATROW,SEATNUMBER,ZONE,THEATREID) values ('D',13,'General',4);
Insert into SEAT (SEATROW,SEATNUMBER,ZONE,THEATREID) values ('D',14,'General',4);
Insert into SEAT (SEATROW,SEATNUMBER,ZONE,THEATREID) values ('D',15,'General',4);
Insert into SEAT (SEATROW,SEATNUMBER,ZONE,THEATREID) values ('D',16,'General',4);
Insert into SEAT (SEATROW,SEATNUMBER,ZONE,THEATREID) values ('D',17,'General',4);
Insert into SEAT (SEATROW,SEATNUMBER,ZONE,THEATREID) values ('D',18,'General',4);
Insert into SEAT (SEATROW,SEATNUMBER,ZONE,THEATREID) values ('D',19,'General',4);
Insert into SEAT (SEATROW,SEATNUMBER,ZONE,THEATREID) values ('D',20,'General',4);
commit;
Insert into SEAT (SEATROW,SEATNUMBER,ZONE,THEATREID) values ('E',1,'General',4);
Insert into SEAT (SEATROW,SEATNUMBER,ZONE,THEATREID) values ('E',2,'General',4);
Insert into SEAT (SEATROW,SEATNUMBER,ZONE,THEATREID) values ('E',3,'General',4);
Insert into SEAT (SEATROW,SEATNUMBER,ZONE,THEATREID) values ('E',4,'General',4);
Insert into SEAT (SEATROW,SEATNUMBER,ZONE,THEATREID) values ('E',5,'General',4);
Insert into SEAT (SEATROW,SEATNUMBER,ZONE,THEATREID) values ('E',6,'General',4);
Insert into SEAT (SEATROW,SEATNUMBER,ZONE,THEATREID) values ('E',7,'General',4);
Insert into SEAT (SEATROW,SEATNUMBER,ZONE,THEATREID) values ('E',8,'General',4);
Insert into SEAT (SEATROW,SEATNUMBER,ZONE,THEATREID) values ('E',9,'General',4);
Insert into SEAT (SEATROW,SEATNUMBER,ZONE,THEATREID) values ('E',10,'General',4);
Insert into SEAT (SEATROW,SEATNUMBER,ZONE,THEATREID) values ('E',11,'General',4);
Insert into SEAT (SEATROW,SEATNUMBER,ZONE,THEATREID) values ('E',12,'General',4);
Insert into SEAT (SEATROW,SEATNUMBER,ZONE,THEATREID) values ('E',13,'General',4);
Insert into SEAT (SEATROW,SEATNUMBER,ZONE,THEATREID) values ('E',14,'General',4);
Insert into SEAT (SEATROW,SEATNUMBER,ZONE,THEATREID) values ('E',15,'General',4);
Insert into SEAT (SEATROW,SEATNUMBER,ZONE,THEATREID) values ('E',16,'General',4);
Insert into SEAT (SEATROW,SEATNUMBER,ZONE,THEATREID) values ('E',17,'General',4);
Insert into SEAT (SEATROW,SEATNUMBER,ZONE,THEATREID) values ('E',18,'General',4);
Insert into SEAT (SEATROW,SEATNUMBER,ZONE,THEATREID) values ('E',19,'General',4);
Insert into SEAT (SEATROW,SEATNUMBER,ZONE,THEATREID) values ('E',20,'General',4);
Insert into SEAT (SEATROW,SEATNUMBER,ZONE,THEATREID) values ('F',1,'General',4);
Insert into SEAT (SEATROW,SEATNUMBER,ZONE,THEATREID) values ('F',2,'General',4);
Insert into SEAT (SEATROW,SEATNUMBER,ZONE,THEATREID) values ('F',3,'General',4);
Insert into SEAT (SEATROW,SEATNUMBER,ZONE,THEATREID) values ('F',4,'General',4);
Insert into SEAT (SEATROW,SEATNUMBER,ZONE,THEATREID) values ('F',5,'General',4);
Insert into SEAT (SEATROW,SEATNUMBER,ZONE,THEATREID) values ('F',6,'General',4);
Insert into SEAT (SEATROW,SEATNUMBER,ZONE,THEATREID) values ('F',7,'General',4);
Insert into SEAT (SEATROW,SEATNUMBER,ZONE,THEATREID) values ('F',8,'General',4);
Insert into SEAT (SEATROW,SEATNUMBER,ZONE,THEATREID) values ('F',9,'General',4);
Insert into SEAT (SEATROW,SEATNUMBER,ZONE,THEATREID) values ('F',10,'General',4);
Insert into SEAT (SEATROW,SEATNUMBER,ZONE,THEATREID) values ('F',11,'General',4);
Insert into SEAT (SEATROW,SEATNUMBER,ZONE,THEATREID) values ('F',12,'General',4);
Insert into SEAT (SEATROW,SEATNUMBER,ZONE,THEATREID) values ('F',13,'General',4);
Insert into SEAT (SEATROW,SEATNUMBER,ZONE,THEATREID) values ('F',14,'General',4);
Insert into SEAT (SEATROW,SEATNUMBER,ZONE,THEATREID) values ('F',15,'General',4);
Insert into SEAT (SEATROW,SEATNUMBER,ZONE,THEATREID) values ('F',16,'General',4);
Insert into SEAT (SEATROW,SEATNUMBER,ZONE,THEATREID) values ('F',17,'General',4);
Insert into SEAT (SEATROW,SEATNUMBER,ZONE,THEATREID) values ('F',18,'General',4);
Insert into SEAT (SEATROW,SEATNUMBER,ZONE,THEATREID) values ('F',19,'General',4);
Insert into SEAT (SEATROW,SEATNUMBER,ZONE,THEATREID) values ('F',20,'General',4);
Insert into SEAT (SEATROW,SEATNUMBER,ZONE,THEATREID) values ('G',1,'General',4);
Insert into SEAT (SEATROW,SEATNUMBER,ZONE,THEATREID) values ('G',2,'General',4);
Insert into SEAT (SEATROW,SEATNUMBER,ZONE,THEATREID) values ('G',3,'General',4);
Insert into SEAT (SEATROW,SEATNUMBER,ZONE,THEATREID) values ('G',4,'General',4);
Insert into SEAT (SEATROW,SEATNUMBER,ZONE,THEATREID) values ('G',5,'General',4);
Insert into SEAT (SEATROW,SEATNUMBER,ZONE,THEATREID) values ('G',6,'General',4);
Insert into SEAT (SEATROW,SEATNUMBER,ZONE,THEATREID) values ('G',7,'General',4);
Insert into SEAT (SEATROW,SEATNUMBER,ZONE,THEATREID) values ('G',8,'General',4);
Insert into SEAT (SEATROW,SEATNUMBER,ZONE,THEATREID) values ('G',9,'General',4);
Insert into SEAT (SEATROW,SEATNUMBER,ZONE,THEATREID) values ('G',10,'General',4);
Insert into SEAT (SEATROW,SEATNUMBER,ZONE,THEATREID) values ('G',11,'General',4);
Insert into SEAT (SEATROW,SEATNUMBER,ZONE,THEATREID) values ('G',12,'General',4);
Insert into SEAT (SEATROW,SEATNUMBER,ZONE,THEATREID) values ('G',13,'General',4);
Insert into SEAT (SEATROW,SEATNUMBER,ZONE,THEATREID) values ('G',14,'General',4);
Insert into SEAT (SEATROW,SEATNUMBER,ZONE,THEATREID) values ('G',15,'General',4);
Insert into SEAT (SEATROW,SEATNUMBER,ZONE,THEATREID) values ('G',16,'General',4);
Insert into SEAT (SEATROW,SEATNUMBER,ZONE,THEATREID) values ('G',17,'General',4);
Insert into SEAT (SEATROW,SEATNUMBER,ZONE,THEATREID) values ('G',18,'General',4);
Insert into SEAT (SEATROW,SEATNUMBER,ZONE,THEATREID) values ('G',19,'General',4);
Insert into SEAT (SEATROW,SEATNUMBER,ZONE,THEATREID) values ('G',20,'General',4);
Insert into SEAT (SEATROW,SEATNUMBER,ZONE,THEATREID) values ('H',1,'General',4);
Insert into SEAT (SEATROW,SEATNUMBER,ZONE,THEATREID) values ('H',2,'General',4);
Insert into SEAT (SEATROW,SEATNUMBER,ZONE,THEATREID) values ('H',3,'General',4);
Insert into SEAT (SEATROW,SEATNUMBER,ZONE,THEATREID) values ('H',4,'General',4);
Insert into SEAT (SEATROW,SEATNUMBER,ZONE,THEATREID) values ('H',5,'General',4);
Insert into SEAT (SEATROW,SEATNUMBER,ZONE,THEATREID) values ('H',6,'General',4);
Insert into SEAT (SEATROW,SEATNUMBER,ZONE,THEATREID) values ('H',7,'General',4);
Insert into SEAT (SEATROW,SEATNUMBER,ZONE,THEATREID) values ('H',8,'General',4);
Insert into SEAT (SEATROW,SEATNUMBER,ZONE,THEATREID) values ('H',9,'General',4);
Insert into SEAT (SEATROW,SEATNUMBER,ZONE,THEATREID) values ('H',10,'General',4);
Insert into SEAT (SEATROW,SEATNUMBER,ZONE,THEATREID) values ('H',11,'General',4);
Insert into SEAT (SEATROW,SEATNUMBER,ZONE,THEATREID) values ('H',12,'General',4);
Insert into SEAT (SEATROW,SEATNUMBER,ZONE,THEATREID) values ('H',13,'General',4);
Insert into SEAT (SEATROW,SEATNUMBER,ZONE,THEATREID) values ('H',14,'General',4);
Insert into SEAT (SEATROW,SEATNUMBER,ZONE,THEATREID) values ('H',15,'General',4);
Insert into SEAT (SEATROW,SEATNUMBER,ZONE,THEATREID) values ('H',16,'General',4);
Insert into SEAT (SEATROW,SEATNUMBER,ZONE,THEATREID) values ('H',17,'General',4);
Insert into SEAT (SEATROW,SEATNUMBER,ZONE,THEATREID) values ('H',18,'General',4);
Insert into SEAT (SEATROW,SEATNUMBER,ZONE,THEATREID) values ('H',19,'General',4);
Insert into SEAT (SEATROW,SEATNUMBER,ZONE,THEATREID) values ('H',20,'General',4);
Insert into SEAT (SEATROW,SEATNUMBER,ZONE,THEATREID) values ('I',1,'General',4);
Insert into SEAT (SEATROW,SEATNUMBER,ZONE,THEATREID) values ('I',2,'General',4);
Insert into SEAT (SEATROW,SEATNUMBER,ZONE,THEATREID) values ('I',3,'General',4);
Insert into SEAT (SEATROW,SEATNUMBER,ZONE,THEATREID) values ('I',4,'General',4);
Insert into SEAT (SEATROW,SEATNUMBER,ZONE,THEATREID) values ('I',5,'General',4);
Insert into SEAT (SEATROW,SEATNUMBER,ZONE,THEATREID) values ('I',6,'General',4);
Insert into SEAT (SEATROW,SEATNUMBER,ZONE,THEATREID) values ('I',7,'General',4);
Insert into SEAT (SEATROW,SEATNUMBER,ZONE,THEATREID) values ('I',8,'General',4);
Insert into SEAT (SEATROW,SEATNUMBER,ZONE,THEATREID) values ('I',9,'General',4);
Insert into SEAT (SEATROW,SEATNUMBER,ZONE,THEATREID) values ('I',10,'General',4);
Insert into SEAT (SEATROW,SEATNUMBER,ZONE,THEATREID) values ('I',11,'General',4);
Insert into SEAT (SEATROW,SEATNUMBER,ZONE,THEATREID) values ('I',12,'General',4);
Insert into SEAT (SEATROW,SEATNUMBER,ZONE,THEATREID) values ('I',13,'General',4);
Insert into SEAT (SEATROW,SEATNUMBER,ZONE,THEATREID) values ('I',14,'General',4);
Insert into SEAT (SEATROW,SEATNUMBER,ZONE,THEATREID) values ('I',15,'General',4);
Insert into SEAT (SEATROW,SEATNUMBER,ZONE,THEATREID) values ('I',16,'General',4);
Insert into SEAT (SEATROW,SEATNUMBER,ZONE,THEATREID) values ('I',17,'General',4);
Insert into SEAT (SEATROW,SEATNUMBER,ZONE,THEATREID) values ('I',18,'General',4);
Insert into SEAT (SEATROW,SEATNUMBER,ZONE,THEATREID) values ('I',19,'General',4);
Insert into SEAT (SEATROW,SEATNUMBER,ZONE,THEATREID) values ('I',20,'General',4);
commit;
Insert into SEAT (SEATROW,SEATNUMBER,ZONE,THEATREID) values ('J',1,'General',4);
Insert into SEAT (SEATROW,SEATNUMBER,ZONE,THEATREID) values ('J',2,'General',4);
Insert into SEAT (SEATROW,SEATNUMBER,ZONE,THEATREID) values ('J',3,'General',4);
Insert into SEAT (SEATROW,SEATNUMBER,ZONE,THEATREID) values ('J',4,'General',4);
Insert into SEAT (SEATROW,SEATNUMBER,ZONE,THEATREID) values ('J',5,'General',4);
Insert into SEAT (SEATROW,SEATNUMBER,ZONE,THEATREID) values ('J',6,'General',4);
Insert into SEAT (SEATROW,SEATNUMBER,ZONE,THEATREID) values ('J',7,'General',4);
Insert into SEAT (SEATROW,SEATNUMBER,ZONE,THEATREID) values ('J',8,'General',4);
Insert into SEAT (SEATROW,SEATNUMBER,ZONE,THEATREID) values ('J',9,'General',4);
Insert into SEAT (SEATROW,SEATNUMBER,ZONE,THEATREID) values ('J',10,'General',4);
Insert into SEAT (SEATROW,SEATNUMBER,ZONE,THEATREID) values ('J',11,'General',4);
Insert into SEAT (SEATROW,SEATNUMBER,ZONE,THEATREID) values ('J',12,'General',4);
Insert into SEAT (SEATROW,SEATNUMBER,ZONE,THEATREID) values ('J',13,'General',4);
Insert into SEAT (SEATROW,SEATNUMBER,ZONE,THEATREID) values ('J',14,'General',4);
Insert into SEAT (SEATROW,SEATNUMBER,ZONE,THEATREID) values ('J',15,'General',4);
Insert into SEAT (SEATROW,SEATNUMBER,ZONE,THEATREID) values ('J',16,'General',4);
Insert into SEAT (SEATROW,SEATNUMBER,ZONE,THEATREID) values ('J',17,'General',4);
Insert into SEAT (SEATROW,SEATNUMBER,ZONE,THEATREID) values ('J',18,'General',4);
Insert into SEAT (SEATROW,SEATNUMBER,ZONE,THEATREID) values ('J',19,'General',4);
Insert into SEAT (SEATROW,SEATNUMBER,ZONE,THEATREID) values ('J',20,'General',4);
Insert into SEAT (SEATROW,SEATNUMBER,ZONE,THEATREID) values ('K',1,'General',4);
Insert into SEAT (SEATROW,SEATNUMBER,ZONE,THEATREID) values ('K',2,'General',4);
Insert into SEAT (SEATROW,SEATNUMBER,ZONE,THEATREID) values ('K',3,'General',4);
Insert into SEAT (SEATROW,SEATNUMBER,ZONE,THEATREID) values ('K',4,'General',4);
Insert into SEAT (SEATROW,SEATNUMBER,ZONE,THEATREID) values ('K',5,'General',4);
Insert into SEAT (SEATROW,SEATNUMBER,ZONE,THEATREID) values ('K',6,'General',4);
Insert into SEAT (SEATROW,SEATNUMBER,ZONE,THEATREID) values ('K',7,'General',4);
Insert into SEAT (SEATROW,SEATNUMBER,ZONE,THEATREID) values ('K',8,'General',4);
Insert into SEAT (SEATROW,SEATNUMBER,ZONE,THEATREID) values ('K',9,'General',4);
Insert into SEAT (SEATROW,SEATNUMBER,ZONE,THEATREID) values ('K',10,'General',4);
Insert into SEAT (SEATROW,SEATNUMBER,ZONE,THEATREID) values ('K',11,'General',4);
Insert into SEAT (SEATROW,SEATNUMBER,ZONE,THEATREID) values ('K',12,'General',4);
Insert into SEAT (SEATROW,SEATNUMBER,ZONE,THEATREID) values ('K',13,'General',4);
Insert into SEAT (SEATROW,SEATNUMBER,ZONE,THEATREID) values ('K',14,'General',4);
Insert into SEAT (SEATROW,SEATNUMBER,ZONE,THEATREID) values ('K',15,'General',4);
Insert into SEAT (SEATROW,SEATNUMBER,ZONE,THEATREID) values ('K',16,'General',4);
Insert into SEAT (SEATROW,SEATNUMBER,ZONE,THEATREID) values ('K',17,'General',4);
Insert into SEAT (SEATROW,SEATNUMBER,ZONE,THEATREID) values ('K',18,'General',4);
Insert into SEAT (SEATROW,SEATNUMBER,ZONE,THEATREID) values ('K',19,'General',4);
Insert into SEAT (SEATROW,SEATNUMBER,ZONE,THEATREID) values ('K',20,'General',4);
Insert into SEAT (SEATROW,SEATNUMBER,ZONE,THEATREID) values ('L',1,'General',4);
Insert into SEAT (SEATROW,SEATNUMBER,ZONE,THEATREID) values ('L',2,'General',4);
Insert into SEAT (SEATROW,SEATNUMBER,ZONE,THEATREID) values ('L',3,'General',4);
Insert into SEAT (SEATROW,SEATNUMBER,ZONE,THEATREID) values ('L',4,'General',4);
Insert into SEAT (SEATROW,SEATNUMBER,ZONE,THEATREID) values ('L',5,'General',4);
Insert into SEAT (SEATROW,SEATNUMBER,ZONE,THEATREID) values ('L',6,'General',4);
Insert into SEAT (SEATROW,SEATNUMBER,ZONE,THEATREID) values ('L',7,'General',4);
Insert into SEAT (SEATROW,SEATNUMBER,ZONE,THEATREID) values ('L',8,'General',4);
Insert into SEAT (SEATROW,SEATNUMBER,ZONE,THEATREID) values ('L',9,'General',4);
Insert into SEAT (SEATROW,SEATNUMBER,ZONE,THEATREID) values ('L',10,'General',4);
Insert into SEAT (SEATROW,SEATNUMBER,ZONE,THEATREID) values ('L',11,'General',4);
Insert into SEAT (SEATROW,SEATNUMBER,ZONE,THEATREID) values ('L',12,'General',4);
Insert into SEAT (SEATROW,SEATNUMBER,ZONE,THEATREID) values ('L',13,'General',4);
Insert into SEAT (SEATROW,SEATNUMBER,ZONE,THEATREID) values ('L',14,'General',4);
Insert into SEAT (SEATROW,SEATNUMBER,ZONE,THEATREID) values ('L',15,'General',4);
Insert into SEAT (SEATROW,SEATNUMBER,ZONE,THEATREID) values ('L',16,'General',4);
Insert into SEAT (SEATROW,SEATNUMBER,ZONE,THEATREID) values ('L',17,'General',4);
Insert into SEAT (SEATROW,SEATNUMBER,ZONE,THEATREID) values ('L',18,'General',4);
Insert into SEAT (SEATROW,SEATNUMBER,ZONE,THEATREID) values ('L',19,'General',4);
Insert into SEAT (SEATROW,SEATNUMBER,ZONE,THEATREID) values ('L',20,'General',4);
commit;

--------------------------------------------------------
--  File created - Tuesday-December-13-2016   
--------------------------------------------------------
REM INSERTING into FOOD
SET DEFINE OFF;
Insert into FOOD (FOODID,NAME,TYPE,PRICE) values (1,'Popcorn(S)','Food',5);
Insert into FOOD (FOODID,NAME,TYPE,PRICE) values (2,'Popcorn(M)','Food',8);
Insert into FOOD (FOODID,NAME,TYPE,PRICE) values (3,'Popcorn(L)','Food',10);
Insert into FOOD (FOODID,NAME,TYPE,PRICE) values (4,'Cola','Drink',5);
Insert into FOOD (FOODID,NAME,TYPE,PRICE) values (5,'Pepsi','Drink',5);
Insert into FOOD (FOODID,NAME,TYPE,PRICE) values (6,'Water','Drink',3);
Insert into FOOD (FOODID,NAME,TYPE,PRICE) values (7,'Combo Set : NOK','Set',12);
Insert into FOOD (FOODID,NAME,TYPE,PRICE) values (8,'Combo Set : Couple','Set',18);
commit;
--------------------------------------------------------
--  File created - Tuesday-December-13-2016   
--------------------------------------------------------
REM INSERTING into SELL
SET DEFINE OFF;
Insert into SELL (FOODID,EMPID,SDATE,AMOUNT) values (1,6,to_date('01-DEC-16 14:55:35','DD-MON-RR HH24:MI:SS'),1);
Insert into SELL (FOODID,EMPID,SDATE,AMOUNT) values (1,5,to_date('02-DEC-16 19:59:48','DD-MON-RR HH24:MI:SS'),1);
Insert into SELL (FOODID,EMPID,SDATE,AMOUNT) values (1,5,to_date('01-DEC-16 15:56:05','DD-MON-RR HH24:MI:SS'),1);
Insert into SELL (FOODID,EMPID,SDATE,AMOUNT) values (1,5,to_date('01-DEC-16 15:57:43','DD-MON-RR HH24:MI:SS'),1);
Insert into SELL (FOODID,EMPID,SDATE,AMOUNT) values (1,5,to_date('01-DEC-16 18:54:26','DD-MON-RR HH24:MI:SS'),1);
Insert into SELL (FOODID,EMPID,SDATE,AMOUNT) values (1,6,to_date('01-DEC-16 18:54:36','DD-MON-RR HH24:MI:SS'),1);
Insert into SELL (FOODID,EMPID,SDATE,AMOUNT) values (1,5,to_date('01-DEC-16 18:59:15','DD-MON-RR HH24:MI:SS'),1);
Insert into SELL (FOODID,EMPID,SDATE,AMOUNT) values (1,5,to_date('01-DEC-16 19:56:15','DD-MON-RR HH24:MI:SS'),1);
Insert into SELL (FOODID,EMPID,SDATE,AMOUNT) values (1,6,to_date('01-DEC-16 19:56:48','DD-MON-RR HH24:MI:SS'),1);
Insert into SELL (FOODID,EMPID,SDATE,AMOUNT) values (1,6,to_date('01-DEC-16 19:58:35','DD-MON-RR HH24:MI:SS'),1);
Insert into SELL (FOODID,EMPID,SDATE,AMOUNT) values (1,6,to_date('02-DEC-16 14:55:00','DD-MON-RR HH24:MI:SS'),1);
Insert into SELL (FOODID,EMPID,SDATE,AMOUNT) values (1,6,to_date('02-DEC-16 14:58:00','DD-MON-RR HH24:MI:SS'),1);
Insert into SELL (FOODID,EMPID,SDATE,AMOUNT) values (1,5,to_date('02-DEC-16 15:52:48','DD-MON-RR HH24:MI:SS'),1);
Insert into SELL (FOODID,EMPID,SDATE,AMOUNT) values (1,6,to_date('02-DEC-16 15:52:48','DD-MON-RR HH24:MI:SS'),1);
Insert into SELL (FOODID,EMPID,SDATE,AMOUNT) values (1,5,to_date('02-DEC-16 15:57:48','DD-MON-RR HH24:MI:SS'),1);
Insert into SELL (FOODID,EMPID,SDATE,AMOUNT) values (1,6,to_date('02-DEC-16 15:58:48','DD-MON-RR HH24:MI:SS'),1);
Insert into SELL (FOODID,EMPID,SDATE,AMOUNT) values (1,5,to_date('02-DEC-16 18:58:05','DD-MON-RR HH24:MI:SS'),1);
Insert into SELL (FOODID,EMPID,SDATE,AMOUNT) values (1,5,to_date('02-DEC-16 18:59:05','DD-MON-RR HH24:MI:SS'),1);
Insert into SELL (FOODID,EMPID,SDATE,AMOUNT) values (1,6,to_date('02-DEC-16 19:55:35','DD-MON-RR HH24:MI:SS'),1);
Insert into SELL (FOODID,EMPID,SDATE,AMOUNT) values (1,6,to_date('01-DEC-16 14:56:45','DD-MON-RR HH24:MI:SS'),1);
Insert into SELL (FOODID,EMPID,SDATE,AMOUNT) values (2,5,to_date('01-DEC-16 14:55:30','DD-MON-RR HH24:MI:SS'),1);
Insert into SELL (FOODID,EMPID,SDATE,AMOUNT) values (2,5,to_date('01-DEC-16 15:56:56','DD-MON-RR HH24:MI:SS'),1);
Insert into SELL (FOODID,EMPID,SDATE,AMOUNT) values (2,6,to_date('01-DEC-16 18:55:30','DD-MON-RR HH24:MI:SS'),1);
Insert into SELL (FOODID,EMPID,SDATE,AMOUNT) values (2,5,to_date('01-DEC-16 18:56:15','DD-MON-RR HH24:MI:SS'),2);
Insert into SELL (FOODID,EMPID,SDATE,AMOUNT) values (2,6,to_date('01-DEC-16 19:56:15','DD-MON-RR HH24:MI:SS'),1);
Insert into SELL (FOODID,EMPID,SDATE,AMOUNT) values (2,5,to_date('01-DEC-16 19:59:17','DD-MON-RR HH24:MI:SS'),1);
Insert into SELL (FOODID,EMPID,SDATE,AMOUNT) values (2,5,to_date('02-DEC-16 14:55:26','DD-MON-RR HH24:MI:SS'),1);
Insert into SELL (FOODID,EMPID,SDATE,AMOUNT) values (2,5,to_date('02-DEC-16 14:56:10','DD-MON-RR HH24:MI:SS'),1);
Insert into SELL (FOODID,EMPID,SDATE,AMOUNT) values (2,5,to_date('02-DEC-16 15:52:55','DD-MON-RR HH24:MI:SS'),1);
Insert into SELL (FOODID,EMPID,SDATE,AMOUNT) values (2,5,to_date('02-DEC-16 15:59:15','DD-MON-RR HH24:MI:SS'),1);
Insert into SELL (FOODID,EMPID,SDATE,AMOUNT) values (2,6,to_date('02-DEC-16 15:59:48','DD-MON-RR HH24:MI:SS'),1);
Insert into SELL (FOODID,EMPID,SDATE,AMOUNT) values (2,5,to_date('02-DEC-16 18:56:05','DD-MON-RR HH24:MI:SS'),1);
Insert into SELL (FOODID,EMPID,SDATE,AMOUNT) values (2,5,to_date('02-DEC-16 18:57:15','DD-MON-RR HH24:MI:SS'),1);
Insert into SELL (FOODID,EMPID,SDATE,AMOUNT) values (2,6,to_date('02-DEC-16 18:57:30','DD-MON-RR HH24:MI:SS'),1);
Insert into SELL (FOODID,EMPID,SDATE,AMOUNT) values (2,5,to_date('02-DEC-16 19:56:15','DD-MON-RR HH24:MI:SS'),1);
Insert into SELL (FOODID,EMPID,SDATE,AMOUNT) values (3,6,to_date('01-DEC-16 14:58:30','DD-MON-RR HH24:MI:SS'),1);
Insert into SELL (FOODID,EMPID,SDATE,AMOUNT) values (3,5,to_date('02-DEC-16 19:55:05','DD-MON-RR HH24:MI:SS'),1);
Insert into SELL (FOODID,EMPID,SDATE,AMOUNT) values (3,5,to_date('02-DEC-16 19:57:42','DD-MON-RR HH24:MI:SS'),1);
Insert into SELL (FOODID,EMPID,SDATE,AMOUNT) values (3,5,to_date('01-DEC-16 19:58:15','DD-MON-RR HH24:MI:SS'),1);
Insert into SELL (FOODID,EMPID,SDATE,AMOUNT) values (3,5,to_date('01-DEC-16 15:59:55','DD-MON-RR HH24:MI:SS'),1);
Insert into SELL (FOODID,EMPID,SDATE,AMOUNT) values (3,5,to_date('02-DEC-16 14:59:00','DD-MON-RR HH24:MI:SS'),2);
Insert into SELL (FOODID,EMPID,SDATE,AMOUNT) values (3,5,to_date('01-DEC-16 14:59:00','DD-MON-RR HH24:MI:SS'),1);
Insert into SELL (FOODID,EMPID,SDATE,AMOUNT) values (4,5,to_date('02-DEC-16 14:56:10','DD-MON-RR HH24:MI:SS'),1);
Insert into SELL (FOODID,EMPID,SDATE,AMOUNT) values (4,6,to_date('01-DEC-16 19:58:35','DD-MON-RR HH24:MI:SS'),4);
Insert into SELL (FOODID,EMPID,SDATE,AMOUNT) values (4,6,to_date('01-DEC-16 18:55:30','DD-MON-RR HH24:MI:SS'),2);
Insert into SELL (FOODID,EMPID,SDATE,AMOUNT) values (4,5,to_date('01-DEC-16 14:55:30','DD-MON-RR HH24:MI:SS'),2);
Insert into SELL (FOODID,EMPID,SDATE,AMOUNT) values (4,5,to_date('02-DEC-16 15:52:55','DD-MON-RR HH24:MI:SS'),1);
Insert into SELL (FOODID,EMPID,SDATE,AMOUNT) values (4,5,to_date('01-DEC-16 15:56:56','DD-MON-RR HH24:MI:SS'),2);
Insert into SELL (FOODID,EMPID,SDATE,AMOUNT) values (4,5,to_date('01-DEC-16 14:59:00','DD-MON-RR HH24:MI:SS'),3);
Insert into SELL (FOODID,EMPID,SDATE,AMOUNT) values (4,5,to_date('02-DEC-16 19:59:48','DD-MON-RR HH24:MI:SS'),1);
Insert into SELL (FOODID,EMPID,SDATE,AMOUNT) values (4,5,to_date('01-DEC-16 19:56:30','DD-MON-RR HH24:MI:SS'),3);
Insert into SELL (FOODID,EMPID,SDATE,AMOUNT) values (4,5,to_date('01-DEC-16 18:56:15','DD-MON-RR HH24:MI:SS'),4);
Insert into SELL (FOODID,EMPID,SDATE,AMOUNT) values (4,5,to_date('02-DEC-16 19:55:05','DD-MON-RR HH24:MI:SS'),1);
Insert into SELL (FOODID,EMPID,SDATE,AMOUNT) values (5,6,to_date('01-DEC-16 19:56:48','DD-MON-RR HH24:MI:SS'),1);
Insert into SELL (FOODID,EMPID,SDATE,AMOUNT) values (5,5,to_date('01-DEC-16 15:59:55','DD-MON-RR HH24:MI:SS'),2);
Insert into SELL (FOODID,EMPID,SDATE,AMOUNT) values (5,5,to_date('01-DEC-16 15:56:05','DD-MON-RR HH24:MI:SS'),1);
Insert into SELL (FOODID,EMPID,SDATE,AMOUNT) values (5,6,to_date('01-DEC-16 14:56:45','DD-MON-RR HH24:MI:SS'),1);
Insert into SELL (FOODID,EMPID,SDATE,AMOUNT) values (5,5,to_date('01-DEC-16 19:58:15','DD-MON-RR HH24:MI:SS'),2);
Insert into SELL (FOODID,EMPID,SDATE,AMOUNT) values (5,5,to_date('02-DEC-16 19:57:42','DD-MON-RR HH24:MI:SS'),1);
Insert into SELL (FOODID,EMPID,SDATE,AMOUNT) values (5,5,to_date('02-DEC-16 18:59:05','DD-MON-RR HH24:MI:SS'),1);
Insert into SELL (FOODID,EMPID,SDATE,AMOUNT) values (5,5,to_date('02-DEC-16 18:57:15','DD-MON-RR HH24:MI:SS'),3);
Insert into SELL (FOODID,EMPID,SDATE,AMOUNT) values (5,6,to_date('02-DEC-16 14:59:42','DD-MON-RR HH24:MI:SS'),2);
Insert into SELL (FOODID,EMPID,SDATE,AMOUNT) values (5,6,to_date('02-DEC-16 14:55:00','DD-MON-RR HH24:MI:SS'),1);
Insert into SELL (FOODID,EMPID,SDATE,AMOUNT) values (6,6,to_date('02-DEC-16 14:57:02','DD-MON-RR HH24:MI:SS'),1);
Insert into SELL (FOODID,EMPID,SDATE,AMOUNT) values (6,6,to_date('01-DEC-16 15:56:12','DD-MON-RR HH24:MI:SS'),1);
Insert into SELL (FOODID,EMPID,SDATE,AMOUNT) values (6,6,to_date('02-DEC-16 19:56:22','DD-MON-RR HH24:MI:SS'),1);
Insert into SELL (FOODID,EMPID,SDATE,AMOUNT) values (6,5,to_date('01-DEC-16 18:54:15','DD-MON-RR HH24:MI:SS'),1);
Insert into SELL (FOODID,EMPID,SDATE,AMOUNT) values (6,6,to_date('02-DEC-16 18:58:45','DD-MON-RR HH24:MI:SS'),1);
Insert into SELL (FOODID,EMPID,SDATE,AMOUNT) values (7,5,to_date('01-DEC-16 14:56:05','DD-MON-RR HH24:MI:SS'),1);
Insert into SELL (FOODID,EMPID,SDATE,AMOUNT) values (7,6,to_date('02-DEC-16 18:59:15','DD-MON-RR HH24:MI:SS'),1);
Insert into SELL (FOODID,EMPID,SDATE,AMOUNT) values (7,5,to_date('02-DEC-16 15:54:52','DD-MON-RR HH24:MI:SS'),1);
Insert into SELL (FOODID,EMPID,SDATE,AMOUNT) values (7,6,to_date('02-DEC-16 15:54:48','DD-MON-RR HH24:MI:SS'),1);
Insert into SELL (FOODID,EMPID,SDATE,AMOUNT) values (7,6,to_date('01-DEC-16 15:58:05','DD-MON-RR HH24:MI:SS'),1);
Insert into SELL (FOODID,EMPID,SDATE,AMOUNT) values (7,6,to_date('01-DEC-16 18:58:15','DD-MON-RR HH24:MI:SS'),1);
Insert into SELL (FOODID,EMPID,SDATE,AMOUNT) values (7,6,to_date('01-DEC-16 15:59:50','DD-MON-RR HH24:MI:SS'),1);
Insert into SELL (FOODID,EMPID,SDATE,AMOUNT) values (7,6,to_date('02-DEC-16 19:55:59','DD-MON-RR HH24:MI:SS'),1);
Insert into SELL (FOODID,EMPID,SDATE,AMOUNT) values (8,6,to_date('02-DEC-16 18:56:35','DD-MON-RR HH24:MI:SS'),1);
Insert into SELL (FOODID,EMPID,SDATE,AMOUNT) values (8,5,to_date('01-DEC-16 14:57:08','DD-MON-RR HH24:MI:SS'),1);
Insert into SELL (FOODID,EMPID,SDATE,AMOUNT) values (8,5,to_date('01-DEC-16 18:55:15','DD-MON-RR HH24:MI:SS'),1);
Insert into SELL (FOODID,EMPID,SDATE,AMOUNT) values (8,5,to_date('02-DEC-16 14:57:20','DD-MON-RR HH24:MI:SS'),1);
Insert into SELL (FOODID,EMPID,SDATE,AMOUNT) values (1,6,to_date('08-DEC-16 14:55:35','DD-MON-RR HH24:MI:SS'),1);
Insert into SELL (FOODID,EMPID,SDATE,AMOUNT) values (1,5,to_date('09-DEC-16 19:59:48','DD-MON-RR HH24:MI:SS'),1);
Insert into SELL (FOODID,EMPID,SDATE,AMOUNT) values (1,5,to_date('08-DEC-16 15:56:05','DD-MON-RR HH24:MI:SS'),1);
Insert into SELL (FOODID,EMPID,SDATE,AMOUNT) values (1,5,to_date('08-DEC-16 15:57:43','DD-MON-RR HH24:MI:SS'),1);
Insert into SELL (FOODID,EMPID,SDATE,AMOUNT) values (1,5,to_date('08-DEC-16 18:54:26','DD-MON-RR HH24:MI:SS'),1);
Insert into SELL (FOODID,EMPID,SDATE,AMOUNT) values (1,6,to_date('08-DEC-16 18:54:36','DD-MON-RR HH24:MI:SS'),1);
Insert into SELL (FOODID,EMPID,SDATE,AMOUNT) values (1,5,to_date('08-DEC-16 18:59:15','DD-MON-RR HH24:MI:SS'),1);
Insert into SELL (FOODID,EMPID,SDATE,AMOUNT) values (1,5,to_date('08-DEC-16 19:56:15','DD-MON-RR HH24:MI:SS'),1);
Insert into SELL (FOODID,EMPID,SDATE,AMOUNT) values (1,6,to_date('08-DEC-16 19:56:48','DD-MON-RR HH24:MI:SS'),1);
Insert into SELL (FOODID,EMPID,SDATE,AMOUNT) values (1,6,to_date('08-DEC-16 19:58:35','DD-MON-RR HH24:MI:SS'),1);
Insert into SELL (FOODID,EMPID,SDATE,AMOUNT) values (1,6,to_date('09-DEC-16 14:55:00','DD-MON-RR HH24:MI:SS'),1);
Insert into SELL (FOODID,EMPID,SDATE,AMOUNT) values (1,6,to_date('09-DEC-16 14:58:00','DD-MON-RR HH24:MI:SS'),1);
Insert into SELL (FOODID,EMPID,SDATE,AMOUNT) values (1,5,to_date('09-DEC-16 15:52:48','DD-MON-RR HH24:MI:SS'),1);
Insert into SELL (FOODID,EMPID,SDATE,AMOUNT) values (1,6,to_date('09-DEC-16 15:52:48','DD-MON-RR HH24:MI:SS'),1);
Insert into SELL (FOODID,EMPID,SDATE,AMOUNT) values (1,5,to_date('09-DEC-16 15:57:48','DD-MON-RR HH24:MI:SS'),1);
Insert into SELL (FOODID,EMPID,SDATE,AMOUNT) values (1,6,to_date('09-DEC-16 15:58:48','DD-MON-RR HH24:MI:SS'),1);
Insert into SELL (FOODID,EMPID,SDATE,AMOUNT) values (1,5,to_date('09-DEC-16 18:58:05','DD-MON-RR HH24:MI:SS'),1);
Insert into SELL (FOODID,EMPID,SDATE,AMOUNT) values (1,5,to_date('09-DEC-16 18:59:05','DD-MON-RR HH24:MI:SS'),1);
Insert into SELL (FOODID,EMPID,SDATE,AMOUNT) values (1,6,to_date('09-DEC-16 19:55:35','DD-MON-RR HH24:MI:SS'),1);
Insert into SELL (FOODID,EMPID,SDATE,AMOUNT) values (1,6,to_date('08-DEC-16 14:56:45','DD-MON-RR HH24:MI:SS'),1);
Insert into SELL (FOODID,EMPID,SDATE,AMOUNT) values (2,5,to_date('08-DEC-16 14:55:30','DD-MON-RR HH24:MI:SS'),1);
Insert into SELL (FOODID,EMPID,SDATE,AMOUNT) values (2,5,to_date('08-DEC-16 15:56:56','DD-MON-RR HH24:MI:SS'),1);
Insert into SELL (FOODID,EMPID,SDATE,AMOUNT) values (2,6,to_date('08-DEC-16 18:55:30','DD-MON-RR HH24:MI:SS'),1);
Insert into SELL (FOODID,EMPID,SDATE,AMOUNT) values (2,5,to_date('08-DEC-16 18:56:15','DD-MON-RR HH24:MI:SS'),2);
Insert into SELL (FOODID,EMPID,SDATE,AMOUNT) values (2,6,to_date('08-DEC-16 19:56:15','DD-MON-RR HH24:MI:SS'),1);
Insert into SELL (FOODID,EMPID,SDATE,AMOUNT) values (2,5,to_date('08-DEC-16 19:59:17','DD-MON-RR HH24:MI:SS'),1);
Insert into SELL (FOODID,EMPID,SDATE,AMOUNT) values (2,5,to_date('09-DEC-16 14:55:26','DD-MON-RR HH24:MI:SS'),1);
Insert into SELL (FOODID,EMPID,SDATE,AMOUNT) values (2,5,to_date('09-DEC-16 14:56:10','DD-MON-RR HH24:MI:SS'),1);
Insert into SELL (FOODID,EMPID,SDATE,AMOUNT) values (2,5,to_date('09-DEC-16 15:52:55','DD-MON-RR HH24:MI:SS'),1);
Insert into SELL (FOODID,EMPID,SDATE,AMOUNT) values (2,5,to_date('09-DEC-16 15:59:15','DD-MON-RR HH24:MI:SS'),1);
Insert into SELL (FOODID,EMPID,SDATE,AMOUNT) values (2,6,to_date('09-DEC-16 15:59:48','DD-MON-RR HH24:MI:SS'),1);
Insert into SELL (FOODID,EMPID,SDATE,AMOUNT) values (2,5,to_date('09-DEC-16 18:56:05','DD-MON-RR HH24:MI:SS'),1);
Insert into SELL (FOODID,EMPID,SDATE,AMOUNT) values (2,5,to_date('09-DEC-16 18:57:15','DD-MON-RR HH24:MI:SS'),1);
Insert into SELL (FOODID,EMPID,SDATE,AMOUNT) values (2,6,to_date('09-DEC-16 18:57:30','DD-MON-RR HH24:MI:SS'),1);
Insert into SELL (FOODID,EMPID,SDATE,AMOUNT) values (2,5,to_date('09-DEC-16 19:56:15','DD-MON-RR HH24:MI:SS'),1);
Insert into SELL (FOODID,EMPID,SDATE,AMOUNT) values (3,6,to_date('08-DEC-16 14:58:30','DD-MON-RR HH24:MI:SS'),1);
Insert into SELL (FOODID,EMPID,SDATE,AMOUNT) values (3,5,to_date('09-DEC-16 19:55:05','DD-MON-RR HH24:MI:SS'),1);
Insert into SELL (FOODID,EMPID,SDATE,AMOUNT) values (3,5,to_date('09-DEC-16 19:57:42','DD-MON-RR HH24:MI:SS'),1);
Insert into SELL (FOODID,EMPID,SDATE,AMOUNT) values (3,5,to_date('08-DEC-16 19:58:15','DD-MON-RR HH24:MI:SS'),1);
Insert into SELL (FOODID,EMPID,SDATE,AMOUNT) values (3,5,to_date('08-DEC-16 15:59:55','DD-MON-RR HH24:MI:SS'),1);
Insert into SELL (FOODID,EMPID,SDATE,AMOUNT) values (3,5,to_date('09-DEC-16 14:59:00','DD-MON-RR HH24:MI:SS'),2);
Insert into SELL (FOODID,EMPID,SDATE,AMOUNT) values (3,5,to_date('08-DEC-16 14:59:00','DD-MON-RR HH24:MI:SS'),1);
Insert into SELL (FOODID,EMPID,SDATE,AMOUNT) values (4,5,to_date('09-DEC-16 14:56:10','DD-MON-RR HH24:MI:SS'),1);
Insert into SELL (FOODID,EMPID,SDATE,AMOUNT) values (4,6,to_date('08-DEC-16 19:58:35','DD-MON-RR HH24:MI:SS'),4);
Insert into SELL (FOODID,EMPID,SDATE,AMOUNT) values (4,6,to_date('08-DEC-16 18:55:30','DD-MON-RR HH24:MI:SS'),2);
Insert into SELL (FOODID,EMPID,SDATE,AMOUNT) values (4,5,to_date('08-DEC-16 14:55:30','DD-MON-RR HH24:MI:SS'),2);
Insert into SELL (FOODID,EMPID,SDATE,AMOUNT) values (4,5,to_date('09-DEC-16 15:52:55','DD-MON-RR HH24:MI:SS'),1);
Insert into SELL (FOODID,EMPID,SDATE,AMOUNT) values (4,5,to_date('08-DEC-16 15:56:56','DD-MON-RR HH24:MI:SS'),2);
Insert into SELL (FOODID,EMPID,SDATE,AMOUNT) values (4,5,to_date('08-DEC-16 14:59:00','DD-MON-RR HH24:MI:SS'),3);
Insert into SELL (FOODID,EMPID,SDATE,AMOUNT) values (4,5,to_date('09-DEC-16 19:59:48','DD-MON-RR HH24:MI:SS'),1);
Insert into SELL (FOODID,EMPID,SDATE,AMOUNT) values (4,5,to_date('08-DEC-16 19:56:30','DD-MON-RR HH24:MI:SS'),3);
Insert into SELL (FOODID,EMPID,SDATE,AMOUNT) values (4,5,to_date('08-DEC-16 18:56:15','DD-MON-RR HH24:MI:SS'),4);
Insert into SELL (FOODID,EMPID,SDATE,AMOUNT) values (4,5,to_date('09-DEC-16 19:55:05','DD-MON-RR HH24:MI:SS'),1);
Insert into SELL (FOODID,EMPID,SDATE,AMOUNT) values (5,6,to_date('08-DEC-16 19:56:48','DD-MON-RR HH24:MI:SS'),1);
Insert into SELL (FOODID,EMPID,SDATE,AMOUNT) values (5,5,to_date('08-DEC-16 15:59:55','DD-MON-RR HH24:MI:SS'),2);
Insert into SELL (FOODID,EMPID,SDATE,AMOUNT) values (5,5,to_date('08-DEC-16 15:56:05','DD-MON-RR HH24:MI:SS'),1);
Insert into SELL (FOODID,EMPID,SDATE,AMOUNT) values (5,6,to_date('08-DEC-16 14:56:45','DD-MON-RR HH24:MI:SS'),1);
Insert into SELL (FOODID,EMPID,SDATE,AMOUNT) values (5,5,to_date('08-DEC-16 19:58:15','DD-MON-RR HH24:MI:SS'),2);
Insert into SELL (FOODID,EMPID,SDATE,AMOUNT) values (5,5,to_date('09-DEC-16 19:57:42','DD-MON-RR HH24:MI:SS'),1);
Insert into SELL (FOODID,EMPID,SDATE,AMOUNT) values (5,5,to_date('09-DEC-16 18:59:05','DD-MON-RR HH24:MI:SS'),1);
Insert into SELL (FOODID,EMPID,SDATE,AMOUNT) values (5,5,to_date('09-DEC-16 18:57:15','DD-MON-RR HH24:MI:SS'),3);
Insert into SELL (FOODID,EMPID,SDATE,AMOUNT) values (5,6,to_date('09-DEC-16 14:59:42','DD-MON-RR HH24:MI:SS'),2);
Insert into SELL (FOODID,EMPID,SDATE,AMOUNT) values (5,6,to_date('09-DEC-16 14:55:00','DD-MON-RR HH24:MI:SS'),1);
Insert into SELL (FOODID,EMPID,SDATE,AMOUNT) values (6,6,to_date('09-DEC-16 14:57:02','DD-MON-RR HH24:MI:SS'),1);
Insert into SELL (FOODID,EMPID,SDATE,AMOUNT) values (6,6,to_date('08-DEC-16 15:56:12','DD-MON-RR HH24:MI:SS'),1);
Insert into SELL (FOODID,EMPID,SDATE,AMOUNT) values (6,6,to_date('09-DEC-16 19:56:22','DD-MON-RR HH24:MI:SS'),1);
Insert into SELL (FOODID,EMPID,SDATE,AMOUNT) values (6,5,to_date('08-DEC-16 18:54:15','DD-MON-RR HH24:MI:SS'),1);
Insert into SELL (FOODID,EMPID,SDATE,AMOUNT) values (6,6,to_date('09-DEC-16 18:58:45','DD-MON-RR HH24:MI:SS'),1);
Insert into SELL (FOODID,EMPID,SDATE,AMOUNT) values (7,5,to_date('08-DEC-16 14:56:05','DD-MON-RR HH24:MI:SS'),1);
Insert into SELL (FOODID,EMPID,SDATE,AMOUNT) values (7,6,to_date('09-DEC-16 18:59:15','DD-MON-RR HH24:MI:SS'),1);
Insert into SELL (FOODID,EMPID,SDATE,AMOUNT) values (7,5,to_date('09-DEC-16 15:54:52','DD-MON-RR HH24:MI:SS'),1);
Insert into SELL (FOODID,EMPID,SDATE,AMOUNT) values (7,6,to_date('09-DEC-16 15:54:48','DD-MON-RR HH24:MI:SS'),1);
Insert into SELL (FOODID,EMPID,SDATE,AMOUNT) values (7,6,to_date('08-DEC-16 15:58:05','DD-MON-RR HH24:MI:SS'),1);
Insert into SELL (FOODID,EMPID,SDATE,AMOUNT) values (7,6,to_date('08-DEC-16 18:58:15','DD-MON-RR HH24:MI:SS'),1);
Insert into SELL (FOODID,EMPID,SDATE,AMOUNT) values (7,6,to_date('08-DEC-16 15:59:50','DD-MON-RR HH24:MI:SS'),1);
Insert into SELL (FOODID,EMPID,SDATE,AMOUNT) values (7,6,to_date('09-DEC-16 19:55:59','DD-MON-RR HH24:MI:SS'),1);
Insert into SELL (FOODID,EMPID,SDATE,AMOUNT) values (8,6,to_date('09-DEC-16 18:56:35','DD-MON-RR HH24:MI:SS'),1);
Insert into SELL (FOODID,EMPID,SDATE,AMOUNT) values (8,5,to_date('08-DEC-16 14:57:08','DD-MON-RR HH24:MI:SS'),1);
Insert into SELL (FOODID,EMPID,SDATE,AMOUNT) values (8,5,to_date('08-DEC-16 18:55:15','DD-MON-RR HH24:MI:SS'),1);
Insert into SELL (FOODID,EMPID,SDATE,AMOUNT) values (8,5,to_date('09-DEC-16 14:57:20','DD-MON-RR HH24:MI:SS'),1);
commit;

--------------------------------------------------------
--  File created - Tuesday-December-13-2016   
--------------------------------------------------------
REM INSERTING into SHOWTIME
SET DEFINE OFF;
Insert into SHOWTIME (SHOWDATE,MOVIEID,THEATREID) values (to_date('01-DEC-16 15:00:00','DD-MON-RR HH24:MI:SS'),1,1);
Insert into SHOWTIME (SHOWDATE,MOVIEID,THEATREID) values (to_date('01-DEC-16 15:00:00','DD-MON-RR HH24:MI:SS'),2,2);
Insert into SHOWTIME (SHOWDATE,MOVIEID,THEATREID) values (to_date('01-DEC-16 16:00:00','DD-MON-RR HH24:MI:SS'),3,3);
Insert into SHOWTIME (SHOWDATE,MOVIEID,THEATREID) values (to_date('01-DEC-16 16:00:00','DD-MON-RR HH24:MI:SS'),4,4);
Insert into SHOWTIME (SHOWDATE,MOVIEID,THEATREID) values (to_date('01-DEC-16 19:00:00','DD-MON-RR HH24:MI:SS'),1,1);
Insert into SHOWTIME (SHOWDATE,MOVIEID,THEATREID) values (to_date('01-DEC-16 19:00:00','DD-MON-RR HH24:MI:SS'),2,2);
Insert into SHOWTIME (SHOWDATE,MOVIEID,THEATREID) values (to_date('01-DEC-16 20:00:00','DD-MON-RR HH24:MI:SS'),3,3);
Insert into SHOWTIME (SHOWDATE,MOVIEID,THEATREID) values (to_date('01-DEC-16 20:00:00','DD-MON-RR HH24:MI:SS'),4,4);
Insert into SHOWTIME (SHOWDATE,MOVIEID,THEATREID) values (to_date('02-DEC-16 15:00:00','DD-MON-RR HH24:MI:SS'),1,1);
Insert into SHOWTIME (SHOWDATE,MOVIEID,THEATREID) values (to_date('02-DEC-16 15:00:00','DD-MON-RR HH24:MI:SS'),2,2);
Insert into SHOWTIME (SHOWDATE,MOVIEID,THEATREID) values (to_date('02-DEC-16 16:00:00','DD-MON-RR HH24:MI:SS'),3,3);
Insert into SHOWTIME (SHOWDATE,MOVIEID,THEATREID) values (to_date('02-DEC-16 16:00:00','DD-MON-RR HH24:MI:SS'),4,4);
Insert into SHOWTIME (SHOWDATE,MOVIEID,THEATREID) values (to_date('02-DEC-16 19:00:00','DD-MON-RR HH24:MI:SS'),1,1);
Insert into SHOWTIME (SHOWDATE,MOVIEID,THEATREID) values (to_date('02-DEC-16 19:00:00','DD-MON-RR HH24:MI:SS'),2,2);
Insert into SHOWTIME (SHOWDATE,MOVIEID,THEATREID) values (to_date('02-DEC-16 20:00:00','DD-MON-RR HH24:MI:SS'),3,3);
Insert into SHOWTIME (SHOWDATE,MOVIEID,THEATREID) values (to_date('02-DEC-16 20:00:00','DD-MON-RR HH24:MI:SS'),4,4);
Insert into SHOWTIME (SHOWDATE,MOVIEID,THEATREID) values (to_date('08-DEC-16 15:00:00','DD-MON-RR HH24:MI:SS'),5,1);
Insert into SHOWTIME (SHOWDATE,MOVIEID,THEATREID) values (to_date('08-DEC-16 15:00:00','DD-MON-RR HH24:MI:SS'),6,2);
Insert into SHOWTIME (SHOWDATE,MOVIEID,THEATREID) values (to_date('08-DEC-16 16:00:00','DD-MON-RR HH24:MI:SS'),7,3);
Insert into SHOWTIME (SHOWDATE,MOVIEID,THEATREID) values (to_date('08-DEC-16 16:00:00','DD-MON-RR HH24:MI:SS'),8,4);
Insert into SHOWTIME (SHOWDATE,MOVIEID,THEATREID) values (to_date('08-DEC-16 19:00:00','DD-MON-RR HH24:MI:SS'),5,1);
Insert into SHOWTIME (SHOWDATE,MOVIEID,THEATREID) values (to_date('08-DEC-16 19:00:00','DD-MON-RR HH24:MI:SS'),6,2);
Insert into SHOWTIME (SHOWDATE,MOVIEID,THEATREID) values (to_date('08-DEC-16 20:00:00','DD-MON-RR HH24:MI:SS'),7,3);
Insert into SHOWTIME (SHOWDATE,MOVIEID,THEATREID) values (to_date('08-DEC-16 20:00:00','DD-MON-RR HH24:MI:SS'),8,4);
Insert into SHOWTIME (SHOWDATE,MOVIEID,THEATREID) values (to_date('09-DEC-16 15:00:00','DD-MON-RR HH24:MI:SS'),5,1);
Insert into SHOWTIME (SHOWDATE,MOVIEID,THEATREID) values (to_date('09-DEC-16 15:00:00','DD-MON-RR HH24:MI:SS'),6,2);
Insert into SHOWTIME (SHOWDATE,MOVIEID,THEATREID) values (to_date('09-DEC-16 16:00:00','DD-MON-RR HH24:MI:SS'),7,3);
Insert into SHOWTIME (SHOWDATE,MOVIEID,THEATREID) values (to_date('09-DEC-16 16:00:00','DD-MON-RR HH24:MI:SS'),8,4);
Insert into SHOWTIME (SHOWDATE,MOVIEID,THEATREID) values (to_date('09-DEC-16 19:00:00','DD-MON-RR HH24:MI:SS'),5,1);
Insert into SHOWTIME (SHOWDATE,MOVIEID,THEATREID) values (to_date('09-DEC-16 19:00:00','DD-MON-RR HH24:MI:SS'),6,2);
Insert into SHOWTIME (SHOWDATE,MOVIEID,THEATREID) values (to_date('09-DEC-16 20:00:00','DD-MON-RR HH24:MI:SS'),7,3);
Insert into SHOWTIME (SHOWDATE,MOVIEID,THEATREID) values (to_date('09-DEC-16 20:00:00','DD-MON-RR HH24:MI:SS'),8,4);
Insert into SHOWTIME (SHOWDATE,MOVIEID,THEATREID) values (to_date('15-DEC-16 15:00:00','DD-MON-RR HH24:MI:SS'),9,1);
Insert into SHOWTIME (SHOWDATE,MOVIEID,THEATREID) values (to_date('15-DEC-16 15:00:00','DD-MON-RR HH24:MI:SS'),10,2);
Insert into SHOWTIME (SHOWDATE,MOVIEID,THEATREID) values (to_date('15-DEC-16 16:00:00','DD-MON-RR HH24:MI:SS'),11,3);
Insert into SHOWTIME (SHOWDATE,MOVIEID,THEATREID) values (to_date('15-DEC-16 16:00:00','DD-MON-RR HH24:MI:SS'),12,4);
Insert into SHOWTIME (SHOWDATE,MOVIEID,THEATREID) values (to_date('15-DEC-16 19:00:00','DD-MON-RR HH24:MI:SS'),9,1);
Insert into SHOWTIME (SHOWDATE,MOVIEID,THEATREID) values (to_date('15-DEC-16 19:00:00','DD-MON-RR HH24:MI:SS'),10,2);
Insert into SHOWTIME (SHOWDATE,MOVIEID,THEATREID) values (to_date('15-DEC-16 20:00:00','DD-MON-RR HH24:MI:SS'),11,3);
Insert into SHOWTIME (SHOWDATE,MOVIEID,THEATREID) values (to_date('15-DEC-16 20:00:00','DD-MON-RR HH24:MI:SS'),12,4);
Insert into SHOWTIME (SHOWDATE,MOVIEID,THEATREID) values (to_date('16-DEC-16 15:00:00','DD-MON-RR HH24:MI:SS'),9,1);
Insert into SHOWTIME (SHOWDATE,MOVIEID,THEATREID) values (to_date('16-DEC-16 15:00:00','DD-MON-RR HH24:MI:SS'),10,2);
Insert into SHOWTIME (SHOWDATE,MOVIEID,THEATREID) values (to_date('16-DEC-16 16:00:00','DD-MON-RR HH24:MI:SS'),11,3);
Insert into SHOWTIME (SHOWDATE,MOVIEID,THEATREID) values (to_date('16-DEC-16 16:00:00','DD-MON-RR HH24:MI:SS'),12,4);
Insert into SHOWTIME (SHOWDATE,MOVIEID,THEATREID) values (to_date('16-DEC-16 19:00:00','DD-MON-RR HH24:MI:SS'),9,1);
Insert into SHOWTIME (SHOWDATE,MOVIEID,THEATREID) values (to_date('16-DEC-16 19:00:00','DD-MON-RR HH24:MI:SS'),10,2);
Insert into SHOWTIME (SHOWDATE,MOVIEID,THEATREID) values (to_date('16-DEC-16 20:00:00','DD-MON-RR HH24:MI:SS'),11,3);
Insert into SHOWTIME (SHOWDATE,MOVIEID,THEATREID) values (to_date('16-DEC-16 20:00:00','DD-MON-RR HH24:MI:SS'),12,4);
Insert into SHOWTIME (SHOWDATE,MOVIEID,THEATREID) values (to_date('17-DEC-16 15:00:00','DD-MON-RR HH24:MI:SS'),9,1);
Insert into SHOWTIME (SHOWDATE,MOVIEID,THEATREID) values (to_date('17-DEC-16 15:00:00','DD-MON-RR HH24:MI:SS'),10,2);
Insert into SHOWTIME (SHOWDATE,MOVIEID,THEATREID) values (to_date('17-DEC-16 16:00:00','DD-MON-RR HH24:MI:SS'),11,3);
Insert into SHOWTIME (SHOWDATE,MOVIEID,THEATREID) values (to_date('17-DEC-16 16:00:00','DD-MON-RR HH24:MI:SS'),12,4);
Insert into SHOWTIME (SHOWDATE,MOVIEID,THEATREID) values (to_date('17-DEC-16 19:00:00','DD-MON-RR HH24:MI:SS'),9,1);
Insert into SHOWTIME (SHOWDATE,MOVIEID,THEATREID) values (to_date('17-DEC-16 19:00:00','DD-MON-RR HH24:MI:SS'),10,2);
Insert into SHOWTIME (SHOWDATE,MOVIEID,THEATREID) values (to_date('17-DEC-16 20:00:00','DD-MON-RR HH24:MI:SS'),11,3);
Insert into SHOWTIME (SHOWDATE,MOVIEID,THEATREID) values (to_date('17-DEC-16 20:00:00','DD-MON-RR HH24:MI:SS'),12,4);
Insert into SHOWTIME (SHOWDATE,MOVIEID,THEATREID) values (to_date('18-DEC-16 15:00:00','DD-MON-RR HH24:MI:SS'),9,1);
Insert into SHOWTIME (SHOWDATE,MOVIEID,THEATREID) values (to_date('18-DEC-16 15:00:00','DD-MON-RR HH24:MI:SS'),10,2);
Insert into SHOWTIME (SHOWDATE,MOVIEID,THEATREID) values (to_date('18-DEC-16 16:00:00','DD-MON-RR HH24:MI:SS'),11,3);
Insert into SHOWTIME (SHOWDATE,MOVIEID,THEATREID) values (to_date('18-DEC-16 16:00:00','DD-MON-RR HH24:MI:SS'),12,4);
Insert into SHOWTIME (SHOWDATE,MOVIEID,THEATREID) values (to_date('18-DEC-16 19:00:00','DD-MON-RR HH24:MI:SS'),9,1);
Insert into SHOWTIME (SHOWDATE,MOVIEID,THEATREID) values (to_date('18-DEC-16 19:00:00','DD-MON-RR HH24:MI:SS'),10,2);
Insert into SHOWTIME (SHOWDATE,MOVIEID,THEATREID) values (to_date('18-DEC-16 20:00:00','DD-MON-RR HH24:MI:SS'),11,3);
Insert into SHOWTIME (SHOWDATE,MOVIEID,THEATREID) values (to_date('18-DEC-16 20:00:00','DD-MON-RR HH24:MI:SS'),12,4);
Insert into SHOWTIME (SHOWDATE,MOVIEID,THEATREID) values (to_date('19-DEC-16 15:00:00','DD-MON-RR HH24:MI:SS'),9,1);
Insert into SHOWTIME (SHOWDATE,MOVIEID,THEATREID) values (to_date('19-DEC-16 15:00:00','DD-MON-RR HH24:MI:SS'),10,2);
Insert into SHOWTIME (SHOWDATE,MOVIEID,THEATREID) values (to_date('19-DEC-16 16:00:00','DD-MON-RR HH24:MI:SS'),11,3);
Insert into SHOWTIME (SHOWDATE,MOVIEID,THEATREID) values (to_date('19-DEC-16 16:00:00','DD-MON-RR HH24:MI:SS'),12,4);
Insert into SHOWTIME (SHOWDATE,MOVIEID,THEATREID) values (to_date('19-DEC-16 19:00:00','DD-MON-RR HH24:MI:SS'),9,1);
Insert into SHOWTIME (SHOWDATE,MOVIEID,THEATREID) values (to_date('19-DEC-16 19:00:00','DD-MON-RR HH24:MI:SS'),10,2);
Insert into SHOWTIME (SHOWDATE,MOVIEID,THEATREID) values (to_date('19-DEC-16 20:00:00','DD-MON-RR HH24:MI:SS'),11,3);
Insert into SHOWTIME (SHOWDATE,MOVIEID,THEATREID) values (to_date('19-DEC-16 20:00:00','DD-MON-RR HH24:MI:SS'),12,4);
Insert into SHOWTIME (SHOWDATE,MOVIEID,THEATREID) values (to_date('20-DEC-16 15:00:00','DD-MON-RR HH24:MI:SS'),9,1);
Insert into SHOWTIME (SHOWDATE,MOVIEID,THEATREID) values (to_date('20-DEC-16 15:00:00','DD-MON-RR HH24:MI:SS'),10,2);
Insert into SHOWTIME (SHOWDATE,MOVIEID,THEATREID) values (to_date('20-DEC-16 16:00:00','DD-MON-RR HH24:MI:SS'),11,3);
Insert into SHOWTIME (SHOWDATE,MOVIEID,THEATREID) values (to_date('20-DEC-16 16:00:00','DD-MON-RR HH24:MI:SS'),12,4);
Insert into SHOWTIME (SHOWDATE,MOVIEID,THEATREID) values (to_date('20-DEC-16 19:00:00','DD-MON-RR HH24:MI:SS'),9,1);
Insert into SHOWTIME (SHOWDATE,MOVIEID,THEATREID) values (to_date('20-DEC-16 19:00:00','DD-MON-RR HH24:MI:SS'),10,2);
Insert into SHOWTIME (SHOWDATE,MOVIEID,THEATREID) values (to_date('20-DEC-16 20:00:00','DD-MON-RR HH24:MI:SS'),11,3);
Insert into SHOWTIME (SHOWDATE,MOVIEID,THEATREID) values (to_date('20-DEC-16 20:00:00','DD-MON-RR HH24:MI:SS'),12,4);
Insert into SHOWTIME (SHOWDATE,MOVIEID,THEATREID) values (to_date('21-DEC-16 15:00:00','DD-MON-RR HH24:MI:SS'),9,1);
Insert into SHOWTIME (SHOWDATE,MOVIEID,THEATREID) values (to_date('21-DEC-16 15:00:00','DD-MON-RR HH24:MI:SS'),10,2);
Insert into SHOWTIME (SHOWDATE,MOVIEID,THEATREID) values (to_date('21-DEC-16 16:00:00','DD-MON-RR HH24:MI:SS'),11,3);
Insert into SHOWTIME (SHOWDATE,MOVIEID,THEATREID) values (to_date('21-DEC-16 16:00:00','DD-MON-RR HH24:MI:SS'),12,4);
Insert into SHOWTIME (SHOWDATE,MOVIEID,THEATREID) values (to_date('21-DEC-16 19:00:00','DD-MON-RR HH24:MI:SS'),9,1);
Insert into SHOWTIME (SHOWDATE,MOVIEID,THEATREID) values (to_date('21-DEC-16 19:00:00','DD-MON-RR HH24:MI:SS'),10,2);
Insert into SHOWTIME (SHOWDATE,MOVIEID,THEATREID) values (to_date('21-DEC-16 20:00:00','DD-MON-RR HH24:MI:SS'),11,3);
Insert into SHOWTIME (SHOWDATE,MOVIEID,THEATREID) values (to_date('21-DEC-16 20:00:00','DD-MON-RR HH24:MI:SS'),12,4);
commit;


--------------------------------------------------------
--  File created - Wednesday-December-14-2016   
--------------------------------------------------------
REM INSERTING into REVIEW
SET DEFINE OFF;
Insert into REVIEW (MOVIEID,MEMBERID,RATING,COMMENTS) values (2,1,4,'Nice movies.');
Insert into REVIEW (MOVIEID,MEMBERID,RATING,COMMENTS) values (11,1,2,'Sleepy');
Insert into REVIEW (MOVIEID,MEMBERID,RATING,COMMENTS) values (2,2,5,'Wonderful.');
Insert into REVIEW (MOVIEID,MEMBERID,RATING,COMMENTS) values (11,2,3,'Nice.');
Insert into REVIEW (MOVIEID,MEMBERID,RATING,COMMENTS) values (4,3,4,'AHHHH');
Insert into REVIEW (MOVIEID,MEMBERID,RATING,COMMENTS) values (8,3,3,'AHHHH');
Insert into REVIEW (MOVIEID,MEMBERID,RATING,COMMENTS) values (9,3,5,'AHHHH');
Insert into REVIEW (MOVIEID,MEMBERID,RATING,COMMENTS) values (12,3,4,'AHHHH');
Insert into REVIEW (MOVIEID,MEMBERID,RATING,COMMENTS) values (4,4,4,'GOOD.');
Insert into REVIEW (MOVIEID,MEMBERID,RATING,COMMENTS) values (8,4,3,'NICE.');
Insert into REVIEW (MOVIEID,MEMBERID,RATING,COMMENTS) values (2,5,4,'Amazing.');
Insert into REVIEW (MOVIEID,MEMBERID,RATING,COMMENTS) values (5,7,3,'Let it go~');
Insert into REVIEW (MOVIEID,MEMBERID,RATING,COMMENTS) values (1,6,5,'Excellence.');
Insert into REVIEW (MOVIEID,MEMBERID,RATING,COMMENTS) values (5,6,3,'Not bad.');
Insert into REVIEW (MOVIEID,MEMBERID,RATING,COMMENTS) values (7,6,4,'Nice Nice Nice.');
Insert into REVIEW (MOVIEID,MEMBERID,RATING,COMMENTS) values (1,7,5,'OMG!');
Insert into REVIEW (MOVIEID,MEMBERID,RATING,COMMENTS) values (7,7,4,'Good movie.');
Insert into REVIEW (MOVIEID,MEMBERID,RATING,COMMENTS) values (4,9,3,'KAK');
Insert into REVIEW (MOVIEID,MEMBERID,RATING,COMMENTS) values (4,10,5,'Very nice.');
Insert into REVIEW (MOVIEID,MEMBERID,RATING,COMMENTS) values (3,8,3,'NOOB');
Insert into REVIEW (MOVIEID,MEMBERID,RATING,COMMENTS) values (6,8,4,'GOOD');
Insert into REVIEW (MOVIEID,MEMBERID,RATING,COMMENTS) values (8,8,3,'NOOB');
Insert into REVIEW (MOVIEID,MEMBERID,RATING,COMMENTS) values (2,11,4,'eiei');
Insert into REVIEW (MOVIEID,MEMBERID,RATING,COMMENTS) values (3,11,3,'eiei');
Insert into REVIEW (MOVIEID,MEMBERID,RATING,COMMENTS) values (6,11,4,'eiei');
Insert into REVIEW (MOVIEID,MEMBERID,RATING,COMMENTS) values (8,11,3,'eiei');
Insert into REVIEW (MOVIEID,MEMBERID,RATING,COMMENTS) values (4,12,3,null);
Insert into REVIEW (MOVIEID,MEMBERID,RATING,COMMENTS) values (7,12,5,null);
Insert into REVIEW (MOVIEID,MEMBERID,RATING,COMMENTS) values (8,12,4,null);
commit;

--------------------------------------------------------
--  File created - Wednesday-December-14-2016   
--------------------------------------------------------
REM INSERTING into TICKET
SET DEFINE OFF;
Insert into TICKET (TICKETID,MEMBERID,SEATROW,SEATNUMBER,THEATREID,SHOWDATE,MOVIEID,EMPID) values (1,null,'A',1,1,to_date('01-DEC-16 15:00:00','DD-MON-RR HH24:MI:SS'),1,3);
Insert into TICKET (TICKETID,MEMBERID,SEATROW,SEATNUMBER,THEATREID,SHOWDATE,MOVIEID,EMPID) values (2,null,'A',2,1,to_date('01-DEC-16 15:00:00','DD-MON-RR HH24:MI:SS'),1,3);
Insert into TICKET (TICKETID,MEMBERID,SEATROW,SEATNUMBER,THEATREID,SHOWDATE,MOVIEID,EMPID) values (3,null,'A',3,1,to_date('01-DEC-16 15:00:00','DD-MON-RR HH24:MI:SS'),1,4);
Insert into TICKET (TICKETID,MEMBERID,SEATROW,SEATNUMBER,THEATREID,SHOWDATE,MOVIEID,EMPID) values (4,null,'A',4,1,to_date('01-DEC-16 15:00:00','DD-MON-RR HH24:MI:SS'),1,3);
Insert into TICKET (TICKETID,MEMBERID,SEATROW,SEATNUMBER,THEATREID,SHOWDATE,MOVIEID,EMPID) values (5,null,'A',5,1,to_date('01-DEC-16 15:00:00','DD-MON-RR HH24:MI:SS'),1,4);
Insert into TICKET (TICKETID,MEMBERID,SEATROW,SEATNUMBER,THEATREID,SHOWDATE,MOVIEID,EMPID) values (6,null,'A',6,1,to_date('01-DEC-16 15:00:00','DD-MON-RR HH24:MI:SS'),1,4);
Insert into TICKET (TICKETID,MEMBERID,SEATROW,SEATNUMBER,THEATREID,SHOWDATE,MOVIEID,EMPID) values (7,null,'A',7,1,to_date('01-DEC-16 15:00:00','DD-MON-RR HH24:MI:SS'),1,3);
Insert into TICKET (TICKETID,MEMBERID,SEATROW,SEATNUMBER,THEATREID,SHOWDATE,MOVIEID,EMPID) values (8,null,'A',8,1,to_date('01-DEC-16 15:00:00','DD-MON-RR HH24:MI:SS'),1,4);
Insert into TICKET (TICKETID,MEMBERID,SEATROW,SEATNUMBER,THEATREID,SHOWDATE,MOVIEID,EMPID) values (9,null,'A',9,1,to_date('01-DEC-16 15:00:00','DD-MON-RR HH24:MI:SS'),1,3);
Insert into TICKET (TICKETID,MEMBERID,SEATROW,SEATNUMBER,THEATREID,SHOWDATE,MOVIEID,EMPID) values (10,null,'A',10,1,to_date('01-DEC-16 15:00:00','DD-MON-RR HH24:MI:SS'),1,3);
Insert into TICKET (TICKETID,MEMBERID,SEATROW,SEATNUMBER,THEATREID,SHOWDATE,MOVIEID,EMPID) values (11,null,'A',11,1,to_date('01-DEC-16 15:00:00','DD-MON-RR HH24:MI:SS'),1,3);
Insert into TICKET (TICKETID,MEMBERID,SEATROW,SEATNUMBER,THEATREID,SHOWDATE,MOVIEID,EMPID) values (12,null,'A',12,1,to_date('01-DEC-16 15:00:00','DD-MON-RR HH24:MI:SS'),1,4);
Insert into TICKET (TICKETID,MEMBERID,SEATROW,SEATNUMBER,THEATREID,SHOWDATE,MOVIEID,EMPID) values (13,null,'A',13,1,to_date('01-DEC-16 15:00:00','DD-MON-RR HH24:MI:SS'),1,4);
Insert into TICKET (TICKETID,MEMBERID,SEATROW,SEATNUMBER,THEATREID,SHOWDATE,MOVIEID,EMPID) values (14,null,'A',14,1,to_date('01-DEC-16 15:00:00','DD-MON-RR HH24:MI:SS'),1,4);
Insert into TICKET (TICKETID,MEMBERID,SEATROW,SEATNUMBER,THEATREID,SHOWDATE,MOVIEID,EMPID) values (15,6,'A',15,1,to_date('01-DEC-16 15:00:00','DD-MON-RR HH24:MI:SS'),1,3);
Insert into TICKET (TICKETID,MEMBERID,SEATROW,SEATNUMBER,THEATREID,SHOWDATE,MOVIEID,EMPID) values (16,7,'A',16,1,to_date('01-DEC-16 15:00:00','DD-MON-RR HH24:MI:SS'),1,4);
Insert into TICKET (TICKETID,MEMBERID,SEATROW,SEATNUMBER,THEATREID,SHOWDATE,MOVIEID,EMPID) values (17,null,'A',17,1,to_date('01-DEC-16 15:00:00','DD-MON-RR HH24:MI:SS'),1,3);
Insert into TICKET (TICKETID,MEMBERID,SEATROW,SEATNUMBER,THEATREID,SHOWDATE,MOVIEID,EMPID) values (18,null,'A',18,1,to_date('01-DEC-16 15:00:00','DD-MON-RR HH24:MI:SS'),1,3);
Insert into TICKET (TICKETID,MEMBERID,SEATROW,SEATNUMBER,THEATREID,SHOWDATE,MOVIEID,EMPID) values (19,null,'A',19,1,to_date('01-DEC-16 15:00:00','DD-MON-RR HH24:MI:SS'),1,3);
Insert into TICKET (TICKETID,MEMBERID,SEATROW,SEATNUMBER,THEATREID,SHOWDATE,MOVIEID,EMPID) values (20,null,'A',20,1,to_date('01-DEC-16 15:00:00','DD-MON-RR HH24:MI:SS'),1,4);
Insert into TICKET (TICKETID,MEMBERID,SEATROW,SEATNUMBER,THEATREID,SHOWDATE,MOVIEID,EMPID) values (21,null,'B',1,1,to_date('01-DEC-16 15:00:00','DD-MON-RR HH24:MI:SS'),1,3);
Insert into TICKET (TICKETID,MEMBERID,SEATROW,SEATNUMBER,THEATREID,SHOWDATE,MOVIEID,EMPID) values (22,null,'B',2,1,to_date('01-DEC-16 15:00:00','DD-MON-RR HH24:MI:SS'),1,3);
Insert into TICKET (TICKETID,MEMBERID,SEATROW,SEATNUMBER,THEATREID,SHOWDATE,MOVIEID,EMPID) values (23,null,'B',3,1,to_date('01-DEC-16 15:00:00','DD-MON-RR HH24:MI:SS'),1,3);
Insert into TICKET (TICKETID,MEMBERID,SEATROW,SEATNUMBER,THEATREID,SHOWDATE,MOVIEID,EMPID) values (24,null,'B',4,1,to_date('01-DEC-16 15:00:00','DD-MON-RR HH24:MI:SS'),1,4);
Insert into TICKET (TICKETID,MEMBERID,SEATROW,SEATNUMBER,THEATREID,SHOWDATE,MOVIEID,EMPID) values (25,null,'B',5,1,to_date('01-DEC-16 15:00:00','DD-MON-RR HH24:MI:SS'),1,4);
Insert into TICKET (TICKETID,MEMBERID,SEATROW,SEATNUMBER,THEATREID,SHOWDATE,MOVIEID,EMPID) values (26,null,'B',6,1,to_date('01-DEC-16 15:00:00','DD-MON-RR HH24:MI:SS'),1,3);
Insert into TICKET (TICKETID,MEMBERID,SEATROW,SEATNUMBER,THEATREID,SHOWDATE,MOVIEID,EMPID) values (27,null,'B',7,1,to_date('01-DEC-16 15:00:00','DD-MON-RR HH24:MI:SS'),1,4);
Insert into TICKET (TICKETID,MEMBERID,SEATROW,SEATNUMBER,THEATREID,SHOWDATE,MOVIEID,EMPID) values (28,null,'B',8,1,to_date('01-DEC-16 15:00:00','DD-MON-RR HH24:MI:SS'),1,4);
Insert into TICKET (TICKETID,MEMBERID,SEATROW,SEATNUMBER,THEATREID,SHOWDATE,MOVIEID,EMPID) values (29,null,'B',9,1,to_date('01-DEC-16 15:00:00','DD-MON-RR HH24:MI:SS'),1,3);
Insert into TICKET (TICKETID,MEMBERID,SEATROW,SEATNUMBER,THEATREID,SHOWDATE,MOVIEID,EMPID) values (30,null,'B',10,1,to_date('01-DEC-16 15:00:00','DD-MON-RR HH24:MI:SS'),1,3);
Insert into TICKET (TICKETID,MEMBERID,SEATROW,SEATNUMBER,THEATREID,SHOWDATE,MOVIEID,EMPID) values (31,null,'B',11,1,to_date('01-DEC-16 15:00:00','DD-MON-RR HH24:MI:SS'),1,4);
Insert into TICKET (TICKETID,MEMBERID,SEATROW,SEATNUMBER,THEATREID,SHOWDATE,MOVIEID,EMPID) values (32,null,'B',12,1,to_date('01-DEC-16 15:00:00','DD-MON-RR HH24:MI:SS'),1,3);
Insert into TICKET (TICKETID,MEMBERID,SEATROW,SEATNUMBER,THEATREID,SHOWDATE,MOVIEID,EMPID) values (33,null,'B',13,1,to_date('01-DEC-16 15:00:00','DD-MON-RR HH24:MI:SS'),1,4);
Insert into TICKET (TICKETID,MEMBERID,SEATROW,SEATNUMBER,THEATREID,SHOWDATE,MOVIEID,EMPID) values (34,null,'B',14,1,to_date('01-DEC-16 15:00:00','DD-MON-RR HH24:MI:SS'),1,3);
Insert into TICKET (TICKETID,MEMBERID,SEATROW,SEATNUMBER,THEATREID,SHOWDATE,MOVIEID,EMPID) values (35,null,'B',15,1,to_date('01-DEC-16 15:00:00','DD-MON-RR HH24:MI:SS'),1,3);
Insert into TICKET (TICKETID,MEMBERID,SEATROW,SEATNUMBER,THEATREID,SHOWDATE,MOVIEID,EMPID) values (36,null,'B',16,1,to_date('01-DEC-16 15:00:00','DD-MON-RR HH24:MI:SS'),1,4);
Insert into TICKET (TICKETID,MEMBERID,SEATROW,SEATNUMBER,THEATREID,SHOWDATE,MOVIEID,EMPID) values (37,null,'B',17,1,to_date('01-DEC-16 15:00:00','DD-MON-RR HH24:MI:SS'),1,4);
Insert into TICKET (TICKETID,MEMBERID,SEATROW,SEATNUMBER,THEATREID,SHOWDATE,MOVIEID,EMPID) values (38,null,'B',18,1,to_date('01-DEC-16 15:00:00','DD-MON-RR HH24:MI:SS'),1,4);
Insert into TICKET (TICKETID,MEMBERID,SEATROW,SEATNUMBER,THEATREID,SHOWDATE,MOVIEID,EMPID) values (39,null,'B',19,1,to_date('01-DEC-16 15:00:00','DD-MON-RR HH24:MI:SS'),1,3);
Insert into TICKET (TICKETID,MEMBERID,SEATROW,SEATNUMBER,THEATREID,SHOWDATE,MOVIEID,EMPID) values (40,null,'B',20,1,to_date('01-DEC-16 15:00:00','DD-MON-RR HH24:MI:SS'),1,4);
Insert into TICKET (TICKETID,MEMBERID,SEATROW,SEATNUMBER,THEATREID,SHOWDATE,MOVIEID,EMPID) values (41,null,'C',1,1,to_date('01-DEC-16 15:00:00','DD-MON-RR HH24:MI:SS'),1,3);
Insert into TICKET (TICKETID,MEMBERID,SEATROW,SEATNUMBER,THEATREID,SHOWDATE,MOVIEID,EMPID) values (42,null,'C',2,1,to_date('01-DEC-16 15:00:00','DD-MON-RR HH24:MI:SS'),1,3);
Insert into TICKET (TICKETID,MEMBERID,SEATROW,SEATNUMBER,THEATREID,SHOWDATE,MOVIEID,EMPID) values (43,null,'C',3,1,to_date('01-DEC-16 15:00:00','DD-MON-RR HH24:MI:SS'),1,4);
Insert into TICKET (TICKETID,MEMBERID,SEATROW,SEATNUMBER,THEATREID,SHOWDATE,MOVIEID,EMPID) values (44,null,'C',4,1,to_date('01-DEC-16 15:00:00','DD-MON-RR HH24:MI:SS'),1,4);
Insert into TICKET (TICKETID,MEMBERID,SEATROW,SEATNUMBER,THEATREID,SHOWDATE,MOVIEID,EMPID) values (45,null,'C',5,1,to_date('01-DEC-16 15:00:00','DD-MON-RR HH24:MI:SS'),1,4);
Insert into TICKET (TICKETID,MEMBERID,SEATROW,SEATNUMBER,THEATREID,SHOWDATE,MOVIEID,EMPID) values (46,null,'C',6,1,to_date('01-DEC-16 15:00:00','DD-MON-RR HH24:MI:SS'),1,4);
Insert into TICKET (TICKETID,MEMBERID,SEATROW,SEATNUMBER,THEATREID,SHOWDATE,MOVIEID,EMPID) values (47,null,'C',7,1,to_date('01-DEC-16 15:00:00','DD-MON-RR HH24:MI:SS'),1,3);
Insert into TICKET (TICKETID,MEMBERID,SEATROW,SEATNUMBER,THEATREID,SHOWDATE,MOVIEID,EMPID) values (48,null,'C',8,1,to_date('01-DEC-16 15:00:00','DD-MON-RR HH24:MI:SS'),1,3);
Insert into TICKET (TICKETID,MEMBERID,SEATROW,SEATNUMBER,THEATREID,SHOWDATE,MOVIEID,EMPID) values (49,null,'C',9,1,to_date('01-DEC-16 15:00:00','DD-MON-RR HH24:MI:SS'),1,3);
Insert into TICKET (TICKETID,MEMBERID,SEATROW,SEATNUMBER,THEATREID,SHOWDATE,MOVIEID,EMPID) values (50,null,'C',10,1,to_date('01-DEC-16 15:00:00','DD-MON-RR HH24:MI:SS'),1,3);
Insert into TICKET (TICKETID,MEMBERID,SEATROW,SEATNUMBER,THEATREID,SHOWDATE,MOVIEID,EMPID) values (51,null,'C',11,1,to_date('01-DEC-16 15:00:00','DD-MON-RR HH24:MI:SS'),1,4);
Insert into TICKET (TICKETID,MEMBERID,SEATROW,SEATNUMBER,THEATREID,SHOWDATE,MOVIEID,EMPID) values (52,null,'C',12,1,to_date('01-DEC-16 15:00:00','DD-MON-RR HH24:MI:SS'),1,4);
Insert into TICKET (TICKETID,MEMBERID,SEATROW,SEATNUMBER,THEATREID,SHOWDATE,MOVIEID,EMPID) values (53,null,'C',13,1,to_date('01-DEC-16 15:00:00','DD-MON-RR HH24:MI:SS'),1,3);
Insert into TICKET (TICKETID,MEMBERID,SEATROW,SEATNUMBER,THEATREID,SHOWDATE,MOVIEID,EMPID) values (54,null,'C',14,1,to_date('01-DEC-16 15:00:00','DD-MON-RR HH24:MI:SS'),1,4);
Insert into TICKET (TICKETID,MEMBERID,SEATROW,SEATNUMBER,THEATREID,SHOWDATE,MOVIEID,EMPID) values (55,null,'C',15,1,to_date('01-DEC-16 15:00:00','DD-MON-RR HH24:MI:SS'),1,3);
Insert into TICKET (TICKETID,MEMBERID,SEATROW,SEATNUMBER,THEATREID,SHOWDATE,MOVIEID,EMPID) values (56,null,'C',16,1,to_date('01-DEC-16 15:00:00','DD-MON-RR HH24:MI:SS'),1,4);
Insert into TICKET (TICKETID,MEMBERID,SEATROW,SEATNUMBER,THEATREID,SHOWDATE,MOVIEID,EMPID) values (57,null,'C',17,1,to_date('01-DEC-16 15:00:00','DD-MON-RR HH24:MI:SS'),1,4);
Insert into TICKET (TICKETID,MEMBERID,SEATROW,SEATNUMBER,THEATREID,SHOWDATE,MOVIEID,EMPID) values (58,null,'C',18,1,to_date('01-DEC-16 15:00:00','DD-MON-RR HH24:MI:SS'),1,3);
Insert into TICKET (TICKETID,MEMBERID,SEATROW,SEATNUMBER,THEATREID,SHOWDATE,MOVIEID,EMPID) values (59,null,'C',19,1,to_date('01-DEC-16 15:00:00','DD-MON-RR HH24:MI:SS'),1,4);
Insert into TICKET (TICKETID,MEMBERID,SEATROW,SEATNUMBER,THEATREID,SHOWDATE,MOVIEID,EMPID) values (60,null,'C',20,1,to_date('01-DEC-16 15:00:00','DD-MON-RR HH24:MI:SS'),1,3);
Insert into TICKET (TICKETID,MEMBERID,SEATROW,SEATNUMBER,THEATREID,SHOWDATE,MOVIEID,EMPID) values (61,null,'D',1,1,to_date('01-DEC-16 15:00:00','DD-MON-RR HH24:MI:SS'),1,4);
Insert into TICKET (TICKETID,MEMBERID,SEATROW,SEATNUMBER,THEATREID,SHOWDATE,MOVIEID,EMPID) values (62,null,'D',2,1,to_date('01-DEC-16 15:00:00','DD-MON-RR HH24:MI:SS'),1,3);
Insert into TICKET (TICKETID,MEMBERID,SEATROW,SEATNUMBER,THEATREID,SHOWDATE,MOVIEID,EMPID) values (63,null,'D',3,1,to_date('01-DEC-16 15:00:00','DD-MON-RR HH24:MI:SS'),1,3);
Insert into TICKET (TICKETID,MEMBERID,SEATROW,SEATNUMBER,THEATREID,SHOWDATE,MOVIEID,EMPID) values (64,null,'D',4,1,to_date('01-DEC-16 15:00:00','DD-MON-RR HH24:MI:SS'),1,3);
Insert into TICKET (TICKETID,MEMBERID,SEATROW,SEATNUMBER,THEATREID,SHOWDATE,MOVIEID,EMPID) values (65,null,'D',5,1,to_date('01-DEC-16 15:00:00','DD-MON-RR HH24:MI:SS'),1,4);
Insert into TICKET (TICKETID,MEMBERID,SEATROW,SEATNUMBER,THEATREID,SHOWDATE,MOVIEID,EMPID) values (66,null,'D',6,1,to_date('01-DEC-16 15:00:00','DD-MON-RR HH24:MI:SS'),1,4);
Insert into TICKET (TICKETID,MEMBERID,SEATROW,SEATNUMBER,THEATREID,SHOWDATE,MOVIEID,EMPID) values (67,null,'D',7,1,to_date('01-DEC-16 15:00:00','DD-MON-RR HH24:MI:SS'),1,3);
Insert into TICKET (TICKETID,MEMBERID,SEATROW,SEATNUMBER,THEATREID,SHOWDATE,MOVIEID,EMPID) values (68,null,'D',8,1,to_date('01-DEC-16 15:00:00','DD-MON-RR HH24:MI:SS'),1,3);
Insert into TICKET (TICKETID,MEMBERID,SEATROW,SEATNUMBER,THEATREID,SHOWDATE,MOVIEID,EMPID) values (69,null,'D',9,1,to_date('01-DEC-16 15:00:00','DD-MON-RR HH24:MI:SS'),1,4);
Insert into TICKET (TICKETID,MEMBERID,SEATROW,SEATNUMBER,THEATREID,SHOWDATE,MOVIEID,EMPID) values (70,null,'D',10,1,to_date('01-DEC-16 15:00:00','DD-MON-RR HH24:MI:SS'),1,4);
Insert into TICKET (TICKETID,MEMBERID,SEATROW,SEATNUMBER,THEATREID,SHOWDATE,MOVIEID,EMPID) values (71,null,'D',11,1,to_date('01-DEC-16 15:00:00','DD-MON-RR HH24:MI:SS'),1,4);
Insert into TICKET (TICKETID,MEMBERID,SEATROW,SEATNUMBER,THEATREID,SHOWDATE,MOVIEID,EMPID) values (72,null,'D',12,1,to_date('01-DEC-16 15:00:00','DD-MON-RR HH24:MI:SS'),1,3);
Insert into TICKET (TICKETID,MEMBERID,SEATROW,SEATNUMBER,THEATREID,SHOWDATE,MOVIEID,EMPID) values (73,null,'D',13,1,to_date('01-DEC-16 15:00:00','DD-MON-RR HH24:MI:SS'),1,4);
Insert into TICKET (TICKETID,MEMBERID,SEATROW,SEATNUMBER,THEATREID,SHOWDATE,MOVIEID,EMPID) values (74,null,'D',14,1,to_date('01-DEC-16 15:00:00','DD-MON-RR HH24:MI:SS'),1,3);
Insert into TICKET (TICKETID,MEMBERID,SEATROW,SEATNUMBER,THEATREID,SHOWDATE,MOVIEID,EMPID) values (75,null,'D',15,1,to_date('01-DEC-16 15:00:00','DD-MON-RR HH24:MI:SS'),1,4);
Insert into TICKET (TICKETID,MEMBERID,SEATROW,SEATNUMBER,THEATREID,SHOWDATE,MOVIEID,EMPID) values (76,null,'D',16,1,to_date('01-DEC-16 15:00:00','DD-MON-RR HH24:MI:SS'),1,3);
Insert into TICKET (TICKETID,MEMBERID,SEATROW,SEATNUMBER,THEATREID,SHOWDATE,MOVIEID,EMPID) values (77,null,'D',17,1,to_date('01-DEC-16 15:00:00','DD-MON-RR HH24:MI:SS'),1,4);
Insert into TICKET (TICKETID,MEMBERID,SEATROW,SEATNUMBER,THEATREID,SHOWDATE,MOVIEID,EMPID) values (78,null,'D',18,1,to_date('01-DEC-16 15:00:00','DD-MON-RR HH24:MI:SS'),1,4);
Insert into TICKET (TICKETID,MEMBERID,SEATROW,SEATNUMBER,THEATREID,SHOWDATE,MOVIEID,EMPID) values (79,null,'D',19,1,to_date('01-DEC-16 15:00:00','DD-MON-RR HH24:MI:SS'),1,3);
Insert into TICKET (TICKETID,MEMBERID,SEATROW,SEATNUMBER,THEATREID,SHOWDATE,MOVIEID,EMPID) values (80,null,'D',20,1,to_date('01-DEC-16 15:00:00','DD-MON-RR HH24:MI:SS'),1,4);
Insert into TICKET (TICKETID,MEMBERID,SEATROW,SEATNUMBER,THEATREID,SHOWDATE,MOVIEID,EMPID) values (81,null,'E',1,1,to_date('01-DEC-16 15:00:00','DD-MON-RR HH24:MI:SS'),1,3);
Insert into TICKET (TICKETID,MEMBERID,SEATROW,SEATNUMBER,THEATREID,SHOWDATE,MOVIEID,EMPID) values (82,null,'E',2,1,to_date('01-DEC-16 15:00:00','DD-MON-RR HH24:MI:SS'),1,3);
Insert into TICKET (TICKETID,MEMBERID,SEATROW,SEATNUMBER,THEATREID,SHOWDATE,MOVIEID,EMPID) values (83,null,'E',3,1,to_date('01-DEC-16 15:00:00','DD-MON-RR HH24:MI:SS'),1,4);
Insert into TICKET (TICKETID,MEMBERID,SEATROW,SEATNUMBER,THEATREID,SHOWDATE,MOVIEID,EMPID) values (84,null,'E',4,1,to_date('01-DEC-16 15:00:00','DD-MON-RR HH24:MI:SS'),1,4);
Insert into TICKET (TICKETID,MEMBERID,SEATROW,SEATNUMBER,THEATREID,SHOWDATE,MOVIEID,EMPID) values (85,null,'E',5,1,to_date('01-DEC-16 15:00:00','DD-MON-RR HH24:MI:SS'),1,3);
Insert into TICKET (TICKETID,MEMBERID,SEATROW,SEATNUMBER,THEATREID,SHOWDATE,MOVIEID,EMPID) values (86,null,'E',6,1,to_date('01-DEC-16 15:00:00','DD-MON-RR HH24:MI:SS'),1,4);
Insert into TICKET (TICKETID,MEMBERID,SEATROW,SEATNUMBER,THEATREID,SHOWDATE,MOVIEID,EMPID) values (87,null,'E',7,1,to_date('01-DEC-16 15:00:00','DD-MON-RR HH24:MI:SS'),1,4);
Insert into TICKET (TICKETID,MEMBERID,SEATROW,SEATNUMBER,THEATREID,SHOWDATE,MOVIEID,EMPID) values (88,null,'E',8,1,to_date('01-DEC-16 15:00:00','DD-MON-RR HH24:MI:SS'),1,4);
Insert into TICKET (TICKETID,MEMBERID,SEATROW,SEATNUMBER,THEATREID,SHOWDATE,MOVIEID,EMPID) values (89,null,'E',9,1,to_date('01-DEC-16 15:00:00','DD-MON-RR HH24:MI:SS'),1,3);
Insert into TICKET (TICKETID,MEMBERID,SEATROW,SEATNUMBER,THEATREID,SHOWDATE,MOVIEID,EMPID) values (90,null,'E',10,1,to_date('01-DEC-16 15:00:00','DD-MON-RR HH24:MI:SS'),1,4);
Insert into TICKET (TICKETID,MEMBERID,SEATROW,SEATNUMBER,THEATREID,SHOWDATE,MOVIEID,EMPID) values (91,null,'E',11,1,to_date('01-DEC-16 15:00:00','DD-MON-RR HH24:MI:SS'),1,4);
Insert into TICKET (TICKETID,MEMBERID,SEATROW,SEATNUMBER,THEATREID,SHOWDATE,MOVIEID,EMPID) values (92,null,'E',12,1,to_date('01-DEC-16 15:00:00','DD-MON-RR HH24:MI:SS'),1,3);
Insert into TICKET (TICKETID,MEMBERID,SEATROW,SEATNUMBER,THEATREID,SHOWDATE,MOVIEID,EMPID) values (93,null,'E',13,1,to_date('01-DEC-16 15:00:00','DD-MON-RR HH24:MI:SS'),1,3);
Insert into TICKET (TICKETID,MEMBERID,SEATROW,SEATNUMBER,THEATREID,SHOWDATE,MOVIEID,EMPID) values (94,null,'E',14,1,to_date('01-DEC-16 15:00:00','DD-MON-RR HH24:MI:SS'),1,3);
Insert into TICKET (TICKETID,MEMBERID,SEATROW,SEATNUMBER,THEATREID,SHOWDATE,MOVIEID,EMPID) values (95,null,'E',15,1,to_date('01-DEC-16 15:00:00','DD-MON-RR HH24:MI:SS'),1,3);
Insert into TICKET (TICKETID,MEMBERID,SEATROW,SEATNUMBER,THEATREID,SHOWDATE,MOVIEID,EMPID) values (96,null,'E',16,1,to_date('01-DEC-16 15:00:00','DD-MON-RR HH24:MI:SS'),1,4);
Insert into TICKET (TICKETID,MEMBERID,SEATROW,SEATNUMBER,THEATREID,SHOWDATE,MOVIEID,EMPID) values (97,null,'E',17,1,to_date('01-DEC-16 15:00:00','DD-MON-RR HH24:MI:SS'),1,4);
Insert into TICKET (TICKETID,MEMBERID,SEATROW,SEATNUMBER,THEATREID,SHOWDATE,MOVIEID,EMPID) values (98,null,'E',18,1,to_date('01-DEC-16 15:00:00','DD-MON-RR HH24:MI:SS'),1,3);
Insert into TICKET (TICKETID,MEMBERID,SEATROW,SEATNUMBER,THEATREID,SHOWDATE,MOVIEID,EMPID) values (99,null,'E',19,1,to_date('01-DEC-16 15:00:00','DD-MON-RR HH24:MI:SS'),1,3);
Insert into TICKET (TICKETID,MEMBERID,SEATROW,SEATNUMBER,THEATREID,SHOWDATE,MOVIEID,EMPID) values (100,null,'E',20,1,to_date('01-DEC-16 15:00:00','DD-MON-RR HH24:MI:SS'),1,4);
commit;
Insert into TICKET (TICKETID,MEMBERID,SEATROW,SEATNUMBER,THEATREID,SHOWDATE,MOVIEID,EMPID) values (101,null,'A',3,2,to_date('01-DEC-16 15:00:00','DD-MON-RR HH24:MI:SS'),2,4);
Insert into TICKET (TICKETID,MEMBERID,SEATROW,SEATNUMBER,THEATREID,SHOWDATE,MOVIEID,EMPID) values (102,null,'A',4,2,to_date('01-DEC-16 15:00:00','DD-MON-RR HH24:MI:SS'),2,4);
Insert into TICKET (TICKETID,MEMBERID,SEATROW,SEATNUMBER,THEATREID,SHOWDATE,MOVIEID,EMPID) values (103,null,'A',7,2,to_date('01-DEC-16 15:00:00','DD-MON-RR HH24:MI:SS'),2,4);
Insert into TICKET (TICKETID,MEMBERID,SEATROW,SEATNUMBER,THEATREID,SHOWDATE,MOVIEID,EMPID) values (104,null,'A',8,2,to_date('01-DEC-16 15:00:00','DD-MON-RR HH24:MI:SS'),2,3);
Insert into TICKET (TICKETID,MEMBERID,SEATROW,SEATNUMBER,THEATREID,SHOWDATE,MOVIEID,EMPID) values (105,null,'A',9,2,to_date('01-DEC-16 15:00:00','DD-MON-RR HH24:MI:SS'),2,3);
Insert into TICKET (TICKETID,MEMBERID,SEATROW,SEATNUMBER,THEATREID,SHOWDATE,MOVIEID,EMPID) values (106,null,'A',10,2,to_date('01-DEC-16 15:00:00','DD-MON-RR HH24:MI:SS'),2,3);
Insert into TICKET (TICKETID,MEMBERID,SEATROW,SEATNUMBER,THEATREID,SHOWDATE,MOVIEID,EMPID) values (107,null,'A',11,2,to_date('01-DEC-16 15:00:00','DD-MON-RR HH24:MI:SS'),2,4);
Insert into TICKET (TICKETID,MEMBERID,SEATROW,SEATNUMBER,THEATREID,SHOWDATE,MOVIEID,EMPID) values (108,null,'A',12,2,to_date('01-DEC-16 15:00:00','DD-MON-RR HH24:MI:SS'),2,4);
Insert into TICKET (TICKETID,MEMBERID,SEATROW,SEATNUMBER,THEATREID,SHOWDATE,MOVIEID,EMPID) values (109,null,'A',15,2,to_date('01-DEC-16 15:00:00','DD-MON-RR HH24:MI:SS'),2,4);
Insert into TICKET (TICKETID,MEMBERID,SEATROW,SEATNUMBER,THEATREID,SHOWDATE,MOVIEID,EMPID) values (110,null,'A',16,2,to_date('01-DEC-16 15:00:00','DD-MON-RR HH24:MI:SS'),2,4);
Insert into TICKET (TICKETID,MEMBERID,SEATROW,SEATNUMBER,THEATREID,SHOWDATE,MOVIEID,EMPID) values (111,null,'B',3,2,to_date('01-DEC-16 15:00:00','DD-MON-RR HH24:MI:SS'),2,4);
Insert into TICKET (TICKETID,MEMBERID,SEATROW,SEATNUMBER,THEATREID,SHOWDATE,MOVIEID,EMPID) values (112,null,'B',4,2,to_date('01-DEC-16 15:00:00','DD-MON-RR HH24:MI:SS'),2,3);
Insert into TICKET (TICKETID,MEMBERID,SEATROW,SEATNUMBER,THEATREID,SHOWDATE,MOVIEID,EMPID) values (113,null,'B',5,2,to_date('01-DEC-16 15:00:00','DD-MON-RR HH24:MI:SS'),2,3);
Insert into TICKET (TICKETID,MEMBERID,SEATROW,SEATNUMBER,THEATREID,SHOWDATE,MOVIEID,EMPID) values (114,null,'B',6,2,to_date('01-DEC-16 15:00:00','DD-MON-RR HH24:MI:SS'),2,4);
Insert into TICKET (TICKETID,MEMBERID,SEATROW,SEATNUMBER,THEATREID,SHOWDATE,MOVIEID,EMPID) values (115,null,'B',11,2,to_date('01-DEC-16 15:00:00','DD-MON-RR HH24:MI:SS'),2,4);
Insert into TICKET (TICKETID,MEMBERID,SEATROW,SEATNUMBER,THEATREID,SHOWDATE,MOVIEID,EMPID) values (116,null,'B',12,2,to_date('01-DEC-16 15:00:00','DD-MON-RR HH24:MI:SS'),2,3);
Insert into TICKET (TICKETID,MEMBERID,SEATROW,SEATNUMBER,THEATREID,SHOWDATE,MOVIEID,EMPID) values (117,null,'B',13,2,to_date('01-DEC-16 15:00:00','DD-MON-RR HH24:MI:SS'),2,4);
Insert into TICKET (TICKETID,MEMBERID,SEATROW,SEATNUMBER,THEATREID,SHOWDATE,MOVIEID,EMPID) values (118,null,'B',14,2,to_date('01-DEC-16 15:00:00','DD-MON-RR HH24:MI:SS'),2,3);
Insert into TICKET (TICKETID,MEMBERID,SEATROW,SEATNUMBER,THEATREID,SHOWDATE,MOVIEID,EMPID) values (119,null,'B',17,2,to_date('01-DEC-16 15:00:00','DD-MON-RR HH24:MI:SS'),2,4);
Insert into TICKET (TICKETID,MEMBERID,SEATROW,SEATNUMBER,THEATREID,SHOWDATE,MOVIEID,EMPID) values (120,null,'B',18,2,to_date('01-DEC-16 15:00:00','DD-MON-RR HH24:MI:SS'),2,4);
Insert into TICKET (TICKETID,MEMBERID,SEATROW,SEATNUMBER,THEATREID,SHOWDATE,MOVIEID,EMPID) values (121,null,'C',3,2,to_date('01-DEC-16 15:00:00','DD-MON-RR HH24:MI:SS'),2,3);
Insert into TICKET (TICKETID,MEMBERID,SEATROW,SEATNUMBER,THEATREID,SHOWDATE,MOVIEID,EMPID) values (122,null,'C',4,2,to_date('01-DEC-16 15:00:00','DD-MON-RR HH24:MI:SS'),2,3);
Insert into TICKET (TICKETID,MEMBERID,SEATROW,SEATNUMBER,THEATREID,SHOWDATE,MOVIEID,EMPID) values (123,null,'C',5,2,to_date('01-DEC-16 15:00:00','DD-MON-RR HH24:MI:SS'),2,4);
Insert into TICKET (TICKETID,MEMBERID,SEATROW,SEATNUMBER,THEATREID,SHOWDATE,MOVIEID,EMPID) values (124,null,'C',6,2,to_date('01-DEC-16 15:00:00','DD-MON-RR HH24:MI:SS'),2,4);
Insert into TICKET (TICKETID,MEMBERID,SEATROW,SEATNUMBER,THEATREID,SHOWDATE,MOVIEID,EMPID) values (125,1,'C',9,2,to_date('01-DEC-16 15:00:00','DD-MON-RR HH24:MI:SS'),2,4);
Insert into TICKET (TICKETID,MEMBERID,SEATROW,SEATNUMBER,THEATREID,SHOWDATE,MOVIEID,EMPID) values (126,2,'C',10,2,to_date('01-DEC-16 15:00:00','DD-MON-RR HH24:MI:SS'),2,3);
Insert into TICKET (TICKETID,MEMBERID,SEATROW,SEATNUMBER,THEATREID,SHOWDATE,MOVIEID,EMPID) values (127,null,'C',11,2,to_date('01-DEC-16 15:00:00','DD-MON-RR HH24:MI:SS'),2,3);
Insert into TICKET (TICKETID,MEMBERID,SEATROW,SEATNUMBER,THEATREID,SHOWDATE,MOVIEID,EMPID) values (128,null,'C',12,2,to_date('01-DEC-16 15:00:00','DD-MON-RR HH24:MI:SS'),2,4);
Insert into TICKET (TICKETID,MEMBERID,SEATROW,SEATNUMBER,THEATREID,SHOWDATE,MOVIEID,EMPID) values (129,null,'C',15,2,to_date('01-DEC-16 15:00:00','DD-MON-RR HH24:MI:SS'),2,4);
Insert into TICKET (TICKETID,MEMBERID,SEATROW,SEATNUMBER,THEATREID,SHOWDATE,MOVIEID,EMPID) values (130,null,'C',16,2,to_date('01-DEC-16 15:00:00','DD-MON-RR HH24:MI:SS'),2,4);
Insert into TICKET (TICKETID,MEMBERID,SEATROW,SEATNUMBER,THEATREID,SHOWDATE,MOVIEID,EMPID) values (131,null,'D',17,2,to_date('01-DEC-16 15:00:00','DD-MON-RR HH24:MI:SS'),2,4);
Insert into TICKET (TICKETID,MEMBERID,SEATROW,SEATNUMBER,THEATREID,SHOWDATE,MOVIEID,EMPID) values (132,null,'D',18,2,to_date('01-DEC-16 15:00:00','DD-MON-RR HH24:MI:SS'),2,3);
Insert into TICKET (TICKETID,MEMBERID,SEATROW,SEATNUMBER,THEATREID,SHOWDATE,MOVIEID,EMPID) values (133,null,'D',1,2,to_date('01-DEC-16 15:00:00','DD-MON-RR HH24:MI:SS'),2,3);
Insert into TICKET (TICKETID,MEMBERID,SEATROW,SEATNUMBER,THEATREID,SHOWDATE,MOVIEID,EMPID) values (134,null,'D',2,2,to_date('01-DEC-16 15:00:00','DD-MON-RR HH24:MI:SS'),2,4);
Insert into TICKET (TICKETID,MEMBERID,SEATROW,SEATNUMBER,THEATREID,SHOWDATE,MOVIEID,EMPID) values (135,null,'D',3,2,to_date('01-DEC-16 15:00:00','DD-MON-RR HH24:MI:SS'),2,3);
Insert into TICKET (TICKETID,MEMBERID,SEATROW,SEATNUMBER,THEATREID,SHOWDATE,MOVIEID,EMPID) values (136,null,'D',4,2,to_date('01-DEC-16 15:00:00','DD-MON-RR HH24:MI:SS'),2,4);
Insert into TICKET (TICKETID,MEMBERID,SEATROW,SEATNUMBER,THEATREID,SHOWDATE,MOVIEID,EMPID) values (137,null,'D',5,2,to_date('01-DEC-16 15:00:00','DD-MON-RR HH24:MI:SS'),2,4);
Insert into TICKET (TICKETID,MEMBERID,SEATROW,SEATNUMBER,THEATREID,SHOWDATE,MOVIEID,EMPID) values (138,null,'D',6,2,to_date('01-DEC-16 15:00:00','DD-MON-RR HH24:MI:SS'),2,4);
Insert into TICKET (TICKETID,MEMBERID,SEATROW,SEATNUMBER,THEATREID,SHOWDATE,MOVIEID,EMPID) values (139,5,'D',11,2,to_date('01-DEC-16 15:00:00','DD-MON-RR HH24:MI:SS'),2,4);
Insert into TICKET (TICKETID,MEMBERID,SEATROW,SEATNUMBER,THEATREID,SHOWDATE,MOVIEID,EMPID) values (140,null,'D',12,2,to_date('01-DEC-16 15:00:00','DD-MON-RR HH24:MI:SS'),2,3);
Insert into TICKET (TICKETID,MEMBERID,SEATROW,SEATNUMBER,THEATREID,SHOWDATE,MOVIEID,EMPID) values (141,11,'C',3,3,to_date('01-DEC-16 16:00:00','DD-MON-RR HH24:MI:SS'),3,3);
Insert into TICKET (TICKETID,MEMBERID,SEATROW,SEATNUMBER,THEATREID,SHOWDATE,MOVIEID,EMPID) values (142,null,'C',7,3,to_date('01-DEC-16 16:00:00','DD-MON-RR HH24:MI:SS'),3,4);
Insert into TICKET (TICKETID,MEMBERID,SEATROW,SEATNUMBER,THEATREID,SHOWDATE,MOVIEID,EMPID) values (143,null,'C',8,3,to_date('01-DEC-16 16:00:00','DD-MON-RR HH24:MI:SS'),3,4);
Insert into TICKET (TICKETID,MEMBERID,SEATROW,SEATNUMBER,THEATREID,SHOWDATE,MOVIEID,EMPID) values (144,null,'C',11,3,to_date('01-DEC-16 16:00:00','DD-MON-RR HH24:MI:SS'),3,3);
Insert into TICKET (TICKETID,MEMBERID,SEATROW,SEATNUMBER,THEATREID,SHOWDATE,MOVIEID,EMPID) values (145,null,'D',15,3,to_date('01-DEC-16 16:00:00','DD-MON-RR HH24:MI:SS'),3,3);
Insert into TICKET (TICKETID,MEMBERID,SEATROW,SEATNUMBER,THEATREID,SHOWDATE,MOVIEID,EMPID) values (146,8,'D',11,3,to_date('01-DEC-16 16:00:00','DD-MON-RR HH24:MI:SS'),3,4);
Insert into TICKET (TICKETID,MEMBERID,SEATROW,SEATNUMBER,THEATREID,SHOWDATE,MOVIEID,EMPID) values (147,null,'B',9,3,to_date('01-DEC-16 16:00:00','DD-MON-RR HH24:MI:SS'),3,4);
Insert into TICKET (TICKETID,MEMBERID,SEATROW,SEATNUMBER,THEATREID,SHOWDATE,MOVIEID,EMPID) values (148,null,'B',10,3,to_date('01-DEC-16 16:00:00','DD-MON-RR HH24:MI:SS'),3,3);
Insert into TICKET (TICKETID,MEMBERID,SEATROW,SEATNUMBER,THEATREID,SHOWDATE,MOVIEID,EMPID) values (149,null,'B',11,3,to_date('01-DEC-16 16:00:00','DD-MON-RR HH24:MI:SS'),3,3);
Insert into TICKET (TICKETID,MEMBERID,SEATROW,SEATNUMBER,THEATREID,SHOWDATE,MOVIEID,EMPID) values (150,null,'B',12,3,to_date('01-DEC-16 16:00:00','DD-MON-RR HH24:MI:SS'),3,3);
Insert into TICKET (TICKETID,MEMBERID,SEATROW,SEATNUMBER,THEATREID,SHOWDATE,MOVIEID,EMPID) values (151,3,'A',7,4,to_date('01-DEC-16 16:00:00','DD-MON-RR HH24:MI:SS'),4,4);
Insert into TICKET (TICKETID,MEMBERID,SEATROW,SEATNUMBER,THEATREID,SHOWDATE,MOVIEID,EMPID) values (152,4,'A',8,4,to_date('01-DEC-16 16:00:00','DD-MON-RR HH24:MI:SS'),4,4);
Insert into TICKET (TICKETID,MEMBERID,SEATROW,SEATNUMBER,THEATREID,SHOWDATE,MOVIEID,EMPID) values (153,null,'A',11,4,to_date('01-DEC-16 16:00:00','DD-MON-RR HH24:MI:SS'),4,3);
Insert into TICKET (TICKETID,MEMBERID,SEATROW,SEATNUMBER,THEATREID,SHOWDATE,MOVIEID,EMPID) values (154,null,'A',12,4,to_date('01-DEC-16 16:00:00','DD-MON-RR HH24:MI:SS'),4,3);
Insert into TICKET (TICKETID,MEMBERID,SEATROW,SEATNUMBER,THEATREID,SHOWDATE,MOVIEID,EMPID) values (155,null,'A',13,4,to_date('01-DEC-16 16:00:00','DD-MON-RR HH24:MI:SS'),4,4);
Insert into TICKET (TICKETID,MEMBERID,SEATROW,SEATNUMBER,THEATREID,SHOWDATE,MOVIEID,EMPID) values (156,null,'A',14,4,to_date('01-DEC-16 16:00:00','DD-MON-RR HH24:MI:SS'),4,4);
Insert into TICKET (TICKETID,MEMBERID,SEATROW,SEATNUMBER,THEATREID,SHOWDATE,MOVIEID,EMPID) values (157,null,'B',5,4,to_date('01-DEC-16 16:00:00','DD-MON-RR HH24:MI:SS'),4,4);
Insert into TICKET (TICKETID,MEMBERID,SEATROW,SEATNUMBER,THEATREID,SHOWDATE,MOVIEID,EMPID) values (158,null,'B',6,4,to_date('01-DEC-16 16:00:00','DD-MON-RR HH24:MI:SS'),4,3);
Insert into TICKET (TICKETID,MEMBERID,SEATROW,SEATNUMBER,THEATREID,SHOWDATE,MOVIEID,EMPID) values (159,null,'B',11,4,to_date('01-DEC-16 16:00:00','DD-MON-RR HH24:MI:SS'),4,3);
Insert into TICKET (TICKETID,MEMBERID,SEATROW,SEATNUMBER,THEATREID,SHOWDATE,MOVIEID,EMPID) values (160,null,'B',12,4,to_date('01-DEC-16 16:00:00','DD-MON-RR HH24:MI:SS'),4,4);
Insert into TICKET (TICKETID,MEMBERID,SEATROW,SEATNUMBER,THEATREID,SHOWDATE,MOVIEID,EMPID) values (161,null,'B',15,4,to_date('01-DEC-16 16:00:00','DD-MON-RR HH24:MI:SS'),4,3);
Insert into TICKET (TICKETID,MEMBERID,SEATROW,SEATNUMBER,THEATREID,SHOWDATE,MOVIEID,EMPID) values (162,null,'C',7,4,to_date('01-DEC-16 16:00:00','DD-MON-RR HH24:MI:SS'),4,4);
Insert into TICKET (TICKETID,MEMBERID,SEATROW,SEATNUMBER,THEATREID,SHOWDATE,MOVIEID,EMPID) values (163,null,'C',8,4,to_date('01-DEC-16 16:00:00','DD-MON-RR HH24:MI:SS'),4,4);
Insert into TICKET (TICKETID,MEMBERID,SEATROW,SEATNUMBER,THEATREID,SHOWDATE,MOVIEID,EMPID) values (164,9,'C',9,4,to_date('01-DEC-16 16:00:00','DD-MON-RR HH24:MI:SS'),4,4);
Insert into TICKET (TICKETID,MEMBERID,SEATROW,SEATNUMBER,THEATREID,SHOWDATE,MOVIEID,EMPID) values (165,10,'C',11,4,to_date('01-DEC-16 16:00:00','DD-MON-RR HH24:MI:SS'),4,3);
Insert into TICKET (TICKETID,MEMBERID,SEATROW,SEATNUMBER,THEATREID,SHOWDATE,MOVIEID,EMPID) values (166,null,'D',5,4,to_date('01-DEC-16 16:00:00','DD-MON-RR HH24:MI:SS'),4,4);
Insert into TICKET (TICKETID,MEMBERID,SEATROW,SEATNUMBER,THEATREID,SHOWDATE,MOVIEID,EMPID) values (167,null,'D',6,4,to_date('01-DEC-16 16:00:00','DD-MON-RR HH24:MI:SS'),4,3);
Insert into TICKET (TICKETID,MEMBERID,SEATROW,SEATNUMBER,THEATREID,SHOWDATE,MOVIEID,EMPID) values (168,12,'D',9,4,to_date('01-DEC-16 16:00:00','DD-MON-RR HH24:MI:SS'),4,4);
Insert into TICKET (TICKETID,MEMBERID,SEATROW,SEATNUMBER,THEATREID,SHOWDATE,MOVIEID,EMPID) values (169,null,'D',13,4,to_date('01-DEC-16 16:00:00','DD-MON-RR HH24:MI:SS'),4,4);
Insert into TICKET (TICKETID,MEMBERID,SEATROW,SEATNUMBER,THEATREID,SHOWDATE,MOVIEID,EMPID) values (170,null,'D',14,4,to_date('01-DEC-16 16:00:00','DD-MON-RR HH24:MI:SS'),4,3);
Insert into TICKET (TICKETID,MEMBERID,SEATROW,SEATNUMBER,THEATREID,SHOWDATE,MOVIEID,EMPID) values (171,null,'A',1,1,to_date('01-DEC-16 19:00:00','DD-MON-RR HH24:MI:SS'),1,3);
Insert into TICKET (TICKETID,MEMBERID,SEATROW,SEATNUMBER,THEATREID,SHOWDATE,MOVIEID,EMPID) values (172,null,'A',2,1,to_date('01-DEC-16 19:00:00','DD-MON-RR HH24:MI:SS'),1,3);
Insert into TICKET (TICKETID,MEMBERID,SEATROW,SEATNUMBER,THEATREID,SHOWDATE,MOVIEID,EMPID) values (173,null,'A',3,1,to_date('01-DEC-16 19:00:00','DD-MON-RR HH24:MI:SS'),1,4);
Insert into TICKET (TICKETID,MEMBERID,SEATROW,SEATNUMBER,THEATREID,SHOWDATE,MOVIEID,EMPID) values (174,null,'A',4,1,to_date('01-DEC-16 19:00:00','DD-MON-RR HH24:MI:SS'),1,3);
Insert into TICKET (TICKETID,MEMBERID,SEATROW,SEATNUMBER,THEATREID,SHOWDATE,MOVIEID,EMPID) values (175,null,'A',5,1,to_date('01-DEC-16 19:00:00','DD-MON-RR HH24:MI:SS'),1,3);
Insert into TICKET (TICKETID,MEMBERID,SEATROW,SEATNUMBER,THEATREID,SHOWDATE,MOVIEID,EMPID) values (176,null,'A',6,1,to_date('01-DEC-16 19:00:00','DD-MON-RR HH24:MI:SS'),1,3);
Insert into TICKET (TICKETID,MEMBERID,SEATROW,SEATNUMBER,THEATREID,SHOWDATE,MOVIEID,EMPID) values (177,null,'A',7,1,to_date('01-DEC-16 19:00:00','DD-MON-RR HH24:MI:SS'),1,4);
Insert into TICKET (TICKETID,MEMBERID,SEATROW,SEATNUMBER,THEATREID,SHOWDATE,MOVIEID,EMPID) values (178,null,'A',8,1,to_date('01-DEC-16 19:00:00','DD-MON-RR HH24:MI:SS'),1,4);
Insert into TICKET (TICKETID,MEMBERID,SEATROW,SEATNUMBER,THEATREID,SHOWDATE,MOVIEID,EMPID) values (179,null,'A',9,1,to_date('01-DEC-16 19:00:00','DD-MON-RR HH24:MI:SS'),1,4);
Insert into TICKET (TICKETID,MEMBERID,SEATROW,SEATNUMBER,THEATREID,SHOWDATE,MOVIEID,EMPID) values (180,null,'A',10,1,to_date('01-DEC-16 19:00:00','DD-MON-RR HH24:MI:SS'),1,4);
Insert into TICKET (TICKETID,MEMBERID,SEATROW,SEATNUMBER,THEATREID,SHOWDATE,MOVIEID,EMPID) values (181,null,'A',11,1,to_date('01-DEC-16 19:00:00','DD-MON-RR HH24:MI:SS'),1,3);
Insert into TICKET (TICKETID,MEMBERID,SEATROW,SEATNUMBER,THEATREID,SHOWDATE,MOVIEID,EMPID) values (182,null,'A',12,1,to_date('01-DEC-16 19:00:00','DD-MON-RR HH24:MI:SS'),1,3);
Insert into TICKET (TICKETID,MEMBERID,SEATROW,SEATNUMBER,THEATREID,SHOWDATE,MOVIEID,EMPID) values (183,null,'A',13,1,to_date('01-DEC-16 19:00:00','DD-MON-RR HH24:MI:SS'),1,4);
Insert into TICKET (TICKETID,MEMBERID,SEATROW,SEATNUMBER,THEATREID,SHOWDATE,MOVIEID,EMPID) values (184,null,'A',14,1,to_date('01-DEC-16 19:00:00','DD-MON-RR HH24:MI:SS'),1,4);
Insert into TICKET (TICKETID,MEMBERID,SEATROW,SEATNUMBER,THEATREID,SHOWDATE,MOVIEID,EMPID) values (185,null,'A',15,1,to_date('01-DEC-16 19:00:00','DD-MON-RR HH24:MI:SS'),1,3);
Insert into TICKET (TICKETID,MEMBERID,SEATROW,SEATNUMBER,THEATREID,SHOWDATE,MOVIEID,EMPID) values (186,null,'A',16,1,to_date('01-DEC-16 19:00:00','DD-MON-RR HH24:MI:SS'),1,4);
Insert into TICKET (TICKETID,MEMBERID,SEATROW,SEATNUMBER,THEATREID,SHOWDATE,MOVIEID,EMPID) values (187,null,'A',17,1,to_date('01-DEC-16 19:00:00','DD-MON-RR HH24:MI:SS'),1,4);
Insert into TICKET (TICKETID,MEMBERID,SEATROW,SEATNUMBER,THEATREID,SHOWDATE,MOVIEID,EMPID) values (188,null,'A',18,1,to_date('01-DEC-16 19:00:00','DD-MON-RR HH24:MI:SS'),1,3);
Insert into TICKET (TICKETID,MEMBERID,SEATROW,SEATNUMBER,THEATREID,SHOWDATE,MOVIEID,EMPID) values (189,null,'A',19,1,to_date('01-DEC-16 19:00:00','DD-MON-RR HH24:MI:SS'),1,3);
Insert into TICKET (TICKETID,MEMBERID,SEATROW,SEATNUMBER,THEATREID,SHOWDATE,MOVIEID,EMPID) values (190,null,'A',20,1,to_date('01-DEC-16 19:00:00','DD-MON-RR HH24:MI:SS'),1,4);
Insert into TICKET (TICKETID,MEMBERID,SEATROW,SEATNUMBER,THEATREID,SHOWDATE,MOVIEID,EMPID) values (191,null,'B',1,1,to_date('01-DEC-16 19:00:00','DD-MON-RR HH24:MI:SS'),1,4);
Insert into TICKET (TICKETID,MEMBERID,SEATROW,SEATNUMBER,THEATREID,SHOWDATE,MOVIEID,EMPID) values (192,null,'B',2,1,to_date('01-DEC-16 19:00:00','DD-MON-RR HH24:MI:SS'),1,3);
Insert into TICKET (TICKETID,MEMBERID,SEATROW,SEATNUMBER,THEATREID,SHOWDATE,MOVIEID,EMPID) values (193,null,'B',3,1,to_date('01-DEC-16 19:00:00','DD-MON-RR HH24:MI:SS'),1,3);
Insert into TICKET (TICKETID,MEMBERID,SEATROW,SEATNUMBER,THEATREID,SHOWDATE,MOVIEID,EMPID) values (194,null,'B',4,1,to_date('01-DEC-16 19:00:00','DD-MON-RR HH24:MI:SS'),1,3);
Insert into TICKET (TICKETID,MEMBERID,SEATROW,SEATNUMBER,THEATREID,SHOWDATE,MOVIEID,EMPID) values (195,null,'B',5,1,to_date('01-DEC-16 19:00:00','DD-MON-RR HH24:MI:SS'),1,4);
Insert into TICKET (TICKETID,MEMBERID,SEATROW,SEATNUMBER,THEATREID,SHOWDATE,MOVIEID,EMPID) values (196,null,'B',6,1,to_date('01-DEC-16 19:00:00','DD-MON-RR HH24:MI:SS'),1,4);
Insert into TICKET (TICKETID,MEMBERID,SEATROW,SEATNUMBER,THEATREID,SHOWDATE,MOVIEID,EMPID) values (197,null,'B',7,1,to_date('01-DEC-16 19:00:00','DD-MON-RR HH24:MI:SS'),1,4);
Insert into TICKET (TICKETID,MEMBERID,SEATROW,SEATNUMBER,THEATREID,SHOWDATE,MOVIEID,EMPID) values (198,null,'B',8,1,to_date('01-DEC-16 19:00:00','DD-MON-RR HH24:MI:SS'),1,3);
Insert into TICKET (TICKETID,MEMBERID,SEATROW,SEATNUMBER,THEATREID,SHOWDATE,MOVIEID,EMPID) values (199,null,'B',9,1,to_date('01-DEC-16 19:00:00','DD-MON-RR HH24:MI:SS'),1,4);
Insert into TICKET (TICKETID,MEMBERID,SEATROW,SEATNUMBER,THEATREID,SHOWDATE,MOVIEID,EMPID) values (200,null,'B',10,1,to_date('01-DEC-16 19:00:00','DD-MON-RR HH24:MI:SS'),1,3);
commit;
Insert into TICKET (TICKETID,MEMBERID,SEATROW,SEATNUMBER,THEATREID,SHOWDATE,MOVIEID,EMPID) values (201,null,'B',11,1,to_date('01-DEC-16 19:00:00','DD-MON-RR HH24:MI:SS'),1,3);
Insert into TICKET (TICKETID,MEMBERID,SEATROW,SEATNUMBER,THEATREID,SHOWDATE,MOVIEID,EMPID) values (202,null,'B',12,1,to_date('01-DEC-16 19:00:00','DD-MON-RR HH24:MI:SS'),1,4);
Insert into TICKET (TICKETID,MEMBERID,SEATROW,SEATNUMBER,THEATREID,SHOWDATE,MOVIEID,EMPID) values (203,null,'B',13,1,to_date('01-DEC-16 19:00:00','DD-MON-RR HH24:MI:SS'),1,3);
Insert into TICKET (TICKETID,MEMBERID,SEATROW,SEATNUMBER,THEATREID,SHOWDATE,MOVIEID,EMPID) values (204,null,'B',14,1,to_date('01-DEC-16 19:00:00','DD-MON-RR HH24:MI:SS'),1,3);
Insert into TICKET (TICKETID,MEMBERID,SEATROW,SEATNUMBER,THEATREID,SHOWDATE,MOVIEID,EMPID) values (205,null,'B',15,1,to_date('01-DEC-16 19:00:00','DD-MON-RR HH24:MI:SS'),1,3);
Insert into TICKET (TICKETID,MEMBERID,SEATROW,SEATNUMBER,THEATREID,SHOWDATE,MOVIEID,EMPID) values (206,null,'B',16,1,to_date('01-DEC-16 19:00:00','DD-MON-RR HH24:MI:SS'),1,4);
Insert into TICKET (TICKETID,MEMBERID,SEATROW,SEATNUMBER,THEATREID,SHOWDATE,MOVIEID,EMPID) values (207,null,'B',17,1,to_date('01-DEC-16 19:00:00','DD-MON-RR HH24:MI:SS'),1,4);
Insert into TICKET (TICKETID,MEMBERID,SEATROW,SEATNUMBER,THEATREID,SHOWDATE,MOVIEID,EMPID) values (208,null,'B',18,1,to_date('01-DEC-16 19:00:00','DD-MON-RR HH24:MI:SS'),1,3);
Insert into TICKET (TICKETID,MEMBERID,SEATROW,SEATNUMBER,THEATREID,SHOWDATE,MOVIEID,EMPID) values (209,null,'B',19,1,to_date('01-DEC-16 19:00:00','DD-MON-RR HH24:MI:SS'),1,3);
Insert into TICKET (TICKETID,MEMBERID,SEATROW,SEATNUMBER,THEATREID,SHOWDATE,MOVIEID,EMPID) values (210,null,'B',20,1,to_date('01-DEC-16 19:00:00','DD-MON-RR HH24:MI:SS'),1,4);
Insert into TICKET (TICKETID,MEMBERID,SEATROW,SEATNUMBER,THEATREID,SHOWDATE,MOVIEID,EMPID) values (211,null,'C',5,1,to_date('01-DEC-16 19:00:00','DD-MON-RR HH24:MI:SS'),1,4);
Insert into TICKET (TICKETID,MEMBERID,SEATROW,SEATNUMBER,THEATREID,SHOWDATE,MOVIEID,EMPID) values (212,null,'C',6,1,to_date('01-DEC-16 19:00:00','DD-MON-RR HH24:MI:SS'),1,4);
Insert into TICKET (TICKETID,MEMBERID,SEATROW,SEATNUMBER,THEATREID,SHOWDATE,MOVIEID,EMPID) values (213,null,'C',7,1,to_date('01-DEC-16 19:00:00','DD-MON-RR HH24:MI:SS'),1,3);
Insert into TICKET (TICKETID,MEMBERID,SEATROW,SEATNUMBER,THEATREID,SHOWDATE,MOVIEID,EMPID) values (214,null,'C',8,1,to_date('01-DEC-16 19:00:00','DD-MON-RR HH24:MI:SS'),1,3);
Insert into TICKET (TICKETID,MEMBERID,SEATROW,SEATNUMBER,THEATREID,SHOWDATE,MOVIEID,EMPID) values (215,null,'C',11,1,to_date('01-DEC-16 19:00:00','DD-MON-RR HH24:MI:SS'),1,4);
Insert into TICKET (TICKETID,MEMBERID,SEATROW,SEATNUMBER,THEATREID,SHOWDATE,MOVIEID,EMPID) values (216,null,'C',12,1,to_date('01-DEC-16 19:00:00','DD-MON-RR HH24:MI:SS'),1,3);
Insert into TICKET (TICKETID,MEMBERID,SEATROW,SEATNUMBER,THEATREID,SHOWDATE,MOVIEID,EMPID) values (217,null,'C',13,1,to_date('01-DEC-16 19:00:00','DD-MON-RR HH24:MI:SS'),1,4);
Insert into TICKET (TICKETID,MEMBERID,SEATROW,SEATNUMBER,THEATREID,SHOWDATE,MOVIEID,EMPID) values (218,null,'C',14,1,to_date('01-DEC-16 19:00:00','DD-MON-RR HH24:MI:SS'),1,3);
Insert into TICKET (TICKETID,MEMBERID,SEATROW,SEATNUMBER,THEATREID,SHOWDATE,MOVIEID,EMPID) values (219,null,'C',15,1,to_date('01-DEC-16 19:00:00','DD-MON-RR HH24:MI:SS'),1,3);
Insert into TICKET (TICKETID,MEMBERID,SEATROW,SEATNUMBER,THEATREID,SHOWDATE,MOVIEID,EMPID) values (220,null,'C',16,1,to_date('01-DEC-16 19:00:00','DD-MON-RR HH24:MI:SS'),1,3);
Insert into TICKET (TICKETID,MEMBERID,SEATROW,SEATNUMBER,THEATREID,SHOWDATE,MOVIEID,EMPID) values (221,null,'D',7,1,to_date('01-DEC-16 19:00:00','DD-MON-RR HH24:MI:SS'),1,3);
Insert into TICKET (TICKETID,MEMBERID,SEATROW,SEATNUMBER,THEATREID,SHOWDATE,MOVIEID,EMPID) values (222,null,'D',8,1,to_date('01-DEC-16 19:00:00','DD-MON-RR HH24:MI:SS'),1,4);
Insert into TICKET (TICKETID,MEMBERID,SEATROW,SEATNUMBER,THEATREID,SHOWDATE,MOVIEID,EMPID) values (223,null,'D',9,1,to_date('01-DEC-16 19:00:00','DD-MON-RR HH24:MI:SS'),1,4);
Insert into TICKET (TICKETID,MEMBERID,SEATROW,SEATNUMBER,THEATREID,SHOWDATE,MOVIEID,EMPID) values (224,null,'D',10,1,to_date('01-DEC-16 19:00:00','DD-MON-RR HH24:MI:SS'),1,3);
Insert into TICKET (TICKETID,MEMBERID,SEATROW,SEATNUMBER,THEATREID,SHOWDATE,MOVIEID,EMPID) values (225,null,'D',11,1,to_date('01-DEC-16 19:00:00','DD-MON-RR HH24:MI:SS'),1,4);
Insert into TICKET (TICKETID,MEMBERID,SEATROW,SEATNUMBER,THEATREID,SHOWDATE,MOVIEID,EMPID) values (226,null,'D',12,1,to_date('01-DEC-16 19:00:00','DD-MON-RR HH24:MI:SS'),1,4);
Insert into TICKET (TICKETID,MEMBERID,SEATROW,SEATNUMBER,THEATREID,SHOWDATE,MOVIEID,EMPID) values (227,null,'D',13,1,to_date('01-DEC-16 19:00:00','DD-MON-RR HH24:MI:SS'),1,3);
Insert into TICKET (TICKETID,MEMBERID,SEATROW,SEATNUMBER,THEATREID,SHOWDATE,MOVIEID,EMPID) values (228,null,'D',14,1,to_date('01-DEC-16 19:00:00','DD-MON-RR HH24:MI:SS'),1,3);
Insert into TICKET (TICKETID,MEMBERID,SEATROW,SEATNUMBER,THEATREID,SHOWDATE,MOVIEID,EMPID) values (229,null,'D',15,1,to_date('01-DEC-16 19:00:00','DD-MON-RR HH24:MI:SS'),1,4);
Insert into TICKET (TICKETID,MEMBERID,SEATROW,SEATNUMBER,THEATREID,SHOWDATE,MOVIEID,EMPID) values (230,null,'D',16,1,to_date('01-DEC-16 19:00:00','DD-MON-RR HH24:MI:SS'),1,4);
Insert into TICKET (TICKETID,MEMBERID,SEATROW,SEATNUMBER,THEATREID,SHOWDATE,MOVIEID,EMPID) values (231,null,'E',7,1,to_date('01-DEC-16 19:00:00','DD-MON-RR HH24:MI:SS'),1,3);
Insert into TICKET (TICKETID,MEMBERID,SEATROW,SEATNUMBER,THEATREID,SHOWDATE,MOVIEID,EMPID) values (232,null,'E',8,1,to_date('01-DEC-16 19:00:00','DD-MON-RR HH24:MI:SS'),1,4);
Insert into TICKET (TICKETID,MEMBERID,SEATROW,SEATNUMBER,THEATREID,SHOWDATE,MOVIEID,EMPID) values (233,null,'E',9,1,to_date('01-DEC-16 19:00:00','DD-MON-RR HH24:MI:SS'),1,3);
Insert into TICKET (TICKETID,MEMBERID,SEATROW,SEATNUMBER,THEATREID,SHOWDATE,MOVIEID,EMPID) values (234,null,'E',10,1,to_date('01-DEC-16 19:00:00','DD-MON-RR HH24:MI:SS'),1,3);
Insert into TICKET (TICKETID,MEMBERID,SEATROW,SEATNUMBER,THEATREID,SHOWDATE,MOVIEID,EMPID) values (235,null,'E',11,1,to_date('01-DEC-16 19:00:00','DD-MON-RR HH24:MI:SS'),1,4);
Insert into TICKET (TICKETID,MEMBERID,SEATROW,SEATNUMBER,THEATREID,SHOWDATE,MOVIEID,EMPID) values (236,null,'E',12,1,to_date('01-DEC-16 19:00:00','DD-MON-RR HH24:MI:SS'),1,4);
Insert into TICKET (TICKETID,MEMBERID,SEATROW,SEATNUMBER,THEATREID,SHOWDATE,MOVIEID,EMPID) values (237,null,'E',13,1,to_date('01-DEC-16 19:00:00','DD-MON-RR HH24:MI:SS'),1,4);
Insert into TICKET (TICKETID,MEMBERID,SEATROW,SEATNUMBER,THEATREID,SHOWDATE,MOVIEID,EMPID) values (238,null,'E',14,1,to_date('01-DEC-16 19:00:00','DD-MON-RR HH24:MI:SS'),1,3);
Insert into TICKET (TICKETID,MEMBERID,SEATROW,SEATNUMBER,THEATREID,SHOWDATE,MOVIEID,EMPID) values (239,null,'E',15,1,to_date('01-DEC-16 19:00:00','DD-MON-RR HH24:MI:SS'),1,3);
Insert into TICKET (TICKETID,MEMBERID,SEATROW,SEATNUMBER,THEATREID,SHOWDATE,MOVIEID,EMPID) values (240,null,'E',16,1,to_date('01-DEC-16 19:00:00','DD-MON-RR HH24:MI:SS'),1,3);
Insert into TICKET (TICKETID,MEMBERID,SEATROW,SEATNUMBER,THEATREID,SHOWDATE,MOVIEID,EMPID) values (241,null,'A',9,2,to_date('01-DEC-16 19:00:00','DD-MON-RR HH24:MI:SS'),2,3);
Insert into TICKET (TICKETID,MEMBERID,SEATROW,SEATNUMBER,THEATREID,SHOWDATE,MOVIEID,EMPID) values (242,null,'A',10,2,to_date('01-DEC-16 19:00:00','DD-MON-RR HH24:MI:SS'),2,3);
Insert into TICKET (TICKETID,MEMBERID,SEATROW,SEATNUMBER,THEATREID,SHOWDATE,MOVIEID,EMPID) values (243,null,'A',11,2,to_date('01-DEC-16 19:00:00','DD-MON-RR HH24:MI:SS'),2,4);
Insert into TICKET (TICKETID,MEMBERID,SEATROW,SEATNUMBER,THEATREID,SHOWDATE,MOVIEID,EMPID) values (244,null,'A',12,2,to_date('01-DEC-16 19:00:00','DD-MON-RR HH24:MI:SS'),2,3);
Insert into TICKET (TICKETID,MEMBERID,SEATROW,SEATNUMBER,THEATREID,SHOWDATE,MOVIEID,EMPID) values (245,null,'B',7,2,to_date('01-DEC-16 19:00:00','DD-MON-RR HH24:MI:SS'),2,4);
Insert into TICKET (TICKETID,MEMBERID,SEATROW,SEATNUMBER,THEATREID,SHOWDATE,MOVIEID,EMPID) values (246,null,'B',8,2,to_date('01-DEC-16 19:00:00','DD-MON-RR HH24:MI:SS'),2,3);
Insert into TICKET (TICKETID,MEMBERID,SEATROW,SEATNUMBER,THEATREID,SHOWDATE,MOVIEID,EMPID) values (247,null,'B',9,2,to_date('01-DEC-16 19:00:00','DD-MON-RR HH24:MI:SS'),2,4);
Insert into TICKET (TICKETID,MEMBERID,SEATROW,SEATNUMBER,THEATREID,SHOWDATE,MOVIEID,EMPID) values (248,null,'B',12,2,to_date('01-DEC-16 19:00:00','DD-MON-RR HH24:MI:SS'),2,4);
Insert into TICKET (TICKETID,MEMBERID,SEATROW,SEATNUMBER,THEATREID,SHOWDATE,MOVIEID,EMPID) values (249,null,'B',13,2,to_date('01-DEC-16 19:00:00','DD-MON-RR HH24:MI:SS'),2,3);
Insert into TICKET (TICKETID,MEMBERID,SEATROW,SEATNUMBER,THEATREID,SHOWDATE,MOVIEID,EMPID) values (250,null,'B',14,2,to_date('01-DEC-16 19:00:00','DD-MON-RR HH24:MI:SS'),2,4);
Insert into TICKET (TICKETID,MEMBERID,SEATROW,SEATNUMBER,THEATREID,SHOWDATE,MOVIEID,EMPID) values (251,null,'C',5,2,to_date('01-DEC-16 19:00:00','DD-MON-RR HH24:MI:SS'),2,3);
Insert into TICKET (TICKETID,MEMBERID,SEATROW,SEATNUMBER,THEATREID,SHOWDATE,MOVIEID,EMPID) values (252,null,'C',6,2,to_date('01-DEC-16 19:00:00','DD-MON-RR HH24:MI:SS'),2,3);
Insert into TICKET (TICKETID,MEMBERID,SEATROW,SEATNUMBER,THEATREID,SHOWDATE,MOVIEID,EMPID) values (253,null,'C',7,2,to_date('01-DEC-16 19:00:00','DD-MON-RR HH24:MI:SS'),2,3);
Insert into TICKET (TICKETID,MEMBERID,SEATROW,SEATNUMBER,THEATREID,SHOWDATE,MOVIEID,EMPID) values (254,null,'C',8,2,to_date('01-DEC-16 19:00:00','DD-MON-RR HH24:MI:SS'),2,3);
Insert into TICKET (TICKETID,MEMBERID,SEATROW,SEATNUMBER,THEATREID,SHOWDATE,MOVIEID,EMPID) values (255,11,'C',9,2,to_date('01-DEC-16 19:00:00','DD-MON-RR HH24:MI:SS'),2,4);
Insert into TICKET (TICKETID,MEMBERID,SEATROW,SEATNUMBER,THEATREID,SHOWDATE,MOVIEID,EMPID) values (256,null,'C',10,2,to_date('01-DEC-16 19:00:00','DD-MON-RR HH24:MI:SS'),2,4);
Insert into TICKET (TICKETID,MEMBERID,SEATROW,SEATNUMBER,THEATREID,SHOWDATE,MOVIEID,EMPID) values (257,null,'C',11,2,to_date('01-DEC-16 19:00:00','DD-MON-RR HH24:MI:SS'),2,3);
Insert into TICKET (TICKETID,MEMBERID,SEATROW,SEATNUMBER,THEATREID,SHOWDATE,MOVIEID,EMPID) values (258,null,'C',12,2,to_date('01-DEC-16 19:00:00','DD-MON-RR HH24:MI:SS'),2,3);
Insert into TICKET (TICKETID,MEMBERID,SEATROW,SEATNUMBER,THEATREID,SHOWDATE,MOVIEID,EMPID) values (259,null,'C',13,2,to_date('01-DEC-16 19:00:00','DD-MON-RR HH24:MI:SS'),2,4);
Insert into TICKET (TICKETID,MEMBERID,SEATROW,SEATNUMBER,THEATREID,SHOWDATE,MOVIEID,EMPID) values (260,null,'C',14,2,to_date('01-DEC-16 19:00:00','DD-MON-RR HH24:MI:SS'),2,4);
Insert into TICKET (TICKETID,MEMBERID,SEATROW,SEATNUMBER,THEATREID,SHOWDATE,MOVIEID,EMPID) values (261,null,'D',7,2,to_date('01-DEC-16 19:00:00','DD-MON-RR HH24:MI:SS'),2,3);
Insert into TICKET (TICKETID,MEMBERID,SEATROW,SEATNUMBER,THEATREID,SHOWDATE,MOVIEID,EMPID) values (262,null,'D',8,2,to_date('01-DEC-16 19:00:00','DD-MON-RR HH24:MI:SS'),2,4);
Insert into TICKET (TICKETID,MEMBERID,SEATROW,SEATNUMBER,THEATREID,SHOWDATE,MOVIEID,EMPID) values (263,null,'D',9,2,to_date('01-DEC-16 19:00:00','DD-MON-RR HH24:MI:SS'),2,3);
Insert into TICKET (TICKETID,MEMBERID,SEATROW,SEATNUMBER,THEATREID,SHOWDATE,MOVIEID,EMPID) values (264,null,'D',10,2,to_date('01-DEC-16 19:00:00','DD-MON-RR HH24:MI:SS'),2,3);
Insert into TICKET (TICKETID,MEMBERID,SEATROW,SEATNUMBER,THEATREID,SHOWDATE,MOVIEID,EMPID) values (265,null,'D',11,2,to_date('01-DEC-16 19:00:00','DD-MON-RR HH24:MI:SS'),2,3);
Insert into TICKET (TICKETID,MEMBERID,SEATROW,SEATNUMBER,THEATREID,SHOWDATE,MOVIEID,EMPID) values (266,null,'D',12,2,to_date('01-DEC-16 19:00:00','DD-MON-RR HH24:MI:SS'),2,4);
Insert into TICKET (TICKETID,MEMBERID,SEATROW,SEATNUMBER,THEATREID,SHOWDATE,MOVIEID,EMPID) values (267,null,'D',13,2,to_date('01-DEC-16 19:00:00','DD-MON-RR HH24:MI:SS'),2,4);
Insert into TICKET (TICKETID,MEMBERID,SEATROW,SEATNUMBER,THEATREID,SHOWDATE,MOVIEID,EMPID) values (268,null,'D',14,2,to_date('01-DEC-16 19:00:00','DD-MON-RR HH24:MI:SS'),2,3);
Insert into TICKET (TICKETID,MEMBERID,SEATROW,SEATNUMBER,THEATREID,SHOWDATE,MOVIEID,EMPID) values (269,null,'D',15,2,to_date('01-DEC-16 19:00:00','DD-MON-RR HH24:MI:SS'),2,4);
Insert into TICKET (TICKETID,MEMBERID,SEATROW,SEATNUMBER,THEATREID,SHOWDATE,MOVIEID,EMPID) values (270,null,'D',16,2,to_date('01-DEC-16 19:00:00','DD-MON-RR HH24:MI:SS'),2,4);
Insert into TICKET (TICKETID,MEMBERID,SEATROW,SEATNUMBER,THEATREID,SHOWDATE,MOVIEID,EMPID) values (271,null,'A',7,3,to_date('01-DEC-16 20:00:00','DD-MON-RR HH24:MI:SS'),3,4);
Insert into TICKET (TICKETID,MEMBERID,SEATROW,SEATNUMBER,THEATREID,SHOWDATE,MOVIEID,EMPID) values (272,null,'A',8,3,to_date('01-DEC-16 20:00:00','DD-MON-RR HH24:MI:SS'),3,4);
Insert into TICKET (TICKETID,MEMBERID,SEATROW,SEATNUMBER,THEATREID,SHOWDATE,MOVIEID,EMPID) values (273,null,'B',13,3,to_date('01-DEC-16 20:00:00','DD-MON-RR HH24:MI:SS'),3,3);
Insert into TICKET (TICKETID,MEMBERID,SEATROW,SEATNUMBER,THEATREID,SHOWDATE,MOVIEID,EMPID) values (274,null,'B',14,3,to_date('01-DEC-16 20:00:00','DD-MON-RR HH24:MI:SS'),3,3);
Insert into TICKET (TICKETID,MEMBERID,SEATROW,SEATNUMBER,THEATREID,SHOWDATE,MOVIEID,EMPID) values (275,null,'C',5,3,to_date('01-DEC-16 20:00:00','DD-MON-RR HH24:MI:SS'),3,3);
Insert into TICKET (TICKETID,MEMBERID,SEATROW,SEATNUMBER,THEATREID,SHOWDATE,MOVIEID,EMPID) values (276,null,'C',6,3,to_date('01-DEC-16 20:00:00','DD-MON-RR HH24:MI:SS'),3,3);
Insert into TICKET (TICKETID,MEMBERID,SEATROW,SEATNUMBER,THEATREID,SHOWDATE,MOVIEID,EMPID) values (277,null,'C',9,3,to_date('01-DEC-16 20:00:00','DD-MON-RR HH24:MI:SS'),3,4);
Insert into TICKET (TICKETID,MEMBERID,SEATROW,SEATNUMBER,THEATREID,SHOWDATE,MOVIEID,EMPID) values (278,null,'C',11,3,to_date('01-DEC-16 20:00:00','DD-MON-RR HH24:MI:SS'),3,4);
Insert into TICKET (TICKETID,MEMBERID,SEATROW,SEATNUMBER,THEATREID,SHOWDATE,MOVIEID,EMPID) values (279,null,'C',12,3,to_date('01-DEC-16 20:00:00','DD-MON-RR HH24:MI:SS'),3,4);
Insert into TICKET (TICKETID,MEMBERID,SEATROW,SEATNUMBER,THEATREID,SHOWDATE,MOVIEID,EMPID) values (280,null,'C',15,3,to_date('01-DEC-16 20:00:00','DD-MON-RR HH24:MI:SS'),3,3);
Insert into TICKET (TICKETID,MEMBERID,SEATROW,SEATNUMBER,THEATREID,SHOWDATE,MOVIEID,EMPID) values (281,null,'A',7,4,to_date('01-DEC-16 20:00:00','DD-MON-RR HH24:MI:SS'),4,3);
Insert into TICKET (TICKETID,MEMBERID,SEATROW,SEATNUMBER,THEATREID,SHOWDATE,MOVIEID,EMPID) values (282,null,'A',8,4,to_date('01-DEC-16 20:00:00','DD-MON-RR HH24:MI:SS'),4,3);
Insert into TICKET (TICKETID,MEMBERID,SEATROW,SEATNUMBER,THEATREID,SHOWDATE,MOVIEID,EMPID) values (283,null,'A',13,4,to_date('01-DEC-16 20:00:00','DD-MON-RR HH24:MI:SS'),4,4);
Insert into TICKET (TICKETID,MEMBERID,SEATROW,SEATNUMBER,THEATREID,SHOWDATE,MOVIEID,EMPID) values (284,null,'A',14,4,to_date('01-DEC-16 20:00:00','DD-MON-RR HH24:MI:SS'),4,4);
Insert into TICKET (TICKETID,MEMBERID,SEATROW,SEATNUMBER,THEATREID,SHOWDATE,MOVIEID,EMPID) values (285,null,'B',3,4,to_date('01-DEC-16 20:00:00','DD-MON-RR HH24:MI:SS'),4,3);
Insert into TICKET (TICKETID,MEMBERID,SEATROW,SEATNUMBER,THEATREID,SHOWDATE,MOVIEID,EMPID) values (286,null,'B',4,4,to_date('01-DEC-16 20:00:00','DD-MON-RR HH24:MI:SS'),4,3);
Insert into TICKET (TICKETID,MEMBERID,SEATROW,SEATNUMBER,THEATREID,SHOWDATE,MOVIEID,EMPID) values (287,null,'B',7,4,to_date('01-DEC-16 20:00:00','DD-MON-RR HH24:MI:SS'),4,3);
Insert into TICKET (TICKETID,MEMBERID,SEATROW,SEATNUMBER,THEATREID,SHOWDATE,MOVIEID,EMPID) values (288,null,'B',8,4,to_date('01-DEC-16 20:00:00','DD-MON-RR HH24:MI:SS'),4,3);
Insert into TICKET (TICKETID,MEMBERID,SEATROW,SEATNUMBER,THEATREID,SHOWDATE,MOVIEID,EMPID) values (289,null,'B',13,4,to_date('01-DEC-16 20:00:00','DD-MON-RR HH24:MI:SS'),4,4);
Insert into TICKET (TICKETID,MEMBERID,SEATROW,SEATNUMBER,THEATREID,SHOWDATE,MOVIEID,EMPID) values (290,null,'B',14,4,to_date('01-DEC-16 20:00:00','DD-MON-RR HH24:MI:SS'),4,4);
Insert into TICKET (TICKETID,MEMBERID,SEATROW,SEATNUMBER,THEATREID,SHOWDATE,MOVIEID,EMPID) values (291,null,'C',5,4,to_date('01-DEC-16 20:00:00','DD-MON-RR HH24:MI:SS'),4,3);
Insert into TICKET (TICKETID,MEMBERID,SEATROW,SEATNUMBER,THEATREID,SHOWDATE,MOVIEID,EMPID) values (292,null,'C',6,4,to_date('01-DEC-16 20:00:00','DD-MON-RR HH24:MI:SS'),4,3);
Insert into TICKET (TICKETID,MEMBERID,SEATROW,SEATNUMBER,THEATREID,SHOWDATE,MOVIEID,EMPID) values (293,null,'C',7,4,to_date('01-DEC-16 20:00:00','DD-MON-RR HH24:MI:SS'),4,4);
Insert into TICKET (TICKETID,MEMBERID,SEATROW,SEATNUMBER,THEATREID,SHOWDATE,MOVIEID,EMPID) values (294,null,'C',8,4,to_date('01-DEC-16 20:00:00','DD-MON-RR HH24:MI:SS'),4,4);
Insert into TICKET (TICKETID,MEMBERID,SEATROW,SEATNUMBER,THEATREID,SHOWDATE,MOVIEID,EMPID) values (295,null,'C',9,4,to_date('01-DEC-16 20:00:00','DD-MON-RR HH24:MI:SS'),4,4);
Insert into TICKET (TICKETID,MEMBERID,SEATROW,SEATNUMBER,THEATREID,SHOWDATE,MOVIEID,EMPID) values (296,null,'C',10,4,to_date('01-DEC-16 20:00:00','DD-MON-RR HH24:MI:SS'),4,4);
Insert into TICKET (TICKETID,MEMBERID,SEATROW,SEATNUMBER,THEATREID,SHOWDATE,MOVIEID,EMPID) values (297,null,'C',11,4,to_date('01-DEC-16 20:00:00','DD-MON-RR HH24:MI:SS'),4,3);
Insert into TICKET (TICKETID,MEMBERID,SEATROW,SEATNUMBER,THEATREID,SHOWDATE,MOVIEID,EMPID) values (298,null,'C',12,4,to_date('01-DEC-16 20:00:00','DD-MON-RR HH24:MI:SS'),4,3);
Insert into TICKET (TICKETID,MEMBERID,SEATROW,SEATNUMBER,THEATREID,SHOWDATE,MOVIEID,EMPID) values (299,null,'C',13,4,to_date('01-DEC-16 20:00:00','DD-MON-RR HH24:MI:SS'),4,4);
Insert into TICKET (TICKETID,MEMBERID,SEATROW,SEATNUMBER,THEATREID,SHOWDATE,MOVIEID,EMPID) values (300,null,'C',14,4,to_date('01-DEC-16 20:00:00','DD-MON-RR HH24:MI:SS'),4,4);
commit;
Insert into TICKET (TICKETID,MEMBERID,SEATROW,SEATNUMBER,THEATREID,SHOWDATE,MOVIEID,EMPID) values (301,null,'A',1,1,to_date('02-DEC-16 15:00:00','DD-MON-RR HH24:MI:SS'),1,3);
Insert into TICKET (TICKETID,MEMBERID,SEATROW,SEATNUMBER,THEATREID,SHOWDATE,MOVIEID,EMPID) values (302,null,'A',2,1,to_date('02-DEC-16 15:00:00','DD-MON-RR HH24:MI:SS'),1,3);
Insert into TICKET (TICKETID,MEMBERID,SEATROW,SEATNUMBER,THEATREID,SHOWDATE,MOVIEID,EMPID) values (303,null,'A',3,1,to_date('02-DEC-16 15:00:00','DD-MON-RR HH24:MI:SS'),1,4);
Insert into TICKET (TICKETID,MEMBERID,SEATROW,SEATNUMBER,THEATREID,SHOWDATE,MOVIEID,EMPID) values (304,null,'A',4,1,to_date('02-DEC-16 15:00:00','DD-MON-RR HH24:MI:SS'),1,3);
Insert into TICKET (TICKETID,MEMBERID,SEATROW,SEATNUMBER,THEATREID,SHOWDATE,MOVIEID,EMPID) values (305,null,'A',5,1,to_date('02-DEC-16 15:00:00','DD-MON-RR HH24:MI:SS'),1,4);
Insert into TICKET (TICKETID,MEMBERID,SEATROW,SEATNUMBER,THEATREID,SHOWDATE,MOVIEID,EMPID) values (306,null,'A',6,1,to_date('02-DEC-16 15:00:00','DD-MON-RR HH24:MI:SS'),1,4);
Insert into TICKET (TICKETID,MEMBERID,SEATROW,SEATNUMBER,THEATREID,SHOWDATE,MOVIEID,EMPID) values (307,null,'A',7,1,to_date('02-DEC-16 15:00:00','DD-MON-RR HH24:MI:SS'),1,3);
Insert into TICKET (TICKETID,MEMBERID,SEATROW,SEATNUMBER,THEATREID,SHOWDATE,MOVIEID,EMPID) values (308,null,'A',8,1,to_date('02-DEC-16 15:00:00','DD-MON-RR HH24:MI:SS'),1,4);
Insert into TICKET (TICKETID,MEMBERID,SEATROW,SEATNUMBER,THEATREID,SHOWDATE,MOVIEID,EMPID) values (309,null,'A',9,1,to_date('02-DEC-16 15:00:00','DD-MON-RR HH24:MI:SS'),1,3);
Insert into TICKET (TICKETID,MEMBERID,SEATROW,SEATNUMBER,THEATREID,SHOWDATE,MOVIEID,EMPID) values (310,null,'A',10,1,to_date('02-DEC-16 15:00:00','DD-MON-RR HH24:MI:SS'),1,3);
Insert into TICKET (TICKETID,MEMBERID,SEATROW,SEATNUMBER,THEATREID,SHOWDATE,MOVIEID,EMPID) values (311,null,'A',11,1,to_date('02-DEC-16 15:00:00','DD-MON-RR HH24:MI:SS'),1,3);
Insert into TICKET (TICKETID,MEMBERID,SEATROW,SEATNUMBER,THEATREID,SHOWDATE,MOVIEID,EMPID) values (312,null,'A',12,1,to_date('02-DEC-16 15:00:00','DD-MON-RR HH24:MI:SS'),1,4);
Insert into TICKET (TICKETID,MEMBERID,SEATROW,SEATNUMBER,THEATREID,SHOWDATE,MOVIEID,EMPID) values (313,null,'A',13,1,to_date('02-DEC-16 15:00:00','DD-MON-RR HH24:MI:SS'),1,4);
Insert into TICKET (TICKETID,MEMBERID,SEATROW,SEATNUMBER,THEATREID,SHOWDATE,MOVIEID,EMPID) values (314,null,'A',14,1,to_date('02-DEC-16 15:00:00','DD-MON-RR HH24:MI:SS'),1,4);
Insert into TICKET (TICKETID,MEMBERID,SEATROW,SEATNUMBER,THEATREID,SHOWDATE,MOVIEID,EMPID) values (315,null,'A',15,1,to_date('02-DEC-16 15:00:00','DD-MON-RR HH24:MI:SS'),1,3);
Insert into TICKET (TICKETID,MEMBERID,SEATROW,SEATNUMBER,THEATREID,SHOWDATE,MOVIEID,EMPID) values (316,null,'A',16,1,to_date('02-DEC-16 15:00:00','DD-MON-RR HH24:MI:SS'),1,4);
Insert into TICKET (TICKETID,MEMBERID,SEATROW,SEATNUMBER,THEATREID,SHOWDATE,MOVIEID,EMPID) values (317,null,'A',17,1,to_date('02-DEC-16 15:00:00','DD-MON-RR HH24:MI:SS'),1,3);
Insert into TICKET (TICKETID,MEMBERID,SEATROW,SEATNUMBER,THEATREID,SHOWDATE,MOVIEID,EMPID) values (318,null,'A',18,1,to_date('02-DEC-16 15:00:00','DD-MON-RR HH24:MI:SS'),1,3);
Insert into TICKET (TICKETID,MEMBERID,SEATROW,SEATNUMBER,THEATREID,SHOWDATE,MOVIEID,EMPID) values (319,null,'A',19,1,to_date('02-DEC-16 15:00:00','DD-MON-RR HH24:MI:SS'),1,3);
Insert into TICKET (TICKETID,MEMBERID,SEATROW,SEATNUMBER,THEATREID,SHOWDATE,MOVIEID,EMPID) values (320,null,'A',20,1,to_date('02-DEC-16 15:00:00','DD-MON-RR HH24:MI:SS'),1,4);
Insert into TICKET (TICKETID,MEMBERID,SEATROW,SEATNUMBER,THEATREID,SHOWDATE,MOVIEID,EMPID) values (321,null,'B',1,1,to_date('02-DEC-16 15:00:00','DD-MON-RR HH24:MI:SS'),1,3);
Insert into TICKET (TICKETID,MEMBERID,SEATROW,SEATNUMBER,THEATREID,SHOWDATE,MOVIEID,EMPID) values (322,null,'B',2,1,to_date('02-DEC-16 15:00:00','DD-MON-RR HH24:MI:SS'),1,3);
Insert into TICKET (TICKETID,MEMBERID,SEATROW,SEATNUMBER,THEATREID,SHOWDATE,MOVIEID,EMPID) values (323,null,'B',3,1,to_date('02-DEC-16 15:00:00','DD-MON-RR HH24:MI:SS'),1,3);
Insert into TICKET (TICKETID,MEMBERID,SEATROW,SEATNUMBER,THEATREID,SHOWDATE,MOVIEID,EMPID) values (324,null,'B',4,1,to_date('02-DEC-16 15:00:00','DD-MON-RR HH24:MI:SS'),1,4);
Insert into TICKET (TICKETID,MEMBERID,SEATROW,SEATNUMBER,THEATREID,SHOWDATE,MOVIEID,EMPID) values (325,null,'B',5,1,to_date('02-DEC-16 15:00:00','DD-MON-RR HH24:MI:SS'),1,4);
Insert into TICKET (TICKETID,MEMBERID,SEATROW,SEATNUMBER,THEATREID,SHOWDATE,MOVIEID,EMPID) values (326,null,'B',6,1,to_date('02-DEC-16 15:00:00','DD-MON-RR HH24:MI:SS'),1,3);
Insert into TICKET (TICKETID,MEMBERID,SEATROW,SEATNUMBER,THEATREID,SHOWDATE,MOVIEID,EMPID) values (327,null,'B',7,1,to_date('02-DEC-16 15:00:00','DD-MON-RR HH24:MI:SS'),1,4);
Insert into TICKET (TICKETID,MEMBERID,SEATROW,SEATNUMBER,THEATREID,SHOWDATE,MOVIEID,EMPID) values (328,null,'B',8,1,to_date('02-DEC-16 15:00:00','DD-MON-RR HH24:MI:SS'),1,4);
Insert into TICKET (TICKETID,MEMBERID,SEATROW,SEATNUMBER,THEATREID,SHOWDATE,MOVIEID,EMPID) values (329,null,'B',9,1,to_date('02-DEC-16 15:00:00','DD-MON-RR HH24:MI:SS'),1,3);
Insert into TICKET (TICKETID,MEMBERID,SEATROW,SEATNUMBER,THEATREID,SHOWDATE,MOVIEID,EMPID) values (330,null,'B',10,1,to_date('02-DEC-16 15:00:00','DD-MON-RR HH24:MI:SS'),1,3);
Insert into TICKET (TICKETID,MEMBERID,SEATROW,SEATNUMBER,THEATREID,SHOWDATE,MOVIEID,EMPID) values (331,null,'B',11,1,to_date('02-DEC-16 15:00:00','DD-MON-RR HH24:MI:SS'),1,4);
Insert into TICKET (TICKETID,MEMBERID,SEATROW,SEATNUMBER,THEATREID,SHOWDATE,MOVIEID,EMPID) values (332,null,'B',12,1,to_date('02-DEC-16 15:00:00','DD-MON-RR HH24:MI:SS'),1,3);
Insert into TICKET (TICKETID,MEMBERID,SEATROW,SEATNUMBER,THEATREID,SHOWDATE,MOVIEID,EMPID) values (333,null,'B',13,1,to_date('02-DEC-16 15:00:00','DD-MON-RR HH24:MI:SS'),1,4);
Insert into TICKET (TICKETID,MEMBERID,SEATROW,SEATNUMBER,THEATREID,SHOWDATE,MOVIEID,EMPID) values (334,null,'B',14,1,to_date('02-DEC-16 15:00:00','DD-MON-RR HH24:MI:SS'),1,3);
Insert into TICKET (TICKETID,MEMBERID,SEATROW,SEATNUMBER,THEATREID,SHOWDATE,MOVIEID,EMPID) values (335,null,'B',15,1,to_date('02-DEC-16 15:00:00','DD-MON-RR HH24:MI:SS'),1,3);
Insert into TICKET (TICKETID,MEMBERID,SEATROW,SEATNUMBER,THEATREID,SHOWDATE,MOVIEID,EMPID) values (336,null,'B',16,1,to_date('02-DEC-16 15:00:00','DD-MON-RR HH24:MI:SS'),1,4);
Insert into TICKET (TICKETID,MEMBERID,SEATROW,SEATNUMBER,THEATREID,SHOWDATE,MOVIEID,EMPID) values (337,null,'B',17,1,to_date('02-DEC-16 15:00:00','DD-MON-RR HH24:MI:SS'),1,4);
Insert into TICKET (TICKETID,MEMBERID,SEATROW,SEATNUMBER,THEATREID,SHOWDATE,MOVIEID,EMPID) values (338,null,'B',18,1,to_date('02-DEC-16 15:00:00','DD-MON-RR HH24:MI:SS'),1,4);
Insert into TICKET (TICKETID,MEMBERID,SEATROW,SEATNUMBER,THEATREID,SHOWDATE,MOVIEID,EMPID) values (339,null,'B',19,1,to_date('02-DEC-16 15:00:00','DD-MON-RR HH24:MI:SS'),1,3);
Insert into TICKET (TICKETID,MEMBERID,SEATROW,SEATNUMBER,THEATREID,SHOWDATE,MOVIEID,EMPID) values (340,null,'B',20,1,to_date('02-DEC-16 15:00:00','DD-MON-RR HH24:MI:SS'),1,4);
Insert into TICKET (TICKETID,MEMBERID,SEATROW,SEATNUMBER,THEATREID,SHOWDATE,MOVIEID,EMPID) values (341,null,'C',1,1,to_date('02-DEC-16 15:00:00','DD-MON-RR HH24:MI:SS'),1,3);
Insert into TICKET (TICKETID,MEMBERID,SEATROW,SEATNUMBER,THEATREID,SHOWDATE,MOVIEID,EMPID) values (342,null,'C',2,1,to_date('02-DEC-16 15:00:00','DD-MON-RR HH24:MI:SS'),1,3);
Insert into TICKET (TICKETID,MEMBERID,SEATROW,SEATNUMBER,THEATREID,SHOWDATE,MOVIEID,EMPID) values (343,null,'C',3,1,to_date('02-DEC-16 15:00:00','DD-MON-RR HH24:MI:SS'),1,4);
Insert into TICKET (TICKETID,MEMBERID,SEATROW,SEATNUMBER,THEATREID,SHOWDATE,MOVIEID,EMPID) values (344,null,'C',4,1,to_date('02-DEC-16 15:00:00','DD-MON-RR HH24:MI:SS'),1,4);
Insert into TICKET (TICKETID,MEMBERID,SEATROW,SEATNUMBER,THEATREID,SHOWDATE,MOVIEID,EMPID) values (345,null,'C',5,1,to_date('02-DEC-16 15:00:00','DD-MON-RR HH24:MI:SS'),1,4);
Insert into TICKET (TICKETID,MEMBERID,SEATROW,SEATNUMBER,THEATREID,SHOWDATE,MOVIEID,EMPID) values (346,null,'C',6,1,to_date('02-DEC-16 15:00:00','DD-MON-RR HH24:MI:SS'),1,4);
Insert into TICKET (TICKETID,MEMBERID,SEATROW,SEATNUMBER,THEATREID,SHOWDATE,MOVIEID,EMPID) values (347,null,'C',7,1,to_date('02-DEC-16 15:00:00','DD-MON-RR HH24:MI:SS'),1,3);
Insert into TICKET (TICKETID,MEMBERID,SEATROW,SEATNUMBER,THEATREID,SHOWDATE,MOVIEID,EMPID) values (348,null,'C',8,1,to_date('02-DEC-16 15:00:00','DD-MON-RR HH24:MI:SS'),1,3);
Insert into TICKET (TICKETID,MEMBERID,SEATROW,SEATNUMBER,THEATREID,SHOWDATE,MOVIEID,EMPID) values (349,null,'C',9,1,to_date('02-DEC-16 15:00:00','DD-MON-RR HH24:MI:SS'),1,3);
Insert into TICKET (TICKETID,MEMBERID,SEATROW,SEATNUMBER,THEATREID,SHOWDATE,MOVIEID,EMPID) values (350,null,'C',10,1,to_date('02-DEC-16 15:00:00','DD-MON-RR HH24:MI:SS'),1,3);
Insert into TICKET (TICKETID,MEMBERID,SEATROW,SEATNUMBER,THEATREID,SHOWDATE,MOVIEID,EMPID) values (351,null,'C',11,1,to_date('02-DEC-16 15:00:00','DD-MON-RR HH24:MI:SS'),1,4);
Insert into TICKET (TICKETID,MEMBERID,SEATROW,SEATNUMBER,THEATREID,SHOWDATE,MOVIEID,EMPID) values (352,null,'C',12,1,to_date('02-DEC-16 15:00:00','DD-MON-RR HH24:MI:SS'),1,4);
Insert into TICKET (TICKETID,MEMBERID,SEATROW,SEATNUMBER,THEATREID,SHOWDATE,MOVIEID,EMPID) values (353,null,'C',13,1,to_date('02-DEC-16 15:00:00','DD-MON-RR HH24:MI:SS'),1,3);
Insert into TICKET (TICKETID,MEMBERID,SEATROW,SEATNUMBER,THEATREID,SHOWDATE,MOVIEID,EMPID) values (354,null,'C',14,1,to_date('02-DEC-16 15:00:00','DD-MON-RR HH24:MI:SS'),1,4);
Insert into TICKET (TICKETID,MEMBERID,SEATROW,SEATNUMBER,THEATREID,SHOWDATE,MOVIEID,EMPID) values (355,null,'C',15,1,to_date('02-DEC-16 15:00:00','DD-MON-RR HH24:MI:SS'),1,3);
Insert into TICKET (TICKETID,MEMBERID,SEATROW,SEATNUMBER,THEATREID,SHOWDATE,MOVIEID,EMPID) values (356,null,'C',16,1,to_date('02-DEC-16 15:00:00','DD-MON-RR HH24:MI:SS'),1,4);
Insert into TICKET (TICKETID,MEMBERID,SEATROW,SEATNUMBER,THEATREID,SHOWDATE,MOVIEID,EMPID) values (357,null,'C',17,1,to_date('02-DEC-16 15:00:00','DD-MON-RR HH24:MI:SS'),1,4);
Insert into TICKET (TICKETID,MEMBERID,SEATROW,SEATNUMBER,THEATREID,SHOWDATE,MOVIEID,EMPID) values (358,null,'C',18,1,to_date('02-DEC-16 15:00:00','DD-MON-RR HH24:MI:SS'),1,3);
Insert into TICKET (TICKETID,MEMBERID,SEATROW,SEATNUMBER,THEATREID,SHOWDATE,MOVIEID,EMPID) values (359,null,'C',19,1,to_date('02-DEC-16 15:00:00','DD-MON-RR HH24:MI:SS'),1,4);
Insert into TICKET (TICKETID,MEMBERID,SEATROW,SEATNUMBER,THEATREID,SHOWDATE,MOVIEID,EMPID) values (360,null,'C',20,1,to_date('02-DEC-16 15:00:00','DD-MON-RR HH24:MI:SS'),1,3);
Insert into TICKET (TICKETID,MEMBERID,SEATROW,SEATNUMBER,THEATREID,SHOWDATE,MOVIEID,EMPID) values (361,null,'D',1,1,to_date('02-DEC-16 15:00:00','DD-MON-RR HH24:MI:SS'),1,4);
Insert into TICKET (TICKETID,MEMBERID,SEATROW,SEATNUMBER,THEATREID,SHOWDATE,MOVIEID,EMPID) values (362,null,'D',2,1,to_date('02-DEC-16 15:00:00','DD-MON-RR HH24:MI:SS'),1,3);
Insert into TICKET (TICKETID,MEMBERID,SEATROW,SEATNUMBER,THEATREID,SHOWDATE,MOVIEID,EMPID) values (363,null,'D',3,1,to_date('02-DEC-16 15:00:00','DD-MON-RR HH24:MI:SS'),1,3);
Insert into TICKET (TICKETID,MEMBERID,SEATROW,SEATNUMBER,THEATREID,SHOWDATE,MOVIEID,EMPID) values (364,null,'D',4,1,to_date('02-DEC-16 15:00:00','DD-MON-RR HH24:MI:SS'),1,3);
Insert into TICKET (TICKETID,MEMBERID,SEATROW,SEATNUMBER,THEATREID,SHOWDATE,MOVIEID,EMPID) values (365,null,'D',5,1,to_date('02-DEC-16 15:00:00','DD-MON-RR HH24:MI:SS'),1,4);
Insert into TICKET (TICKETID,MEMBERID,SEATROW,SEATNUMBER,THEATREID,SHOWDATE,MOVIEID,EMPID) values (366,null,'D',6,1,to_date('02-DEC-16 15:00:00','DD-MON-RR HH24:MI:SS'),1,4);
Insert into TICKET (TICKETID,MEMBERID,SEATROW,SEATNUMBER,THEATREID,SHOWDATE,MOVIEID,EMPID) values (367,null,'D',7,1,to_date('02-DEC-16 15:00:00','DD-MON-RR HH24:MI:SS'),1,3);
Insert into TICKET (TICKETID,MEMBERID,SEATROW,SEATNUMBER,THEATREID,SHOWDATE,MOVIEID,EMPID) values (368,null,'D',8,1,to_date('02-DEC-16 15:00:00','DD-MON-RR HH24:MI:SS'),1,3);
Insert into TICKET (TICKETID,MEMBERID,SEATROW,SEATNUMBER,THEATREID,SHOWDATE,MOVIEID,EMPID) values (369,null,'D',9,1,to_date('02-DEC-16 15:00:00','DD-MON-RR HH24:MI:SS'),1,4);
Insert into TICKET (TICKETID,MEMBERID,SEATROW,SEATNUMBER,THEATREID,SHOWDATE,MOVIEID,EMPID) values (370,null,'D',10,1,to_date('02-DEC-16 15:00:00','DD-MON-RR HH24:MI:SS'),1,4);
Insert into TICKET (TICKETID,MEMBERID,SEATROW,SEATNUMBER,THEATREID,SHOWDATE,MOVIEID,EMPID) values (371,null,'D',11,1,to_date('02-DEC-16 15:00:00','DD-MON-RR HH24:MI:SS'),1,4);
Insert into TICKET (TICKETID,MEMBERID,SEATROW,SEATNUMBER,THEATREID,SHOWDATE,MOVIEID,EMPID) values (372,null,'D',12,1,to_date('02-DEC-16 15:00:00','DD-MON-RR HH24:MI:SS'),1,3);
Insert into TICKET (TICKETID,MEMBERID,SEATROW,SEATNUMBER,THEATREID,SHOWDATE,MOVIEID,EMPID) values (373,null,'D',13,1,to_date('02-DEC-16 15:00:00','DD-MON-RR HH24:MI:SS'),1,4);
Insert into TICKET (TICKETID,MEMBERID,SEATROW,SEATNUMBER,THEATREID,SHOWDATE,MOVIEID,EMPID) values (374,null,'D',14,1,to_date('02-DEC-16 15:00:00','DD-MON-RR HH24:MI:SS'),1,3);
Insert into TICKET (TICKETID,MEMBERID,SEATROW,SEATNUMBER,THEATREID,SHOWDATE,MOVIEID,EMPID) values (375,null,'D',15,1,to_date('02-DEC-16 15:00:00','DD-MON-RR HH24:MI:SS'),1,4);
Insert into TICKET (TICKETID,MEMBERID,SEATROW,SEATNUMBER,THEATREID,SHOWDATE,MOVIEID,EMPID) values (376,null,'D',16,1,to_date('02-DEC-16 15:00:00','DD-MON-RR HH24:MI:SS'),1,3);
Insert into TICKET (TICKETID,MEMBERID,SEATROW,SEATNUMBER,THEATREID,SHOWDATE,MOVIEID,EMPID) values (377,null,'D',17,1,to_date('02-DEC-16 15:00:00','DD-MON-RR HH24:MI:SS'),1,4);
Insert into TICKET (TICKETID,MEMBERID,SEATROW,SEATNUMBER,THEATREID,SHOWDATE,MOVIEID,EMPID) values (378,null,'D',18,1,to_date('02-DEC-16 15:00:00','DD-MON-RR HH24:MI:SS'),1,4);
Insert into TICKET (TICKETID,MEMBERID,SEATROW,SEATNUMBER,THEATREID,SHOWDATE,MOVIEID,EMPID) values (379,null,'D',19,1,to_date('02-DEC-16 15:00:00','DD-MON-RR HH24:MI:SS'),1,3);
Insert into TICKET (TICKETID,MEMBERID,SEATROW,SEATNUMBER,THEATREID,SHOWDATE,MOVIEID,EMPID) values (380,null,'D',20,1,to_date('02-DEC-16 15:00:00','DD-MON-RR HH24:MI:SS'),1,4);
Insert into TICKET (TICKETID,MEMBERID,SEATROW,SEATNUMBER,THEATREID,SHOWDATE,MOVIEID,EMPID) values (381,null,'E',1,1,to_date('02-DEC-16 15:00:00','DD-MON-RR HH24:MI:SS'),1,3);
Insert into TICKET (TICKETID,MEMBERID,SEATROW,SEATNUMBER,THEATREID,SHOWDATE,MOVIEID,EMPID) values (382,null,'E',2,1,to_date('02-DEC-16 15:00:00','DD-MON-RR HH24:MI:SS'),1,3);
Insert into TICKET (TICKETID,MEMBERID,SEATROW,SEATNUMBER,THEATREID,SHOWDATE,MOVIEID,EMPID) values (383,null,'E',3,1,to_date('02-DEC-16 15:00:00','DD-MON-RR HH24:MI:SS'),1,4);
Insert into TICKET (TICKETID,MEMBERID,SEATROW,SEATNUMBER,THEATREID,SHOWDATE,MOVIEID,EMPID) values (384,null,'E',4,1,to_date('02-DEC-16 15:00:00','DD-MON-RR HH24:MI:SS'),1,4);
Insert into TICKET (TICKETID,MEMBERID,SEATROW,SEATNUMBER,THEATREID,SHOWDATE,MOVIEID,EMPID) values (385,null,'E',5,1,to_date('02-DEC-16 15:00:00','DD-MON-RR HH24:MI:SS'),1,3);
Insert into TICKET (TICKETID,MEMBERID,SEATROW,SEATNUMBER,THEATREID,SHOWDATE,MOVIEID,EMPID) values (386,null,'E',6,1,to_date('02-DEC-16 15:00:00','DD-MON-RR HH24:MI:SS'),1,4);
Insert into TICKET (TICKETID,MEMBERID,SEATROW,SEATNUMBER,THEATREID,SHOWDATE,MOVIEID,EMPID) values (387,null,'E',7,1,to_date('02-DEC-16 15:00:00','DD-MON-RR HH24:MI:SS'),1,4);
Insert into TICKET (TICKETID,MEMBERID,SEATROW,SEATNUMBER,THEATREID,SHOWDATE,MOVIEID,EMPID) values (388,null,'E',8,1,to_date('02-DEC-16 15:00:00','DD-MON-RR HH24:MI:SS'),1,4);
Insert into TICKET (TICKETID,MEMBERID,SEATROW,SEATNUMBER,THEATREID,SHOWDATE,MOVIEID,EMPID) values (389,null,'E',9,1,to_date('02-DEC-16 15:00:00','DD-MON-RR HH24:MI:SS'),1,3);
Insert into TICKET (TICKETID,MEMBERID,SEATROW,SEATNUMBER,THEATREID,SHOWDATE,MOVIEID,EMPID) values (390,null,'E',10,1,to_date('02-DEC-16 15:00:00','DD-MON-RR HH24:MI:SS'),1,4);
Insert into TICKET (TICKETID,MEMBERID,SEATROW,SEATNUMBER,THEATREID,SHOWDATE,MOVIEID,EMPID) values (391,null,'E',11,1,to_date('02-DEC-16 15:00:00','DD-MON-RR HH24:MI:SS'),1,4);
Insert into TICKET (TICKETID,MEMBERID,SEATROW,SEATNUMBER,THEATREID,SHOWDATE,MOVIEID,EMPID) values (392,null,'E',12,1,to_date('02-DEC-16 15:00:00','DD-MON-RR HH24:MI:SS'),1,3);
Insert into TICKET (TICKETID,MEMBERID,SEATROW,SEATNUMBER,THEATREID,SHOWDATE,MOVIEID,EMPID) values (393,null,'E',13,1,to_date('02-DEC-16 15:00:00','DD-MON-RR HH24:MI:SS'),1,3);
Insert into TICKET (TICKETID,MEMBERID,SEATROW,SEATNUMBER,THEATREID,SHOWDATE,MOVIEID,EMPID) values (394,null,'E',14,1,to_date('02-DEC-16 15:00:00','DD-MON-RR HH24:MI:SS'),1,3);
Insert into TICKET (TICKETID,MEMBERID,SEATROW,SEATNUMBER,THEATREID,SHOWDATE,MOVIEID,EMPID) values (395,null,'E',15,1,to_date('02-DEC-16 15:00:00','DD-MON-RR HH24:MI:SS'),1,3);
Insert into TICKET (TICKETID,MEMBERID,SEATROW,SEATNUMBER,THEATREID,SHOWDATE,MOVIEID,EMPID) values (396,null,'E',16,1,to_date('02-DEC-16 15:00:00','DD-MON-RR HH24:MI:SS'),1,4);
Insert into TICKET (TICKETID,MEMBERID,SEATROW,SEATNUMBER,THEATREID,SHOWDATE,MOVIEID,EMPID) values (397,null,'E',17,1,to_date('02-DEC-16 15:00:00','DD-MON-RR HH24:MI:SS'),1,4);
Insert into TICKET (TICKETID,MEMBERID,SEATROW,SEATNUMBER,THEATREID,SHOWDATE,MOVIEID,EMPID) values (398,null,'E',18,1,to_date('02-DEC-16 15:00:00','DD-MON-RR HH24:MI:SS'),1,3);
Insert into TICKET (TICKETID,MEMBERID,SEATROW,SEATNUMBER,THEATREID,SHOWDATE,MOVIEID,EMPID) values (399,null,'E',19,1,to_date('02-DEC-16 15:00:00','DD-MON-RR HH24:MI:SS'),1,3);
Insert into TICKET (TICKETID,MEMBERID,SEATROW,SEATNUMBER,THEATREID,SHOWDATE,MOVIEID,EMPID) values (400,null,'E',20,1,to_date('02-DEC-16 15:00:00','DD-MON-RR HH24:MI:SS'),1,4);
commit;
Insert into TICKET (TICKETID,MEMBERID,SEATROW,SEATNUMBER,THEATREID,SHOWDATE,MOVIEID,EMPID) values (401,null,'A',3,2,to_date('02-DEC-16 15:00:00','DD-MON-RR HH24:MI:SS'),2,4);
Insert into TICKET (TICKETID,MEMBERID,SEATROW,SEATNUMBER,THEATREID,SHOWDATE,MOVIEID,EMPID) values (402,null,'A',4,2,to_date('02-DEC-16 15:00:00','DD-MON-RR HH24:MI:SS'),2,4);
Insert into TICKET (TICKETID,MEMBERID,SEATROW,SEATNUMBER,THEATREID,SHOWDATE,MOVIEID,EMPID) values (403,null,'A',7,2,to_date('02-DEC-16 15:00:00','DD-MON-RR HH24:MI:SS'),2,4);
Insert into TICKET (TICKETID,MEMBERID,SEATROW,SEATNUMBER,THEATREID,SHOWDATE,MOVIEID,EMPID) values (404,null,'A',8,2,to_date('02-DEC-16 15:00:00','DD-MON-RR HH24:MI:SS'),2,3);
Insert into TICKET (TICKETID,MEMBERID,SEATROW,SEATNUMBER,THEATREID,SHOWDATE,MOVIEID,EMPID) values (405,null,'A',9,2,to_date('02-DEC-16 15:00:00','DD-MON-RR HH24:MI:SS'),2,3);
Insert into TICKET (TICKETID,MEMBERID,SEATROW,SEATNUMBER,THEATREID,SHOWDATE,MOVIEID,EMPID) values (406,null,'A',10,2,to_date('02-DEC-16 15:00:00','DD-MON-RR HH24:MI:SS'),2,3);
Insert into TICKET (TICKETID,MEMBERID,SEATROW,SEATNUMBER,THEATREID,SHOWDATE,MOVIEID,EMPID) values (407,null,'A',11,2,to_date('02-DEC-16 15:00:00','DD-MON-RR HH24:MI:SS'),2,4);
Insert into TICKET (TICKETID,MEMBERID,SEATROW,SEATNUMBER,THEATREID,SHOWDATE,MOVIEID,EMPID) values (408,null,'A',12,2,to_date('02-DEC-16 15:00:00','DD-MON-RR HH24:MI:SS'),2,4);
Insert into TICKET (TICKETID,MEMBERID,SEATROW,SEATNUMBER,THEATREID,SHOWDATE,MOVIEID,EMPID) values (409,null,'A',15,2,to_date('02-DEC-16 15:00:00','DD-MON-RR HH24:MI:SS'),2,4);
Insert into TICKET (TICKETID,MEMBERID,SEATROW,SEATNUMBER,THEATREID,SHOWDATE,MOVIEID,EMPID) values (410,null,'A',16,2,to_date('02-DEC-16 15:00:00','DD-MON-RR HH24:MI:SS'),2,4);
Insert into TICKET (TICKETID,MEMBERID,SEATROW,SEATNUMBER,THEATREID,SHOWDATE,MOVIEID,EMPID) values (411,null,'B',3,2,to_date('02-DEC-16 15:00:00','DD-MON-RR HH24:MI:SS'),2,4);
Insert into TICKET (TICKETID,MEMBERID,SEATROW,SEATNUMBER,THEATREID,SHOWDATE,MOVIEID,EMPID) values (412,null,'B',4,2,to_date('02-DEC-16 15:00:00','DD-MON-RR HH24:MI:SS'),2,3);
Insert into TICKET (TICKETID,MEMBERID,SEATROW,SEATNUMBER,THEATREID,SHOWDATE,MOVIEID,EMPID) values (413,null,'B',5,2,to_date('02-DEC-16 15:00:00','DD-MON-RR HH24:MI:SS'),2,3);
Insert into TICKET (TICKETID,MEMBERID,SEATROW,SEATNUMBER,THEATREID,SHOWDATE,MOVIEID,EMPID) values (414,null,'B',6,2,to_date('02-DEC-16 15:00:00','DD-MON-RR HH24:MI:SS'),2,4);
Insert into TICKET (TICKETID,MEMBERID,SEATROW,SEATNUMBER,THEATREID,SHOWDATE,MOVIEID,EMPID) values (415,null,'B',11,2,to_date('02-DEC-16 15:00:00','DD-MON-RR HH24:MI:SS'),2,4);
Insert into TICKET (TICKETID,MEMBERID,SEATROW,SEATNUMBER,THEATREID,SHOWDATE,MOVIEID,EMPID) values (416,null,'B',12,2,to_date('02-DEC-16 15:00:00','DD-MON-RR HH24:MI:SS'),2,3);
Insert into TICKET (TICKETID,MEMBERID,SEATROW,SEATNUMBER,THEATREID,SHOWDATE,MOVIEID,EMPID) values (417,null,'B',13,2,to_date('02-DEC-16 15:00:00','DD-MON-RR HH24:MI:SS'),2,4);
Insert into TICKET (TICKETID,MEMBERID,SEATROW,SEATNUMBER,THEATREID,SHOWDATE,MOVIEID,EMPID) values (418,null,'B',14,2,to_date('02-DEC-16 15:00:00','DD-MON-RR HH24:MI:SS'),2,3);
Insert into TICKET (TICKETID,MEMBERID,SEATROW,SEATNUMBER,THEATREID,SHOWDATE,MOVIEID,EMPID) values (419,null,'B',17,2,to_date('02-DEC-16 15:00:00','DD-MON-RR HH24:MI:SS'),2,4);
Insert into TICKET (TICKETID,MEMBERID,SEATROW,SEATNUMBER,THEATREID,SHOWDATE,MOVIEID,EMPID) values (420,null,'B',18,2,to_date('02-DEC-16 15:00:00','DD-MON-RR HH24:MI:SS'),2,4);
Insert into TICKET (TICKETID,MEMBERID,SEATROW,SEATNUMBER,THEATREID,SHOWDATE,MOVIEID,EMPID) values (421,null,'C',3,2,to_date('02-DEC-16 15:00:00','DD-MON-RR HH24:MI:SS'),2,3);
Insert into TICKET (TICKETID,MEMBERID,SEATROW,SEATNUMBER,THEATREID,SHOWDATE,MOVIEID,EMPID) values (422,null,'C',4,2,to_date('02-DEC-16 15:00:00','DD-MON-RR HH24:MI:SS'),2,3);
Insert into TICKET (TICKETID,MEMBERID,SEATROW,SEATNUMBER,THEATREID,SHOWDATE,MOVIEID,EMPID) values (423,null,'C',5,2,to_date('02-DEC-16 15:00:00','DD-MON-RR HH24:MI:SS'),2,4);
Insert into TICKET (TICKETID,MEMBERID,SEATROW,SEATNUMBER,THEATREID,SHOWDATE,MOVIEID,EMPID) values (424,null,'C',6,2,to_date('02-DEC-16 15:00:00','DD-MON-RR HH24:MI:SS'),2,4);
Insert into TICKET (TICKETID,MEMBERID,SEATROW,SEATNUMBER,THEATREID,SHOWDATE,MOVIEID,EMPID) values (425,null,'C',9,2,to_date('02-DEC-16 15:00:00','DD-MON-RR HH24:MI:SS'),2,4);
Insert into TICKET (TICKETID,MEMBERID,SEATROW,SEATNUMBER,THEATREID,SHOWDATE,MOVIEID,EMPID) values (426,null,'C',10,2,to_date('02-DEC-16 15:00:00','DD-MON-RR HH24:MI:SS'),2,3);
Insert into TICKET (TICKETID,MEMBERID,SEATROW,SEATNUMBER,THEATREID,SHOWDATE,MOVIEID,EMPID) values (427,null,'C',11,2,to_date('02-DEC-16 15:00:00','DD-MON-RR HH24:MI:SS'),2,3);
Insert into TICKET (TICKETID,MEMBERID,SEATROW,SEATNUMBER,THEATREID,SHOWDATE,MOVIEID,EMPID) values (428,null,'C',12,2,to_date('02-DEC-16 15:00:00','DD-MON-RR HH24:MI:SS'),2,4);
Insert into TICKET (TICKETID,MEMBERID,SEATROW,SEATNUMBER,THEATREID,SHOWDATE,MOVIEID,EMPID) values (429,null,'C',15,2,to_date('02-DEC-16 15:00:00','DD-MON-RR HH24:MI:SS'),2,4);
Insert into TICKET (TICKETID,MEMBERID,SEATROW,SEATNUMBER,THEATREID,SHOWDATE,MOVIEID,EMPID) values (430,null,'C',16,2,to_date('02-DEC-16 15:00:00','DD-MON-RR HH24:MI:SS'),2,4);
Insert into TICKET (TICKETID,MEMBERID,SEATROW,SEATNUMBER,THEATREID,SHOWDATE,MOVIEID,EMPID) values (431,null,'D',17,2,to_date('02-DEC-16 15:00:00','DD-MON-RR HH24:MI:SS'),2,4);
Insert into TICKET (TICKETID,MEMBERID,SEATROW,SEATNUMBER,THEATREID,SHOWDATE,MOVIEID,EMPID) values (432,null,'D',18,2,to_date('02-DEC-16 15:00:00','DD-MON-RR HH24:MI:SS'),2,3);
Insert into TICKET (TICKETID,MEMBERID,SEATROW,SEATNUMBER,THEATREID,SHOWDATE,MOVIEID,EMPID) values (433,null,'D',1,2,to_date('02-DEC-16 15:00:00','DD-MON-RR HH24:MI:SS'),2,3);
Insert into TICKET (TICKETID,MEMBERID,SEATROW,SEATNUMBER,THEATREID,SHOWDATE,MOVIEID,EMPID) values (434,null,'D',2,2,to_date('02-DEC-16 15:00:00','DD-MON-RR HH24:MI:SS'),2,4);
Insert into TICKET (TICKETID,MEMBERID,SEATROW,SEATNUMBER,THEATREID,SHOWDATE,MOVIEID,EMPID) values (435,null,'D',3,2,to_date('02-DEC-16 15:00:00','DD-MON-RR HH24:MI:SS'),2,3);
Insert into TICKET (TICKETID,MEMBERID,SEATROW,SEATNUMBER,THEATREID,SHOWDATE,MOVIEID,EMPID) values (436,null,'D',4,2,to_date('02-DEC-16 15:00:00','DD-MON-RR HH24:MI:SS'),2,4);
Insert into TICKET (TICKETID,MEMBERID,SEATROW,SEATNUMBER,THEATREID,SHOWDATE,MOVIEID,EMPID) values (437,null,'D',5,2,to_date('02-DEC-16 15:00:00','DD-MON-RR HH24:MI:SS'),2,4);
Insert into TICKET (TICKETID,MEMBERID,SEATROW,SEATNUMBER,THEATREID,SHOWDATE,MOVIEID,EMPID) values (438,null,'D',6,2,to_date('02-DEC-16 15:00:00','DD-MON-RR HH24:MI:SS'),2,4);
Insert into TICKET (TICKETID,MEMBERID,SEATROW,SEATNUMBER,THEATREID,SHOWDATE,MOVIEID,EMPID) values (439,null,'D',11,2,to_date('02-DEC-16 15:00:00','DD-MON-RR HH24:MI:SS'),2,4);
Insert into TICKET (TICKETID,MEMBERID,SEATROW,SEATNUMBER,THEATREID,SHOWDATE,MOVIEID,EMPID) values (440,null,'D',12,2,to_date('02-DEC-16 15:00:00','DD-MON-RR HH24:MI:SS'),2,3);
Insert into TICKET (TICKETID,MEMBERID,SEATROW,SEATNUMBER,THEATREID,SHOWDATE,MOVIEID,EMPID) values (441,null,'C',3,3,to_date('02-DEC-16 16:00:00','DD-MON-RR HH24:MI:SS'),3,3);
Insert into TICKET (TICKETID,MEMBERID,SEATROW,SEATNUMBER,THEATREID,SHOWDATE,MOVIEID,EMPID) values (442,null,'C',7,3,to_date('02-DEC-16 16:00:00','DD-MON-RR HH24:MI:SS'),3,4);
Insert into TICKET (TICKETID,MEMBERID,SEATROW,SEATNUMBER,THEATREID,SHOWDATE,MOVIEID,EMPID) values (443,null,'C',8,3,to_date('02-DEC-16 16:00:00','DD-MON-RR HH24:MI:SS'),3,4);
Insert into TICKET (TICKETID,MEMBERID,SEATROW,SEATNUMBER,THEATREID,SHOWDATE,MOVIEID,EMPID) values (444,null,'C',11,3,to_date('02-DEC-16 16:00:00','DD-MON-RR HH24:MI:SS'),3,3);
Insert into TICKET (TICKETID,MEMBERID,SEATROW,SEATNUMBER,THEATREID,SHOWDATE,MOVIEID,EMPID) values (445,null,'D',15,3,to_date('02-DEC-16 16:00:00','DD-MON-RR HH24:MI:SS'),3,3);
Insert into TICKET (TICKETID,MEMBERID,SEATROW,SEATNUMBER,THEATREID,SHOWDATE,MOVIEID,EMPID) values (446,null,'D',11,3,to_date('02-DEC-16 16:00:00','DD-MON-RR HH24:MI:SS'),3,4);
Insert into TICKET (TICKETID,MEMBERID,SEATROW,SEATNUMBER,THEATREID,SHOWDATE,MOVIEID,EMPID) values (447,null,'B',9,3,to_date('02-DEC-16 16:00:00','DD-MON-RR HH24:MI:SS'),3,4);
Insert into TICKET (TICKETID,MEMBERID,SEATROW,SEATNUMBER,THEATREID,SHOWDATE,MOVIEID,EMPID) values (448,null,'B',10,3,to_date('02-DEC-16 16:00:00','DD-MON-RR HH24:MI:SS'),3,3);
Insert into TICKET (TICKETID,MEMBERID,SEATROW,SEATNUMBER,THEATREID,SHOWDATE,MOVIEID,EMPID) values (449,null,'B',11,3,to_date('02-DEC-16 16:00:00','DD-MON-RR HH24:MI:SS'),3,3);
Insert into TICKET (TICKETID,MEMBERID,SEATROW,SEATNUMBER,THEATREID,SHOWDATE,MOVIEID,EMPID) values (450,null,'B',12,3,to_date('02-DEC-16 16:00:00','DD-MON-RR HH24:MI:SS'),3,3);
Insert into TICKET (TICKETID,MEMBERID,SEATROW,SEATNUMBER,THEATREID,SHOWDATE,MOVIEID,EMPID) values (451,null,'A',7,4,to_date('02-DEC-16 16:00:00','DD-MON-RR HH24:MI:SS'),4,4);
Insert into TICKET (TICKETID,MEMBERID,SEATROW,SEATNUMBER,THEATREID,SHOWDATE,MOVIEID,EMPID) values (452,null,'A',8,4,to_date('02-DEC-16 16:00:00','DD-MON-RR HH24:MI:SS'),4,4);
Insert into TICKET (TICKETID,MEMBERID,SEATROW,SEATNUMBER,THEATREID,SHOWDATE,MOVIEID,EMPID) values (453,null,'A',11,4,to_date('02-DEC-16 16:00:00','DD-MON-RR HH24:MI:SS'),4,3);
Insert into TICKET (TICKETID,MEMBERID,SEATROW,SEATNUMBER,THEATREID,SHOWDATE,MOVIEID,EMPID) values (454,null,'A',12,4,to_date('02-DEC-16 16:00:00','DD-MON-RR HH24:MI:SS'),4,3);
Insert into TICKET (TICKETID,MEMBERID,SEATROW,SEATNUMBER,THEATREID,SHOWDATE,MOVIEID,EMPID) values (455,null,'A',13,4,to_date('02-DEC-16 16:00:00','DD-MON-RR HH24:MI:SS'),4,4);
Insert into TICKET (TICKETID,MEMBERID,SEATROW,SEATNUMBER,THEATREID,SHOWDATE,MOVIEID,EMPID) values (456,null,'A',14,4,to_date('02-DEC-16 16:00:00','DD-MON-RR HH24:MI:SS'),4,4);
Insert into TICKET (TICKETID,MEMBERID,SEATROW,SEATNUMBER,THEATREID,SHOWDATE,MOVIEID,EMPID) values (457,null,'B',5,4,to_date('02-DEC-16 16:00:00','DD-MON-RR HH24:MI:SS'),4,4);
Insert into TICKET (TICKETID,MEMBERID,SEATROW,SEATNUMBER,THEATREID,SHOWDATE,MOVIEID,EMPID) values (458,null,'B',6,4,to_date('02-DEC-16 16:00:00','DD-MON-RR HH24:MI:SS'),4,3);
Insert into TICKET (TICKETID,MEMBERID,SEATROW,SEATNUMBER,THEATREID,SHOWDATE,MOVIEID,EMPID) values (459,null,'B',11,4,to_date('02-DEC-16 16:00:00','DD-MON-RR HH24:MI:SS'),4,3);
Insert into TICKET (TICKETID,MEMBERID,SEATROW,SEATNUMBER,THEATREID,SHOWDATE,MOVIEID,EMPID) values (460,null,'B',12,4,to_date('02-DEC-16 16:00:00','DD-MON-RR HH24:MI:SS'),4,4);
Insert into TICKET (TICKETID,MEMBERID,SEATROW,SEATNUMBER,THEATREID,SHOWDATE,MOVIEID,EMPID) values (461,null,'B',15,4,to_date('02-DEC-16 16:00:00','DD-MON-RR HH24:MI:SS'),4,3);
Insert into TICKET (TICKETID,MEMBERID,SEATROW,SEATNUMBER,THEATREID,SHOWDATE,MOVIEID,EMPID) values (462,null,'C',7,4,to_date('02-DEC-16 16:00:00','DD-MON-RR HH24:MI:SS'),4,4);
Insert into TICKET (TICKETID,MEMBERID,SEATROW,SEATNUMBER,THEATREID,SHOWDATE,MOVIEID,EMPID) values (463,null,'C',8,4,to_date('02-DEC-16 16:00:00','DD-MON-RR HH24:MI:SS'),4,4);
Insert into TICKET (TICKETID,MEMBERID,SEATROW,SEATNUMBER,THEATREID,SHOWDATE,MOVIEID,EMPID) values (464,null,'C',9,4,to_date('02-DEC-16 16:00:00','DD-MON-RR HH24:MI:SS'),4,4);
Insert into TICKET (TICKETID,MEMBERID,SEATROW,SEATNUMBER,THEATREID,SHOWDATE,MOVIEID,EMPID) values (465,null,'C',11,4,to_date('02-DEC-16 16:00:00','DD-MON-RR HH24:MI:SS'),4,3);
Insert into TICKET (TICKETID,MEMBERID,SEATROW,SEATNUMBER,THEATREID,SHOWDATE,MOVIEID,EMPID) values (466,null,'D',5,4,to_date('02-DEC-16 16:00:00','DD-MON-RR HH24:MI:SS'),4,4);
Insert into TICKET (TICKETID,MEMBERID,SEATROW,SEATNUMBER,THEATREID,SHOWDATE,MOVIEID,EMPID) values (467,null,'D',6,4,to_date('02-DEC-16 16:00:00','DD-MON-RR HH24:MI:SS'),4,3);
Insert into TICKET (TICKETID,MEMBERID,SEATROW,SEATNUMBER,THEATREID,SHOWDATE,MOVIEID,EMPID) values (468,null,'D',9,4,to_date('02-DEC-16 16:00:00','DD-MON-RR HH24:MI:SS'),4,4);
Insert into TICKET (TICKETID,MEMBERID,SEATROW,SEATNUMBER,THEATREID,SHOWDATE,MOVIEID,EMPID) values (469,null,'D',13,4,to_date('02-DEC-16 16:00:00','DD-MON-RR HH24:MI:SS'),4,4);
Insert into TICKET (TICKETID,MEMBERID,SEATROW,SEATNUMBER,THEATREID,SHOWDATE,MOVIEID,EMPID) values (470,null,'D',14,4,to_date('02-DEC-16 16:00:00','DD-MON-RR HH24:MI:SS'),4,3);
Insert into TICKET (TICKETID,MEMBERID,SEATROW,SEATNUMBER,THEATREID,SHOWDATE,MOVIEID,EMPID) values (471,null,'A',1,1,to_date('02-DEC-16 19:00:00','DD-MON-RR HH24:MI:SS'),1,3);
Insert into TICKET (TICKETID,MEMBERID,SEATROW,SEATNUMBER,THEATREID,SHOWDATE,MOVIEID,EMPID) values (472,null,'A',2,1,to_date('02-DEC-16 19:00:00','DD-MON-RR HH24:MI:SS'),1,3);
Insert into TICKET (TICKETID,MEMBERID,SEATROW,SEATNUMBER,THEATREID,SHOWDATE,MOVIEID,EMPID) values (473,null,'A',3,1,to_date('02-DEC-16 19:00:00','DD-MON-RR HH24:MI:SS'),1,4);
Insert into TICKET (TICKETID,MEMBERID,SEATROW,SEATNUMBER,THEATREID,SHOWDATE,MOVIEID,EMPID) values (474,null,'A',4,1,to_date('02-DEC-16 19:00:00','DD-MON-RR HH24:MI:SS'),1,3);
Insert into TICKET (TICKETID,MEMBERID,SEATROW,SEATNUMBER,THEATREID,SHOWDATE,MOVIEID,EMPID) values (475,null,'A',5,1,to_date('02-DEC-16 19:00:00','DD-MON-RR HH24:MI:SS'),1,3);
Insert into TICKET (TICKETID,MEMBERID,SEATROW,SEATNUMBER,THEATREID,SHOWDATE,MOVIEID,EMPID) values (476,null,'A',6,1,to_date('02-DEC-16 19:00:00','DD-MON-RR HH24:MI:SS'),1,3);
Insert into TICKET (TICKETID,MEMBERID,SEATROW,SEATNUMBER,THEATREID,SHOWDATE,MOVIEID,EMPID) values (477,null,'A',7,1,to_date('02-DEC-16 19:00:00','DD-MON-RR HH24:MI:SS'),1,4);
Insert into TICKET (TICKETID,MEMBERID,SEATROW,SEATNUMBER,THEATREID,SHOWDATE,MOVIEID,EMPID) values (478,null,'A',8,1,to_date('02-DEC-16 19:00:00','DD-MON-RR HH24:MI:SS'),1,4);
Insert into TICKET (TICKETID,MEMBERID,SEATROW,SEATNUMBER,THEATREID,SHOWDATE,MOVIEID,EMPID) values (479,null,'A',9,1,to_date('02-DEC-16 19:00:00','DD-MON-RR HH24:MI:SS'),1,4);
Insert into TICKET (TICKETID,MEMBERID,SEATROW,SEATNUMBER,THEATREID,SHOWDATE,MOVIEID,EMPID) values (480,null,'A',10,1,to_date('02-DEC-16 19:00:00','DD-MON-RR HH24:MI:SS'),1,4);
Insert into TICKET (TICKETID,MEMBERID,SEATROW,SEATNUMBER,THEATREID,SHOWDATE,MOVIEID,EMPID) values (481,null,'A',11,1,to_date('02-DEC-16 19:00:00','DD-MON-RR HH24:MI:SS'),1,3);
Insert into TICKET (TICKETID,MEMBERID,SEATROW,SEATNUMBER,THEATREID,SHOWDATE,MOVIEID,EMPID) values (482,null,'A',12,1,to_date('02-DEC-16 19:00:00','DD-MON-RR HH24:MI:SS'),1,3);
Insert into TICKET (TICKETID,MEMBERID,SEATROW,SEATNUMBER,THEATREID,SHOWDATE,MOVIEID,EMPID) values (483,null,'A',13,1,to_date('02-DEC-16 19:00:00','DD-MON-RR HH24:MI:SS'),1,4);
Insert into TICKET (TICKETID,MEMBERID,SEATROW,SEATNUMBER,THEATREID,SHOWDATE,MOVIEID,EMPID) values (484,null,'A',14,1,to_date('02-DEC-16 19:00:00','DD-MON-RR HH24:MI:SS'),1,4);
Insert into TICKET (TICKETID,MEMBERID,SEATROW,SEATNUMBER,THEATREID,SHOWDATE,MOVIEID,EMPID) values (485,null,'A',15,1,to_date('02-DEC-16 19:00:00','DD-MON-RR HH24:MI:SS'),1,3);
Insert into TICKET (TICKETID,MEMBERID,SEATROW,SEATNUMBER,THEATREID,SHOWDATE,MOVIEID,EMPID) values (486,null,'A',16,1,to_date('02-DEC-16 19:00:00','DD-MON-RR HH24:MI:SS'),1,4);
Insert into TICKET (TICKETID,MEMBERID,SEATROW,SEATNUMBER,THEATREID,SHOWDATE,MOVIEID,EMPID) values (487,null,'A',17,1,to_date('02-DEC-16 19:00:00','DD-MON-RR HH24:MI:SS'),1,4);
Insert into TICKET (TICKETID,MEMBERID,SEATROW,SEATNUMBER,THEATREID,SHOWDATE,MOVIEID,EMPID) values (488,null,'A',18,1,to_date('02-DEC-16 19:00:00','DD-MON-RR HH24:MI:SS'),1,3);
Insert into TICKET (TICKETID,MEMBERID,SEATROW,SEATNUMBER,THEATREID,SHOWDATE,MOVIEID,EMPID) values (489,null,'A',19,1,to_date('02-DEC-16 19:00:00','DD-MON-RR HH24:MI:SS'),1,3);
Insert into TICKET (TICKETID,MEMBERID,SEATROW,SEATNUMBER,THEATREID,SHOWDATE,MOVIEID,EMPID) values (490,null,'A',20,1,to_date('02-DEC-16 19:00:00','DD-MON-RR HH24:MI:SS'),1,4);
Insert into TICKET (TICKETID,MEMBERID,SEATROW,SEATNUMBER,THEATREID,SHOWDATE,MOVIEID,EMPID) values (491,null,'B',1,1,to_date('02-DEC-16 19:00:00','DD-MON-RR HH24:MI:SS'),1,4);
Insert into TICKET (TICKETID,MEMBERID,SEATROW,SEATNUMBER,THEATREID,SHOWDATE,MOVIEID,EMPID) values (492,null,'B',2,1,to_date('02-DEC-16 19:00:00','DD-MON-RR HH24:MI:SS'),1,3);
Insert into TICKET (TICKETID,MEMBERID,SEATROW,SEATNUMBER,THEATREID,SHOWDATE,MOVIEID,EMPID) values (493,null,'B',3,1,to_date('02-DEC-16 19:00:00','DD-MON-RR HH24:MI:SS'),1,3);
Insert into TICKET (TICKETID,MEMBERID,SEATROW,SEATNUMBER,THEATREID,SHOWDATE,MOVIEID,EMPID) values (494,null,'B',4,1,to_date('02-DEC-16 19:00:00','DD-MON-RR HH24:MI:SS'),1,3);
Insert into TICKET (TICKETID,MEMBERID,SEATROW,SEATNUMBER,THEATREID,SHOWDATE,MOVIEID,EMPID) values (495,null,'B',5,1,to_date('02-DEC-16 19:00:00','DD-MON-RR HH24:MI:SS'),1,4);
Insert into TICKET (TICKETID,MEMBERID,SEATROW,SEATNUMBER,THEATREID,SHOWDATE,MOVIEID,EMPID) values (496,null,'B',6,1,to_date('02-DEC-16 19:00:00','DD-MON-RR HH24:MI:SS'),1,4);
Insert into TICKET (TICKETID,MEMBERID,SEATROW,SEATNUMBER,THEATREID,SHOWDATE,MOVIEID,EMPID) values (497,null,'B',7,1,to_date('02-DEC-16 19:00:00','DD-MON-RR HH24:MI:SS'),1,4);
Insert into TICKET (TICKETID,MEMBERID,SEATROW,SEATNUMBER,THEATREID,SHOWDATE,MOVIEID,EMPID) values (498,null,'B',8,1,to_date('02-DEC-16 19:00:00','DD-MON-RR HH24:MI:SS'),1,3);
Insert into TICKET (TICKETID,MEMBERID,SEATROW,SEATNUMBER,THEATREID,SHOWDATE,MOVIEID,EMPID) values (499,null,'B',9,1,to_date('02-DEC-16 19:00:00','DD-MON-RR HH24:MI:SS'),1,4);
Insert into TICKET (TICKETID,MEMBERID,SEATROW,SEATNUMBER,THEATREID,SHOWDATE,MOVIEID,EMPID) values (500,null,'B',10,1,to_date('02-DEC-16 19:00:00','DD-MON-RR HH24:MI:SS'),1,3);
commit;
Insert into TICKET (TICKETID,MEMBERID,SEATROW,SEATNUMBER,THEATREID,SHOWDATE,MOVIEID,EMPID) values (501,null,'B',11,1,to_date('02-DEC-16 19:00:00','DD-MON-RR HH24:MI:SS'),1,3);
Insert into TICKET (TICKETID,MEMBERID,SEATROW,SEATNUMBER,THEATREID,SHOWDATE,MOVIEID,EMPID) values (502,null,'B',12,1,to_date('02-DEC-16 19:00:00','DD-MON-RR HH24:MI:SS'),1,4);
Insert into TICKET (TICKETID,MEMBERID,SEATROW,SEATNUMBER,THEATREID,SHOWDATE,MOVIEID,EMPID) values (503,null,'B',13,1,to_date('02-DEC-16 19:00:00','DD-MON-RR HH24:MI:SS'),1,3);
Insert into TICKET (TICKETID,MEMBERID,SEATROW,SEATNUMBER,THEATREID,SHOWDATE,MOVIEID,EMPID) values (504,null,'B',14,1,to_date('02-DEC-16 19:00:00','DD-MON-RR HH24:MI:SS'),1,3);
Insert into TICKET (TICKETID,MEMBERID,SEATROW,SEATNUMBER,THEATREID,SHOWDATE,MOVIEID,EMPID) values (505,null,'B',15,1,to_date('02-DEC-16 19:00:00','DD-MON-RR HH24:MI:SS'),1,3);
Insert into TICKET (TICKETID,MEMBERID,SEATROW,SEATNUMBER,THEATREID,SHOWDATE,MOVIEID,EMPID) values (506,null,'B',16,1,to_date('02-DEC-16 19:00:00','DD-MON-RR HH24:MI:SS'),1,4);
Insert into TICKET (TICKETID,MEMBERID,SEATROW,SEATNUMBER,THEATREID,SHOWDATE,MOVIEID,EMPID) values (507,null,'B',17,1,to_date('02-DEC-16 19:00:00','DD-MON-RR HH24:MI:SS'),1,4);
Insert into TICKET (TICKETID,MEMBERID,SEATROW,SEATNUMBER,THEATREID,SHOWDATE,MOVIEID,EMPID) values (508,null,'B',18,1,to_date('02-DEC-16 19:00:00','DD-MON-RR HH24:MI:SS'),1,3);
Insert into TICKET (TICKETID,MEMBERID,SEATROW,SEATNUMBER,THEATREID,SHOWDATE,MOVIEID,EMPID) values (509,null,'B',19,1,to_date('02-DEC-16 19:00:00','DD-MON-RR HH24:MI:SS'),1,3);
Insert into TICKET (TICKETID,MEMBERID,SEATROW,SEATNUMBER,THEATREID,SHOWDATE,MOVIEID,EMPID) values (510,null,'B',20,1,to_date('02-DEC-16 19:00:00','DD-MON-RR HH24:MI:SS'),1,4);
Insert into TICKET (TICKETID,MEMBERID,SEATROW,SEATNUMBER,THEATREID,SHOWDATE,MOVIEID,EMPID) values (511,null,'C',5,1,to_date('02-DEC-16 19:00:00','DD-MON-RR HH24:MI:SS'),1,4);
Insert into TICKET (TICKETID,MEMBERID,SEATROW,SEATNUMBER,THEATREID,SHOWDATE,MOVIEID,EMPID) values (512,null,'C',6,1,to_date('02-DEC-16 19:00:00','DD-MON-RR HH24:MI:SS'),1,4);
Insert into TICKET (TICKETID,MEMBERID,SEATROW,SEATNUMBER,THEATREID,SHOWDATE,MOVIEID,EMPID) values (513,null,'C',7,1,to_date('02-DEC-16 19:00:00','DD-MON-RR HH24:MI:SS'),1,3);
Insert into TICKET (TICKETID,MEMBERID,SEATROW,SEATNUMBER,THEATREID,SHOWDATE,MOVIEID,EMPID) values (514,null,'C',8,1,to_date('02-DEC-16 19:00:00','DD-MON-RR HH24:MI:SS'),1,3);
Insert into TICKET (TICKETID,MEMBERID,SEATROW,SEATNUMBER,THEATREID,SHOWDATE,MOVIEID,EMPID) values (515,null,'C',11,1,to_date('02-DEC-16 19:00:00','DD-MON-RR HH24:MI:SS'),1,4);
Insert into TICKET (TICKETID,MEMBERID,SEATROW,SEATNUMBER,THEATREID,SHOWDATE,MOVIEID,EMPID) values (516,null,'C',12,1,to_date('02-DEC-16 19:00:00','DD-MON-RR HH24:MI:SS'),1,3);
Insert into TICKET (TICKETID,MEMBERID,SEATROW,SEATNUMBER,THEATREID,SHOWDATE,MOVIEID,EMPID) values (517,null,'C',13,1,to_date('02-DEC-16 19:00:00','DD-MON-RR HH24:MI:SS'),1,4);
Insert into TICKET (TICKETID,MEMBERID,SEATROW,SEATNUMBER,THEATREID,SHOWDATE,MOVIEID,EMPID) values (518,null,'C',14,1,to_date('02-DEC-16 19:00:00','DD-MON-RR HH24:MI:SS'),1,3);
Insert into TICKET (TICKETID,MEMBERID,SEATROW,SEATNUMBER,THEATREID,SHOWDATE,MOVIEID,EMPID) values (519,null,'C',15,1,to_date('02-DEC-16 19:00:00','DD-MON-RR HH24:MI:SS'),1,3);
Insert into TICKET (TICKETID,MEMBERID,SEATROW,SEATNUMBER,THEATREID,SHOWDATE,MOVIEID,EMPID) values (520,null,'C',16,1,to_date('02-DEC-16 19:00:00','DD-MON-RR HH24:MI:SS'),1,3);
Insert into TICKET (TICKETID,MEMBERID,SEATROW,SEATNUMBER,THEATREID,SHOWDATE,MOVIEID,EMPID) values (521,null,'D',7,1,to_date('02-DEC-16 19:00:00','DD-MON-RR HH24:MI:SS'),1,3);
Insert into TICKET (TICKETID,MEMBERID,SEATROW,SEATNUMBER,THEATREID,SHOWDATE,MOVIEID,EMPID) values (522,null,'D',8,1,to_date('02-DEC-16 19:00:00','DD-MON-RR HH24:MI:SS'),1,4);
Insert into TICKET (TICKETID,MEMBERID,SEATROW,SEATNUMBER,THEATREID,SHOWDATE,MOVIEID,EMPID) values (523,null,'D',9,1,to_date('02-DEC-16 19:00:00','DD-MON-RR HH24:MI:SS'),1,4);
Insert into TICKET (TICKETID,MEMBERID,SEATROW,SEATNUMBER,THEATREID,SHOWDATE,MOVIEID,EMPID) values (524,null,'D',10,1,to_date('02-DEC-16 19:00:00','DD-MON-RR HH24:MI:SS'),1,3);
Insert into TICKET (TICKETID,MEMBERID,SEATROW,SEATNUMBER,THEATREID,SHOWDATE,MOVIEID,EMPID) values (525,null,'D',11,1,to_date('02-DEC-16 19:00:00','DD-MON-RR HH24:MI:SS'),1,4);
Insert into TICKET (TICKETID,MEMBERID,SEATROW,SEATNUMBER,THEATREID,SHOWDATE,MOVIEID,EMPID) values (526,null,'D',12,1,to_date('02-DEC-16 19:00:00','DD-MON-RR HH24:MI:SS'),1,4);
Insert into TICKET (TICKETID,MEMBERID,SEATROW,SEATNUMBER,THEATREID,SHOWDATE,MOVIEID,EMPID) values (527,null,'D',13,1,to_date('02-DEC-16 19:00:00','DD-MON-RR HH24:MI:SS'),1,3);
Insert into TICKET (TICKETID,MEMBERID,SEATROW,SEATNUMBER,THEATREID,SHOWDATE,MOVIEID,EMPID) values (528,null,'D',14,1,to_date('02-DEC-16 19:00:00','DD-MON-RR HH24:MI:SS'),1,3);
Insert into TICKET (TICKETID,MEMBERID,SEATROW,SEATNUMBER,THEATREID,SHOWDATE,MOVIEID,EMPID) values (529,null,'D',15,1,to_date('02-DEC-16 19:00:00','DD-MON-RR HH24:MI:SS'),1,4);
Insert into TICKET (TICKETID,MEMBERID,SEATROW,SEATNUMBER,THEATREID,SHOWDATE,MOVIEID,EMPID) values (530,null,'D',16,1,to_date('02-DEC-16 19:00:00','DD-MON-RR HH24:MI:SS'),1,4);
Insert into TICKET (TICKETID,MEMBERID,SEATROW,SEATNUMBER,THEATREID,SHOWDATE,MOVIEID,EMPID) values (531,null,'E',7,1,to_date('02-DEC-16 19:00:00','DD-MON-RR HH24:MI:SS'),1,3);
Insert into TICKET (TICKETID,MEMBERID,SEATROW,SEATNUMBER,THEATREID,SHOWDATE,MOVIEID,EMPID) values (532,null,'E',8,1,to_date('02-DEC-16 19:00:00','DD-MON-RR HH24:MI:SS'),1,4);
Insert into TICKET (TICKETID,MEMBERID,SEATROW,SEATNUMBER,THEATREID,SHOWDATE,MOVIEID,EMPID) values (533,null,'E',9,1,to_date('02-DEC-16 19:00:00','DD-MON-RR HH24:MI:SS'),1,3);
Insert into TICKET (TICKETID,MEMBERID,SEATROW,SEATNUMBER,THEATREID,SHOWDATE,MOVIEID,EMPID) values (534,null,'E',10,1,to_date('02-DEC-16 19:00:00','DD-MON-RR HH24:MI:SS'),1,3);
Insert into TICKET (TICKETID,MEMBERID,SEATROW,SEATNUMBER,THEATREID,SHOWDATE,MOVIEID,EMPID) values (535,null,'E',11,1,to_date('02-DEC-16 19:00:00','DD-MON-RR HH24:MI:SS'),1,4);
Insert into TICKET (TICKETID,MEMBERID,SEATROW,SEATNUMBER,THEATREID,SHOWDATE,MOVIEID,EMPID) values (536,null,'E',12,1,to_date('02-DEC-16 19:00:00','DD-MON-RR HH24:MI:SS'),1,4);
Insert into TICKET (TICKETID,MEMBERID,SEATROW,SEATNUMBER,THEATREID,SHOWDATE,MOVIEID,EMPID) values (537,null,'E',13,1,to_date('02-DEC-16 19:00:00','DD-MON-RR HH24:MI:SS'),1,4);
Insert into TICKET (TICKETID,MEMBERID,SEATROW,SEATNUMBER,THEATREID,SHOWDATE,MOVIEID,EMPID) values (538,null,'E',14,1,to_date('02-DEC-16 19:00:00','DD-MON-RR HH24:MI:SS'),1,3);
Insert into TICKET (TICKETID,MEMBERID,SEATROW,SEATNUMBER,THEATREID,SHOWDATE,MOVIEID,EMPID) values (539,null,'E',15,1,to_date('02-DEC-16 19:00:00','DD-MON-RR HH24:MI:SS'),1,3);
Insert into TICKET (TICKETID,MEMBERID,SEATROW,SEATNUMBER,THEATREID,SHOWDATE,MOVIEID,EMPID) values (540,null,'E',16,1,to_date('02-DEC-16 19:00:00','DD-MON-RR HH24:MI:SS'),1,3);
Insert into TICKET (TICKETID,MEMBERID,SEATROW,SEATNUMBER,THEATREID,SHOWDATE,MOVIEID,EMPID) values (541,null,'A',9,2,to_date('02-DEC-16 19:00:00','DD-MON-RR HH24:MI:SS'),2,3);
Insert into TICKET (TICKETID,MEMBERID,SEATROW,SEATNUMBER,THEATREID,SHOWDATE,MOVIEID,EMPID) values (542,null,'A',10,2,to_date('02-DEC-16 19:00:00','DD-MON-RR HH24:MI:SS'),2,3);
Insert into TICKET (TICKETID,MEMBERID,SEATROW,SEATNUMBER,THEATREID,SHOWDATE,MOVIEID,EMPID) values (543,null,'A',11,2,to_date('02-DEC-16 19:00:00','DD-MON-RR HH24:MI:SS'),2,4);
Insert into TICKET (TICKETID,MEMBERID,SEATROW,SEATNUMBER,THEATREID,SHOWDATE,MOVIEID,EMPID) values (544,null,'A',12,2,to_date('02-DEC-16 19:00:00','DD-MON-RR HH24:MI:SS'),2,3);
Insert into TICKET (TICKETID,MEMBERID,SEATROW,SEATNUMBER,THEATREID,SHOWDATE,MOVIEID,EMPID) values (545,null,'B',7,2,to_date('02-DEC-16 19:00:00','DD-MON-RR HH24:MI:SS'),2,4);
Insert into TICKET (TICKETID,MEMBERID,SEATROW,SEATNUMBER,THEATREID,SHOWDATE,MOVIEID,EMPID) values (546,null,'B',8,2,to_date('02-DEC-16 19:00:00','DD-MON-RR HH24:MI:SS'),2,3);
Insert into TICKET (TICKETID,MEMBERID,SEATROW,SEATNUMBER,THEATREID,SHOWDATE,MOVIEID,EMPID) values (547,null,'B',9,2,to_date('02-DEC-16 19:00:00','DD-MON-RR HH24:MI:SS'),2,4);
Insert into TICKET (TICKETID,MEMBERID,SEATROW,SEATNUMBER,THEATREID,SHOWDATE,MOVIEID,EMPID) values (548,null,'B',12,2,to_date('02-DEC-16 19:00:00','DD-MON-RR HH24:MI:SS'),2,4);
Insert into TICKET (TICKETID,MEMBERID,SEATROW,SEATNUMBER,THEATREID,SHOWDATE,MOVIEID,EMPID) values (549,null,'B',13,2,to_date('02-DEC-16 19:00:00','DD-MON-RR HH24:MI:SS'),2,3);
Insert into TICKET (TICKETID,MEMBERID,SEATROW,SEATNUMBER,THEATREID,SHOWDATE,MOVIEID,EMPID) values (550,null,'B',14,2,to_date('02-DEC-16 19:00:00','DD-MON-RR HH24:MI:SS'),2,4);
Insert into TICKET (TICKETID,MEMBERID,SEATROW,SEATNUMBER,THEATREID,SHOWDATE,MOVIEID,EMPID) values (551,null,'C',5,2,to_date('02-DEC-16 19:00:00','DD-MON-RR HH24:MI:SS'),2,3);
Insert into TICKET (TICKETID,MEMBERID,SEATROW,SEATNUMBER,THEATREID,SHOWDATE,MOVIEID,EMPID) values (552,null,'C',6,2,to_date('02-DEC-16 19:00:00','DD-MON-RR HH24:MI:SS'),2,3);
Insert into TICKET (TICKETID,MEMBERID,SEATROW,SEATNUMBER,THEATREID,SHOWDATE,MOVIEID,EMPID) values (553,null,'C',7,2,to_date('02-DEC-16 19:00:00','DD-MON-RR HH24:MI:SS'),2,3);
Insert into TICKET (TICKETID,MEMBERID,SEATROW,SEATNUMBER,THEATREID,SHOWDATE,MOVIEID,EMPID) values (554,null,'C',8,2,to_date('02-DEC-16 19:00:00','DD-MON-RR HH24:MI:SS'),2,3);
Insert into TICKET (TICKETID,MEMBERID,SEATROW,SEATNUMBER,THEATREID,SHOWDATE,MOVIEID,EMPID) values (555,null,'C',9,2,to_date('02-DEC-16 19:00:00','DD-MON-RR HH24:MI:SS'),2,4);
Insert into TICKET (TICKETID,MEMBERID,SEATROW,SEATNUMBER,THEATREID,SHOWDATE,MOVIEID,EMPID) values (556,null,'C',10,2,to_date('02-DEC-16 19:00:00','DD-MON-RR HH24:MI:SS'),2,4);
Insert into TICKET (TICKETID,MEMBERID,SEATROW,SEATNUMBER,THEATREID,SHOWDATE,MOVIEID,EMPID) values (557,null,'C',11,2,to_date('02-DEC-16 19:00:00','DD-MON-RR HH24:MI:SS'),2,3);
Insert into TICKET (TICKETID,MEMBERID,SEATROW,SEATNUMBER,THEATREID,SHOWDATE,MOVIEID,EMPID) values (558,null,'C',12,2,to_date('02-DEC-16 19:00:00','DD-MON-RR HH24:MI:SS'),2,3);
Insert into TICKET (TICKETID,MEMBERID,SEATROW,SEATNUMBER,THEATREID,SHOWDATE,MOVIEID,EMPID) values (559,null,'C',13,2,to_date('02-DEC-16 19:00:00','DD-MON-RR HH24:MI:SS'),2,4);
Insert into TICKET (TICKETID,MEMBERID,SEATROW,SEATNUMBER,THEATREID,SHOWDATE,MOVIEID,EMPID) values (560,null,'C',14,2,to_date('02-DEC-16 19:00:00','DD-MON-RR HH24:MI:SS'),2,4);
Insert into TICKET (TICKETID,MEMBERID,SEATROW,SEATNUMBER,THEATREID,SHOWDATE,MOVIEID,EMPID) values (561,null,'D',7,2,to_date('02-DEC-16 19:00:00','DD-MON-RR HH24:MI:SS'),2,3);
Insert into TICKET (TICKETID,MEMBERID,SEATROW,SEATNUMBER,THEATREID,SHOWDATE,MOVIEID,EMPID) values (562,null,'D',8,2,to_date('02-DEC-16 19:00:00','DD-MON-RR HH24:MI:SS'),2,4);
Insert into TICKET (TICKETID,MEMBERID,SEATROW,SEATNUMBER,THEATREID,SHOWDATE,MOVIEID,EMPID) values (563,null,'D',9,2,to_date('02-DEC-16 19:00:00','DD-MON-RR HH24:MI:SS'),2,3);
Insert into TICKET (TICKETID,MEMBERID,SEATROW,SEATNUMBER,THEATREID,SHOWDATE,MOVIEID,EMPID) values (564,null,'D',10,2,to_date('02-DEC-16 19:00:00','DD-MON-RR HH24:MI:SS'),2,3);
Insert into TICKET (TICKETID,MEMBERID,SEATROW,SEATNUMBER,THEATREID,SHOWDATE,MOVIEID,EMPID) values (565,null,'D',11,2,to_date('02-DEC-16 19:00:00','DD-MON-RR HH24:MI:SS'),2,3);
Insert into TICKET (TICKETID,MEMBERID,SEATROW,SEATNUMBER,THEATREID,SHOWDATE,MOVIEID,EMPID) values (566,null,'D',12,2,to_date('02-DEC-16 19:00:00','DD-MON-RR HH24:MI:SS'),2,4);
Insert into TICKET (TICKETID,MEMBERID,SEATROW,SEATNUMBER,THEATREID,SHOWDATE,MOVIEID,EMPID) values (567,null,'D',13,2,to_date('02-DEC-16 19:00:00','DD-MON-RR HH24:MI:SS'),2,4);
Insert into TICKET (TICKETID,MEMBERID,SEATROW,SEATNUMBER,THEATREID,SHOWDATE,MOVIEID,EMPID) values (568,null,'D',14,2,to_date('02-DEC-16 19:00:00','DD-MON-RR HH24:MI:SS'),2,3);
Insert into TICKET (TICKETID,MEMBERID,SEATROW,SEATNUMBER,THEATREID,SHOWDATE,MOVIEID,EMPID) values (569,null,'D',15,2,to_date('02-DEC-16 19:00:00','DD-MON-RR HH24:MI:SS'),2,4);
Insert into TICKET (TICKETID,MEMBERID,SEATROW,SEATNUMBER,THEATREID,SHOWDATE,MOVIEID,EMPID) values (570,null,'D',16,2,to_date('02-DEC-16 19:00:00','DD-MON-RR HH24:MI:SS'),2,4);
Insert into TICKET (TICKETID,MEMBERID,SEATROW,SEATNUMBER,THEATREID,SHOWDATE,MOVIEID,EMPID) values (571,null,'A',7,3,to_date('02-DEC-16 20:00:00','DD-MON-RR HH24:MI:SS'),3,4);
Insert into TICKET (TICKETID,MEMBERID,SEATROW,SEATNUMBER,THEATREID,SHOWDATE,MOVIEID,EMPID) values (572,null,'A',8,3,to_date('02-DEC-16 20:00:00','DD-MON-RR HH24:MI:SS'),3,4);
Insert into TICKET (TICKETID,MEMBERID,SEATROW,SEATNUMBER,THEATREID,SHOWDATE,MOVIEID,EMPID) values (573,null,'B',13,3,to_date('02-DEC-16 20:00:00','DD-MON-RR HH24:MI:SS'),3,3);
Insert into TICKET (TICKETID,MEMBERID,SEATROW,SEATNUMBER,THEATREID,SHOWDATE,MOVIEID,EMPID) values (574,null,'B',14,3,to_date('02-DEC-16 20:00:00','DD-MON-RR HH24:MI:SS'),3,3);
Insert into TICKET (TICKETID,MEMBERID,SEATROW,SEATNUMBER,THEATREID,SHOWDATE,MOVIEID,EMPID) values (575,null,'C',5,3,to_date('02-DEC-16 20:00:00','DD-MON-RR HH24:MI:SS'),3,3);
Insert into TICKET (TICKETID,MEMBERID,SEATROW,SEATNUMBER,THEATREID,SHOWDATE,MOVIEID,EMPID) values (576,null,'C',6,3,to_date('02-DEC-16 20:00:00','DD-MON-RR HH24:MI:SS'),3,3);
Insert into TICKET (TICKETID,MEMBERID,SEATROW,SEATNUMBER,THEATREID,SHOWDATE,MOVIEID,EMPID) values (577,null,'C',9,3,to_date('02-DEC-16 20:00:00','DD-MON-RR HH24:MI:SS'),3,4);
Insert into TICKET (TICKETID,MEMBERID,SEATROW,SEATNUMBER,THEATREID,SHOWDATE,MOVIEID,EMPID) values (578,null,'C',11,3,to_date('02-DEC-16 20:00:00','DD-MON-RR HH24:MI:SS'),3,4);
Insert into TICKET (TICKETID,MEMBERID,SEATROW,SEATNUMBER,THEATREID,SHOWDATE,MOVIEID,EMPID) values (579,null,'C',12,3,to_date('02-DEC-16 20:00:00','DD-MON-RR HH24:MI:SS'),3,4);
Insert into TICKET (TICKETID,MEMBERID,SEATROW,SEATNUMBER,THEATREID,SHOWDATE,MOVIEID,EMPID) values (580,null,'C',15,3,to_date('02-DEC-16 20:00:00','DD-MON-RR HH24:MI:SS'),3,3);
Insert into TICKET (TICKETID,MEMBERID,SEATROW,SEATNUMBER,THEATREID,SHOWDATE,MOVIEID,EMPID) values (581,null,'A',7,4,to_date('02-DEC-16 20:00:00','DD-MON-RR HH24:MI:SS'),4,3);
Insert into TICKET (TICKETID,MEMBERID,SEATROW,SEATNUMBER,THEATREID,SHOWDATE,MOVIEID,EMPID) values (582,null,'A',8,4,to_date('02-DEC-16 20:00:00','DD-MON-RR HH24:MI:SS'),4,3);
Insert into TICKET (TICKETID,MEMBERID,SEATROW,SEATNUMBER,THEATREID,SHOWDATE,MOVIEID,EMPID) values (583,null,'A',13,4,to_date('02-DEC-16 20:00:00','DD-MON-RR HH24:MI:SS'),4,4);
Insert into TICKET (TICKETID,MEMBERID,SEATROW,SEATNUMBER,THEATREID,SHOWDATE,MOVIEID,EMPID) values (584,null,'A',14,4,to_date('02-DEC-16 20:00:00','DD-MON-RR HH24:MI:SS'),4,4);
Insert into TICKET (TICKETID,MEMBERID,SEATROW,SEATNUMBER,THEATREID,SHOWDATE,MOVIEID,EMPID) values (585,null,'B',3,4,to_date('02-DEC-16 20:00:00','DD-MON-RR HH24:MI:SS'),4,4);
Insert into TICKET (TICKETID,MEMBERID,SEATROW,SEATNUMBER,THEATREID,SHOWDATE,MOVIEID,EMPID) values (586,null,'B',4,4,to_date('02-DEC-16 20:00:00','DD-MON-RR HH24:MI:SS'),4,4);
Insert into TICKET (TICKETID,MEMBERID,SEATROW,SEATNUMBER,THEATREID,SHOWDATE,MOVIEID,EMPID) values (587,null,'B',7,4,to_date('02-DEC-16 20:00:00','DD-MON-RR HH24:MI:SS'),4,4);
Insert into TICKET (TICKETID,MEMBERID,SEATROW,SEATNUMBER,THEATREID,SHOWDATE,MOVIEID,EMPID) values (588,null,'B',8,4,to_date('02-DEC-16 20:00:00','DD-MON-RR HH24:MI:SS'),4,4);
Insert into TICKET (TICKETID,MEMBERID,SEATROW,SEATNUMBER,THEATREID,SHOWDATE,MOVIEID,EMPID) values (589,null,'B',13,4,to_date('02-DEC-16 20:00:00','DD-MON-RR HH24:MI:SS'),4,3);
Insert into TICKET (TICKETID,MEMBERID,SEATROW,SEATNUMBER,THEATREID,SHOWDATE,MOVIEID,EMPID) values (590,null,'B',14,4,to_date('02-DEC-16 20:00:00','DD-MON-RR HH24:MI:SS'),4,3);
Insert into TICKET (TICKETID,MEMBERID,SEATROW,SEATNUMBER,THEATREID,SHOWDATE,MOVIEID,EMPID) values (591,null,'C',5,4,to_date('02-DEC-16 20:00:00','DD-MON-RR HH24:MI:SS'),4,3);
Insert into TICKET (TICKETID,MEMBERID,SEATROW,SEATNUMBER,THEATREID,SHOWDATE,MOVIEID,EMPID) values (592,null,'C',6,4,to_date('02-DEC-16 20:00:00','DD-MON-RR HH24:MI:SS'),4,3);
Insert into TICKET (TICKETID,MEMBERID,SEATROW,SEATNUMBER,THEATREID,SHOWDATE,MOVIEID,EMPID) values (593,null,'C',7,4,to_date('02-DEC-16 20:00:00','DD-MON-RR HH24:MI:SS'),4,4);
Insert into TICKET (TICKETID,MEMBERID,SEATROW,SEATNUMBER,THEATREID,SHOWDATE,MOVIEID,EMPID) values (594,null,'C',8,4,to_date('02-DEC-16 20:00:00','DD-MON-RR HH24:MI:SS'),4,4);
Insert into TICKET (TICKETID,MEMBERID,SEATROW,SEATNUMBER,THEATREID,SHOWDATE,MOVIEID,EMPID) values (595,null,'C',9,4,to_date('02-DEC-16 20:00:00','DD-MON-RR HH24:MI:SS'),4,3);
Insert into TICKET (TICKETID,MEMBERID,SEATROW,SEATNUMBER,THEATREID,SHOWDATE,MOVIEID,EMPID) values (596,null,'C',10,4,to_date('02-DEC-16 20:00:00','DD-MON-RR HH24:MI:SS'),4,3);
Insert into TICKET (TICKETID,MEMBERID,SEATROW,SEATNUMBER,THEATREID,SHOWDATE,MOVIEID,EMPID) values (597,null,'C',11,4,to_date('02-DEC-16 20:00:00','DD-MON-RR HH24:MI:SS'),4,3);
Insert into TICKET (TICKETID,MEMBERID,SEATROW,SEATNUMBER,THEATREID,SHOWDATE,MOVIEID,EMPID) values (598,null,'C',12,4,to_date('02-DEC-16 20:00:00','DD-MON-RR HH24:MI:SS'),4,4);
Insert into TICKET (TICKETID,MEMBERID,SEATROW,SEATNUMBER,THEATREID,SHOWDATE,MOVIEID,EMPID) values (599,null,'C',13,4,to_date('02-DEC-16 20:00:00','DD-MON-RR HH24:MI:SS'),4,4);
Insert into TICKET (TICKETID,MEMBERID,SEATROW,SEATNUMBER,THEATREID,SHOWDATE,MOVIEID,EMPID) values (600,null,'C',14,4,to_date('02-DEC-16 20:00:00','DD-MON-RR HH24:MI:SS'),4,4);
commit;

--------------------------------------------------------
--  File created - Wednesday-December-14-2016   
--------------------------------------------------------
REM INSERTING into TICKET
SET DEFINE OFF;
Insert into TICKET (TICKETID,MEMBERID,SEATROW,SEATNUMBER,THEATREID,SHOWDATE,MOVIEID,EMPID) values (601,null,'B',5,1,to_date('08-DEC-16 15:00:00','DD-MON-RR HH24:MI:SS'),5,3);
Insert into TICKET (TICKETID,MEMBERID,SEATROW,SEATNUMBER,THEATREID,SHOWDATE,MOVIEID,EMPID) values (602,null,'B',6,1,to_date('08-DEC-16 15:00:00','DD-MON-RR HH24:MI:SS'),5,3);
Insert into TICKET (TICKETID,MEMBERID,SEATROW,SEATNUMBER,THEATREID,SHOWDATE,MOVIEID,EMPID) values (603,6,'B',7,1,to_date('08-DEC-16 15:00:00','DD-MON-RR HH24:MI:SS'),5,3);
Insert into TICKET (TICKETID,MEMBERID,SEATROW,SEATNUMBER,THEATREID,SHOWDATE,MOVIEID,EMPID) values (604,7,'B',8,1,to_date('08-DEC-16 15:00:00','DD-MON-RR HH24:MI:SS'),5,3);
Insert into TICKET (TICKETID,MEMBERID,SEATROW,SEATNUMBER,THEATREID,SHOWDATE,MOVIEID,EMPID) values (605,null,'B',9,1,to_date('08-DEC-16 15:00:00','DD-MON-RR HH24:MI:SS'),5,4);
Insert into TICKET (TICKETID,MEMBERID,SEATROW,SEATNUMBER,THEATREID,SHOWDATE,MOVIEID,EMPID) values (606,null,'B',10,1,to_date('08-DEC-16 15:00:00','DD-MON-RR HH24:MI:SS'),5,4);
Insert into TICKET (TICKETID,MEMBERID,SEATROW,SEATNUMBER,THEATREID,SHOWDATE,MOVIEID,EMPID) values (607,null,'B',11,1,to_date('08-DEC-16 15:00:00','DD-MON-RR HH24:MI:SS'),5,4);
Insert into TICKET (TICKETID,MEMBERID,SEATROW,SEATNUMBER,THEATREID,SHOWDATE,MOVIEID,EMPID) values (608,null,'B',12,1,to_date('08-DEC-16 15:00:00','DD-MON-RR HH24:MI:SS'),5,4);
Insert into TICKET (TICKETID,MEMBERID,SEATROW,SEATNUMBER,THEATREID,SHOWDATE,MOVIEID,EMPID) values (609,null,'B',13,1,to_date('08-DEC-16 15:00:00','DD-MON-RR HH24:MI:SS'),5,3);
Insert into TICKET (TICKETID,MEMBERID,SEATROW,SEATNUMBER,THEATREID,SHOWDATE,MOVIEID,EMPID) values (610,null,'B',14,1,to_date('08-DEC-16 15:00:00','DD-MON-RR HH24:MI:SS'),5,3);
Insert into TICKET (TICKETID,MEMBERID,SEATROW,SEATNUMBER,THEATREID,SHOWDATE,MOVIEID,EMPID) values (611,null,'C',7,1,to_date('08-DEC-16 15:00:00','DD-MON-RR HH24:MI:SS'),5,3);
Insert into TICKET (TICKETID,MEMBERID,SEATROW,SEATNUMBER,THEATREID,SHOWDATE,MOVIEID,EMPID) values (612,null,'C',8,1,to_date('08-DEC-16 15:00:00','DD-MON-RR HH24:MI:SS'),5,3);
Insert into TICKET (TICKETID,MEMBERID,SEATROW,SEATNUMBER,THEATREID,SHOWDATE,MOVIEID,EMPID) values (613,null,'C',9,1,to_date('08-DEC-16 15:00:00','DD-MON-RR HH24:MI:SS'),5,4);
Insert into TICKET (TICKETID,MEMBERID,SEATROW,SEATNUMBER,THEATREID,SHOWDATE,MOVIEID,EMPID) values (614,null,'C',10,1,to_date('08-DEC-16 15:00:00','DD-MON-RR HH24:MI:SS'),5,4);
Insert into TICKET (TICKETID,MEMBERID,SEATROW,SEATNUMBER,THEATREID,SHOWDATE,MOVIEID,EMPID) values (615,null,'C',11,1,to_date('08-DEC-16 15:00:00','DD-MON-RR HH24:MI:SS'),5,4);
Insert into TICKET (TICKETID,MEMBERID,SEATROW,SEATNUMBER,THEATREID,SHOWDATE,MOVIEID,EMPID) values (616,null,'C',12,1,to_date('08-DEC-16 15:00:00','DD-MON-RR HH24:MI:SS'),5,4);
Insert into TICKET (TICKETID,MEMBERID,SEATROW,SEATNUMBER,THEATREID,SHOWDATE,MOVIEID,EMPID) values (617,null,'C',13,1,to_date('08-DEC-16 15:00:00','DD-MON-RR HH24:MI:SS'),5,3);
Insert into TICKET (TICKETID,MEMBERID,SEATROW,SEATNUMBER,THEATREID,SHOWDATE,MOVIEID,EMPID) values (618,null,'C',14,1,to_date('08-DEC-16 15:00:00','DD-MON-RR HH24:MI:SS'),5,3);
Insert into TICKET (TICKETID,MEMBERID,SEATROW,SEATNUMBER,THEATREID,SHOWDATE,MOVIEID,EMPID) values (619,null,'C',15,1,to_date('08-DEC-16 15:00:00','DD-MON-RR HH24:MI:SS'),5,3);
Insert into TICKET (TICKETID,MEMBERID,SEATROW,SEATNUMBER,THEATREID,SHOWDATE,MOVIEID,EMPID) values (620,null,'C',16,1,to_date('08-DEC-16 15:00:00','DD-MON-RR HH24:MI:SS'),5,3);
Insert into TICKET (TICKETID,MEMBERID,SEATROW,SEATNUMBER,THEATREID,SHOWDATE,MOVIEID,EMPID) values (621,null,'A',7,2,to_date('08-DEC-16 15:00:00','DD-MON-RR HH24:MI:SS'),6,4);
Insert into TICKET (TICKETID,MEMBERID,SEATROW,SEATNUMBER,THEATREID,SHOWDATE,MOVIEID,EMPID) values (622,null,'A',8,2,to_date('08-DEC-16 15:00:00','DD-MON-RR HH24:MI:SS'),6,4);
Insert into TICKET (TICKETID,MEMBERID,SEATROW,SEATNUMBER,THEATREID,SHOWDATE,MOVIEID,EMPID) values (623,null,'A',13,2,to_date('08-DEC-16 15:00:00','DD-MON-RR HH24:MI:SS'),6,3);
Insert into TICKET (TICKETID,MEMBERID,SEATROW,SEATNUMBER,THEATREID,SHOWDATE,MOVIEID,EMPID) values (624,11,'A',15,2,to_date('08-DEC-16 15:00:00','DD-MON-RR HH24:MI:SS'),6,3);
Insert into TICKET (TICKETID,MEMBERID,SEATROW,SEATNUMBER,THEATREID,SHOWDATE,MOVIEID,EMPID) values (625,null,'B',5,2,to_date('08-DEC-16 15:00:00','DD-MON-RR HH24:MI:SS'),6,4);
Insert into TICKET (TICKETID,MEMBERID,SEATROW,SEATNUMBER,THEATREID,SHOWDATE,MOVIEID,EMPID) values (626,null,'B',6,2,to_date('08-DEC-16 15:00:00','DD-MON-RR HH24:MI:SS'),6,4);
Insert into TICKET (TICKETID,MEMBERID,SEATROW,SEATNUMBER,THEATREID,SHOWDATE,MOVIEID,EMPID) values (627,null,'B',9,2,to_date('08-DEC-16 15:00:00','DD-MON-RR HH24:MI:SS'),6,3);
Insert into TICKET (TICKETID,MEMBERID,SEATROW,SEATNUMBER,THEATREID,SHOWDATE,MOVIEID,EMPID) values (628,null,'B',11,2,to_date('08-DEC-16 15:00:00','DD-MON-RR HH24:MI:SS'),6,3);
Insert into TICKET (TICKETID,MEMBERID,SEATROW,SEATNUMBER,THEATREID,SHOWDATE,MOVIEID,EMPID) values (629,null,'C',7,2,to_date('08-DEC-16 15:00:00','DD-MON-RR HH24:MI:SS'),6,3);
Insert into TICKET (TICKETID,MEMBERID,SEATROW,SEATNUMBER,THEATREID,SHOWDATE,MOVIEID,EMPID) values (630,8,'C',15,2,to_date('08-DEC-16 15:00:00','DD-MON-RR HH24:MI:SS'),6,4);
Insert into TICKET (TICKETID,MEMBERID,SEATROW,SEATNUMBER,THEATREID,SHOWDATE,MOVIEID,EMPID) values (631,null,'A',3,3,to_date('08-DEC-16 16:00:00','DD-MON-RR HH24:MI:SS'),7,4);
Insert into TICKET (TICKETID,MEMBERID,SEATROW,SEATNUMBER,THEATREID,SHOWDATE,MOVIEID,EMPID) values (632,null,'A',5,3,to_date('08-DEC-16 16:00:00','DD-MON-RR HH24:MI:SS'),7,3);
Insert into TICKET (TICKETID,MEMBERID,SEATROW,SEATNUMBER,THEATREID,SHOWDATE,MOVIEID,EMPID) values (633,null,'A',6,3,to_date('08-DEC-16 16:00:00','DD-MON-RR HH24:MI:SS'),7,3);
Insert into TICKET (TICKETID,MEMBERID,SEATROW,SEATNUMBER,THEATREID,SHOWDATE,MOVIEID,EMPID) values (634,null,'A',7,3,to_date('08-DEC-16 16:00:00','DD-MON-RR HH24:MI:SS'),7,4);
Insert into TICKET (TICKETID,MEMBERID,SEATROW,SEATNUMBER,THEATREID,SHOWDATE,MOVIEID,EMPID) values (635,null,'A',8,3,to_date('08-DEC-16 16:00:00','DD-MON-RR HH24:MI:SS'),7,4);
Insert into TICKET (TICKETID,MEMBERID,SEATROW,SEATNUMBER,THEATREID,SHOWDATE,MOVIEID,EMPID) values (636,null,'A',9,3,to_date('08-DEC-16 16:00:00','DD-MON-RR HH24:MI:SS'),7,3);
Insert into TICKET (TICKETID,MEMBERID,SEATROW,SEATNUMBER,THEATREID,SHOWDATE,MOVIEID,EMPID) values (637,null,'A',10,3,to_date('08-DEC-16 16:00:00','DD-MON-RR HH24:MI:SS'),7,3);
Insert into TICKET (TICKETID,MEMBERID,SEATROW,SEATNUMBER,THEATREID,SHOWDATE,MOVIEID,EMPID) values (638,null,'A',11,3,to_date('08-DEC-16 16:00:00','DD-MON-RR HH24:MI:SS'),7,4);
Insert into TICKET (TICKETID,MEMBERID,SEATROW,SEATNUMBER,THEATREID,SHOWDATE,MOVIEID,EMPID) values (639,null,'A',12,3,to_date('08-DEC-16 16:00:00','DD-MON-RR HH24:MI:SS'),7,4);
Insert into TICKET (TICKETID,MEMBERID,SEATROW,SEATNUMBER,THEATREID,SHOWDATE,MOVIEID,EMPID) values (640,null,'A',15,3,to_date('08-DEC-16 16:00:00','DD-MON-RR HH24:MI:SS'),7,3);
Insert into TICKET (TICKETID,MEMBERID,SEATROW,SEATNUMBER,THEATREID,SHOWDATE,MOVIEID,EMPID) values (641,null,'B',5,3,to_date('08-DEC-16 16:00:00','DD-MON-RR HH24:MI:SS'),7,3);
Insert into TICKET (TICKETID,MEMBERID,SEATROW,SEATNUMBER,THEATREID,SHOWDATE,MOVIEID,EMPID) values (642,null,'B',6,3,to_date('08-DEC-16 16:00:00','DD-MON-RR HH24:MI:SS'),7,4);
Insert into TICKET (TICKETID,MEMBERID,SEATROW,SEATNUMBER,THEATREID,SHOWDATE,MOVIEID,EMPID) values (643,null,'B',7,3,to_date('08-DEC-16 16:00:00','DD-MON-RR HH24:MI:SS'),7,3);
Insert into TICKET (TICKETID,MEMBERID,SEATROW,SEATNUMBER,THEATREID,SHOWDATE,MOVIEID,EMPID) values (644,null,'B',8,3,to_date('08-DEC-16 16:00:00','DD-MON-RR HH24:MI:SS'),7,3);
Insert into TICKET (TICKETID,MEMBERID,SEATROW,SEATNUMBER,THEATREID,SHOWDATE,MOVIEID,EMPID) values (645,null,'B',9,3,to_date('08-DEC-16 16:00:00','DD-MON-RR HH24:MI:SS'),7,3);
Insert into TICKET (TICKETID,MEMBERID,SEATROW,SEATNUMBER,THEATREID,SHOWDATE,MOVIEID,EMPID) values (646,null,'B',10,3,to_date('08-DEC-16 16:00:00','DD-MON-RR HH24:MI:SS'),7,3);
Insert into TICKET (TICKETID,MEMBERID,SEATROW,SEATNUMBER,THEATREID,SHOWDATE,MOVIEID,EMPID) values (647,null,'B',11,3,to_date('08-DEC-16 16:00:00','DD-MON-RR HH24:MI:SS'),7,4);
Insert into TICKET (TICKETID,MEMBERID,SEATROW,SEATNUMBER,THEATREID,SHOWDATE,MOVIEID,EMPID) values (648,null,'B',12,3,to_date('08-DEC-16 16:00:00','DD-MON-RR HH24:MI:SS'),7,4);
Insert into TICKET (TICKETID,MEMBERID,SEATROW,SEATNUMBER,THEATREID,SHOWDATE,MOVIEID,EMPID) values (649,null,'B',13,3,to_date('08-DEC-16 16:00:00','DD-MON-RR HH24:MI:SS'),7,4);
Insert into TICKET (TICKETID,MEMBERID,SEATROW,SEATNUMBER,THEATREID,SHOWDATE,MOVIEID,EMPID) values (650,null,'B',14,3,to_date('08-DEC-16 16:00:00','DD-MON-RR HH24:MI:SS'),7,4);
Insert into TICKET (TICKETID,MEMBERID,SEATROW,SEATNUMBER,THEATREID,SHOWDATE,MOVIEID,EMPID) values (651,12,'C',3,3,to_date('08-DEC-16 16:00:00','DD-MON-RR HH24:MI:SS'),7,3);
Insert into TICKET (TICKETID,MEMBERID,SEATROW,SEATNUMBER,THEATREID,SHOWDATE,MOVIEID,EMPID) values (652,null,'C',4,3,to_date('08-DEC-16 16:00:00','DD-MON-RR HH24:MI:SS'),7,3);
Insert into TICKET (TICKETID,MEMBERID,SEATROW,SEATNUMBER,THEATREID,SHOWDATE,MOVIEID,EMPID) values (653,null,'C',7,3,to_date('08-DEC-16 16:00:00','DD-MON-RR HH24:MI:SS'),7,4);
Insert into TICKET (TICKETID,MEMBERID,SEATROW,SEATNUMBER,THEATREID,SHOWDATE,MOVIEID,EMPID) values (654,null,'C',8,3,to_date('08-DEC-16 16:00:00','DD-MON-RR HH24:MI:SS'),7,4);
Insert into TICKET (TICKETID,MEMBERID,SEATROW,SEATNUMBER,THEATREID,SHOWDATE,MOVIEID,EMPID) values (655,null,'C',11,3,to_date('08-DEC-16 16:00:00','DD-MON-RR HH24:MI:SS'),7,3);
Insert into TICKET (TICKETID,MEMBERID,SEATROW,SEATNUMBER,THEATREID,SHOWDATE,MOVIEID,EMPID) values (656,null,'C',12,3,to_date('08-DEC-16 16:00:00','DD-MON-RR HH24:MI:SS'),7,3);
Insert into TICKET (TICKETID,MEMBERID,SEATROW,SEATNUMBER,THEATREID,SHOWDATE,MOVIEID,EMPID) values (657,null,'C',13,3,to_date('08-DEC-16 16:00:00','DD-MON-RR HH24:MI:SS'),7,3);
Insert into TICKET (TICKETID,MEMBERID,SEATROW,SEATNUMBER,THEATREID,SHOWDATE,MOVIEID,EMPID) values (658,null,'C',14,3,to_date('08-DEC-16 16:00:00','DD-MON-RR HH24:MI:SS'),7,4);
Insert into TICKET (TICKETID,MEMBERID,SEATROW,SEATNUMBER,THEATREID,SHOWDATE,MOVIEID,EMPID) values (659,null,'C',15,3,to_date('08-DEC-16 16:00:00','DD-MON-RR HH24:MI:SS'),7,4);
Insert into TICKET (TICKETID,MEMBERID,SEATROW,SEATNUMBER,THEATREID,SHOWDATE,MOVIEID,EMPID) values (660,null,'C',16,3,to_date('08-DEC-16 16:00:00','DD-MON-RR HH24:MI:SS'),7,4);
Insert into TICKET (TICKETID,MEMBERID,SEATROW,SEATNUMBER,THEATREID,SHOWDATE,MOVIEID,EMPID) values (661,null,'A',5,4,to_date('08-DEC-16 16:00:00','DD-MON-RR HH24:MI:SS'),8,3);
Insert into TICKET (TICKETID,MEMBERID,SEATROW,SEATNUMBER,THEATREID,SHOWDATE,MOVIEID,EMPID) values (662,null,'A',6,4,to_date('08-DEC-16 16:00:00','DD-MON-RR HH24:MI:SS'),8,3);
Insert into TICKET (TICKETID,MEMBERID,SEATROW,SEATNUMBER,THEATREID,SHOWDATE,MOVIEID,EMPID) values (663,null,'A',13,4,to_date('08-DEC-16 16:00:00','DD-MON-RR HH24:MI:SS'),8,4);
Insert into TICKET (TICKETID,MEMBERID,SEATROW,SEATNUMBER,THEATREID,SHOWDATE,MOVIEID,EMPID) values (664,null,'A',14,4,to_date('08-DEC-16 16:00:00','DD-MON-RR HH24:MI:SS'),8,3);
Insert into TICKET (TICKETID,MEMBERID,SEATROW,SEATNUMBER,THEATREID,SHOWDATE,MOVIEID,EMPID) values (665,3,'B',5,4,to_date('08-DEC-16 16:00:00','DD-MON-RR HH24:MI:SS'),8,4);
Insert into TICKET (TICKETID,MEMBERID,SEATROW,SEATNUMBER,THEATREID,SHOWDATE,MOVIEID,EMPID) values (666,4,'B',6,4,to_date('08-DEC-16 16:00:00','DD-MON-RR HH24:MI:SS'),8,4);
Insert into TICKET (TICKETID,MEMBERID,SEATROW,SEATNUMBER,THEATREID,SHOWDATE,MOVIEID,EMPID) values (667,null,'B',13,4,to_date('08-DEC-16 16:00:00','DD-MON-RR HH24:MI:SS'),8,4);
Insert into TICKET (TICKETID,MEMBERID,SEATROW,SEATNUMBER,THEATREID,SHOWDATE,MOVIEID,EMPID) values (668,null,'B',14,4,to_date('08-DEC-16 16:00:00','DD-MON-RR HH24:MI:SS'),8,4);
Insert into TICKET (TICKETID,MEMBERID,SEATROW,SEATNUMBER,THEATREID,SHOWDATE,MOVIEID,EMPID) values (669,null,'C',1,4,to_date('08-DEC-16 16:00:00','DD-MON-RR HH24:MI:SS'),8,3);
Insert into TICKET (TICKETID,MEMBERID,SEATROW,SEATNUMBER,THEATREID,SHOWDATE,MOVIEID,EMPID) values (670,null,'C',2,4,to_date('08-DEC-16 16:00:00','DD-MON-RR HH24:MI:SS'),8,3);
Insert into TICKET (TICKETID,MEMBERID,SEATROW,SEATNUMBER,THEATREID,SHOWDATE,MOVIEID,EMPID) values (671,null,'C',5,4,to_date('08-DEC-16 16:00:00','DD-MON-RR HH24:MI:SS'),8,4);
Insert into TICKET (TICKETID,MEMBERID,SEATROW,SEATNUMBER,THEATREID,SHOWDATE,MOVIEID,EMPID) values (672,null,'C',6,4,to_date('08-DEC-16 16:00:00','DD-MON-RR HH24:MI:SS'),8,4);
Insert into TICKET (TICKETID,MEMBERID,SEATROW,SEATNUMBER,THEATREID,SHOWDATE,MOVIEID,EMPID) values (673,null,'C',11,4,to_date('08-DEC-16 16:00:00','DD-MON-RR HH24:MI:SS'),8,3);
Insert into TICKET (TICKETID,MEMBERID,SEATROW,SEATNUMBER,THEATREID,SHOWDATE,MOVIEID,EMPID) values (674,null,'C',12,4,to_date('08-DEC-16 16:00:00','DD-MON-RR HH24:MI:SS'),8,3);
Insert into TICKET (TICKETID,MEMBERID,SEATROW,SEATNUMBER,THEATREID,SHOWDATE,MOVIEID,EMPID) values (675,null,'C',17,4,to_date('08-DEC-16 16:00:00','DD-MON-RR HH24:MI:SS'),8,4);
Insert into TICKET (TICKETID,MEMBERID,SEATROW,SEATNUMBER,THEATREID,SHOWDATE,MOVIEID,EMPID) values (676,null,'C',18,4,to_date('08-DEC-16 16:00:00','DD-MON-RR HH24:MI:SS'),8,4);
Insert into TICKET (TICKETID,MEMBERID,SEATROW,SEATNUMBER,THEATREID,SHOWDATE,MOVIEID,EMPID) values (677,null,'D',9,4,to_date('08-DEC-16 16:00:00','DD-MON-RR HH24:MI:SS'),8,3);
Insert into TICKET (TICKETID,MEMBERID,SEATROW,SEATNUMBER,THEATREID,SHOWDATE,MOVIEID,EMPID) values (678,null,'D',10,4,to_date('08-DEC-16 16:00:00','DD-MON-RR HH24:MI:SS'),8,3);
Insert into TICKET (TICKETID,MEMBERID,SEATROW,SEATNUMBER,THEATREID,SHOWDATE,MOVIEID,EMPID) values (679,null,'D',13,4,to_date('08-DEC-16 16:00:00','DD-MON-RR HH24:MI:SS'),8,3);
Insert into TICKET (TICKETID,MEMBERID,SEATROW,SEATNUMBER,THEATREID,SHOWDATE,MOVIEID,EMPID) values (680,null,'D',14,4,to_date('08-DEC-16 16:00:00','DD-MON-RR HH24:MI:SS'),8,3);
Insert into TICKET (TICKETID,MEMBERID,SEATROW,SEATNUMBER,THEATREID,SHOWDATE,MOVIEID,EMPID) values (681,null,'A',5,1,to_date('08-DEC-16 19:00:00','DD-MON-RR HH24:MI:SS'),5,4);
Insert into TICKET (TICKETID,MEMBERID,SEATROW,SEATNUMBER,THEATREID,SHOWDATE,MOVIEID,EMPID) values (682,null,'A',6,1,to_date('08-DEC-16 19:00:00','DD-MON-RR HH24:MI:SS'),5,3);
Insert into TICKET (TICKETID,MEMBERID,SEATROW,SEATNUMBER,THEATREID,SHOWDATE,MOVIEID,EMPID) values (683,null,'A',9,1,to_date('08-DEC-16 19:00:00','DD-MON-RR HH24:MI:SS'),5,3);
Insert into TICKET (TICKETID,MEMBERID,SEATROW,SEATNUMBER,THEATREID,SHOWDATE,MOVIEID,EMPID) values (684,null,'A',10,1,to_date('08-DEC-16 19:00:00','DD-MON-RR HH24:MI:SS'),5,4);
Insert into TICKET (TICKETID,MEMBERID,SEATROW,SEATNUMBER,THEATREID,SHOWDATE,MOVIEID,EMPID) values (685,null,'A',11,1,to_date('08-DEC-16 19:00:00','DD-MON-RR HH24:MI:SS'),5,4);
Insert into TICKET (TICKETID,MEMBERID,SEATROW,SEATNUMBER,THEATREID,SHOWDATE,MOVIEID,EMPID) values (686,null,'A',12,1,to_date('08-DEC-16 19:00:00','DD-MON-RR HH24:MI:SS'),5,4);
Insert into TICKET (TICKETID,MEMBERID,SEATROW,SEATNUMBER,THEATREID,SHOWDATE,MOVIEID,EMPID) values (687,null,'B',5,1,to_date('08-DEC-16 19:00:00','DD-MON-RR HH24:MI:SS'),5,3);
Insert into TICKET (TICKETID,MEMBERID,SEATROW,SEATNUMBER,THEATREID,SHOWDATE,MOVIEID,EMPID) values (688,null,'B',7,1,to_date('08-DEC-16 19:00:00','DD-MON-RR HH24:MI:SS'),5,4);
Insert into TICKET (TICKETID,MEMBERID,SEATROW,SEATNUMBER,THEATREID,SHOWDATE,MOVIEID,EMPID) values (689,null,'B',9,1,to_date('08-DEC-16 19:00:00','DD-MON-RR HH24:MI:SS'),5,3);
Insert into TICKET (TICKETID,MEMBERID,SEATROW,SEATNUMBER,THEATREID,SHOWDATE,MOVIEID,EMPID) values (690,null,'B',11,1,to_date('08-DEC-16 19:00:00','DD-MON-RR HH24:MI:SS'),5,4);
Insert into TICKET (TICKETID,MEMBERID,SEATROW,SEATNUMBER,THEATREID,SHOWDATE,MOVIEID,EMPID) values (691,null,'B',12,1,to_date('08-DEC-16 19:00:00','DD-MON-RR HH24:MI:SS'),5,4);
Insert into TICKET (TICKETID,MEMBERID,SEATROW,SEATNUMBER,THEATREID,SHOWDATE,MOVIEID,EMPID) values (692,null,'B',13,1,to_date('08-DEC-16 19:00:00','DD-MON-RR HH24:MI:SS'),5,4);
Insert into TICKET (TICKETID,MEMBERID,SEATROW,SEATNUMBER,THEATREID,SHOWDATE,MOVIEID,EMPID) values (693,null,'C',5,1,to_date('08-DEC-16 19:00:00','DD-MON-RR HH24:MI:SS'),5,3);
Insert into TICKET (TICKETID,MEMBERID,SEATROW,SEATNUMBER,THEATREID,SHOWDATE,MOVIEID,EMPID) values (694,null,'C',6,1,to_date('08-DEC-16 19:00:00','DD-MON-RR HH24:MI:SS'),5,3);
Insert into TICKET (TICKETID,MEMBERID,SEATROW,SEATNUMBER,THEATREID,SHOWDATE,MOVIEID,EMPID) values (695,null,'C',7,1,to_date('08-DEC-16 19:00:00','DD-MON-RR HH24:MI:SS'),5,4);
Insert into TICKET (TICKETID,MEMBERID,SEATROW,SEATNUMBER,THEATREID,SHOWDATE,MOVIEID,EMPID) values (696,null,'C',8,1,to_date('08-DEC-16 19:00:00','DD-MON-RR HH24:MI:SS'),5,4);
Insert into TICKET (TICKETID,MEMBERID,SEATROW,SEATNUMBER,THEATREID,SHOWDATE,MOVIEID,EMPID) values (697,null,'C',9,1,to_date('08-DEC-16 19:00:00','DD-MON-RR HH24:MI:SS'),5,3);
Insert into TICKET (TICKETID,MEMBERID,SEATROW,SEATNUMBER,THEATREID,SHOWDATE,MOVIEID,EMPID) values (698,null,'C',10,1,to_date('08-DEC-16 19:00:00','DD-MON-RR HH24:MI:SS'),5,3);
Insert into TICKET (TICKETID,MEMBERID,SEATROW,SEATNUMBER,THEATREID,SHOWDATE,MOVIEID,EMPID) values (699,null,'C',11,1,to_date('08-DEC-16 19:00:00','DD-MON-RR HH24:MI:SS'),5,3);
Insert into TICKET (TICKETID,MEMBERID,SEATROW,SEATNUMBER,THEATREID,SHOWDATE,MOVIEID,EMPID) values (700,null,'C',12,1,to_date('08-DEC-16 19:00:00','DD-MON-RR HH24:MI:SS'),5,3);
commit;
Insert into TICKET (TICKETID,MEMBERID,SEATROW,SEATNUMBER,THEATREID,SHOWDATE,MOVIEID,EMPID) values (701,null,'C',1,2,to_date('08-DEC-16 19:00:00','DD-MON-RR HH24:MI:SS'),6,4);
Insert into TICKET (TICKETID,MEMBERID,SEATROW,SEATNUMBER,THEATREID,SHOWDATE,MOVIEID,EMPID) values (702,null,'C',2,2,to_date('08-DEC-16 19:00:00','DD-MON-RR HH24:MI:SS'),6,4);
Insert into TICKET (TICKETID,MEMBERID,SEATROW,SEATNUMBER,THEATREID,SHOWDATE,MOVIEID,EMPID) values (703,null,'C',7,2,to_date('08-DEC-16 19:00:00','DD-MON-RR HH24:MI:SS'),6,4);
Insert into TICKET (TICKETID,MEMBERID,SEATROW,SEATNUMBER,THEATREID,SHOWDATE,MOVIEID,EMPID) values (704,null,'C',10,2,to_date('08-DEC-16 19:00:00','DD-MON-RR HH24:MI:SS'),6,3);
Insert into TICKET (TICKETID,MEMBERID,SEATROW,SEATNUMBER,THEATREID,SHOWDATE,MOVIEID,EMPID) values (705,null,'C',11,2,to_date('08-DEC-16 19:00:00','DD-MON-RR HH24:MI:SS'),6,3);
Insert into TICKET (TICKETID,MEMBERID,SEATROW,SEATNUMBER,THEATREID,SHOWDATE,MOVIEID,EMPID) values (706,null,'C',12,2,to_date('08-DEC-16 19:00:00','DD-MON-RR HH24:MI:SS'),6,3);
Insert into TICKET (TICKETID,MEMBERID,SEATROW,SEATNUMBER,THEATREID,SHOWDATE,MOVIEID,EMPID) values (707,null,'D',5,2,to_date('08-DEC-16 19:00:00','DD-MON-RR HH24:MI:SS'),6,4);
Insert into TICKET (TICKETID,MEMBERID,SEATROW,SEATNUMBER,THEATREID,SHOWDATE,MOVIEID,EMPID) values (708,null,'D',6,2,to_date('08-DEC-16 19:00:00','DD-MON-RR HH24:MI:SS'),6,4);
Insert into TICKET (TICKETID,MEMBERID,SEATROW,SEATNUMBER,THEATREID,SHOWDATE,MOVIEID,EMPID) values (709,null,'D',13,2,to_date('08-DEC-16 19:00:00','DD-MON-RR HH24:MI:SS'),6,3);
Insert into TICKET (TICKETID,MEMBERID,SEATROW,SEATNUMBER,THEATREID,SHOWDATE,MOVIEID,EMPID) values (710,null,'D',14,2,to_date('08-DEC-16 19:00:00','DD-MON-RR HH24:MI:SS'),6,3);
Insert into TICKET (TICKETID,MEMBERID,SEATROW,SEATNUMBER,THEATREID,SHOWDATE,MOVIEID,EMPID) values (711,null,'A',5,3,to_date('08-DEC-16 20:00:00','DD-MON-RR HH24:MI:SS'),7,3);
Insert into TICKET (TICKETID,MEMBERID,SEATROW,SEATNUMBER,THEATREID,SHOWDATE,MOVIEID,EMPID) values (712,null,'A',6,3,to_date('08-DEC-16 20:00:00','DD-MON-RR HH24:MI:SS'),7,3);
Insert into TICKET (TICKETID,MEMBERID,SEATROW,SEATNUMBER,THEATREID,SHOWDATE,MOVIEID,EMPID) values (713,6,'A',11,3,to_date('08-DEC-16 20:00:00','DD-MON-RR HH24:MI:SS'),7,4);
Insert into TICKET (TICKETID,MEMBERID,SEATROW,SEATNUMBER,THEATREID,SHOWDATE,MOVIEID,EMPID) values (714,7,'A',12,3,to_date('08-DEC-16 20:00:00','DD-MON-RR HH24:MI:SS'),7,4);
Insert into TICKET (TICKETID,MEMBERID,SEATROW,SEATNUMBER,THEATREID,SHOWDATE,MOVIEID,EMPID) values (715,null,'B',9,3,to_date('08-DEC-16 20:00:00','DD-MON-RR HH24:MI:SS'),7,3);
Insert into TICKET (TICKETID,MEMBERID,SEATROW,SEATNUMBER,THEATREID,SHOWDATE,MOVIEID,EMPID) values (716,null,'B',10,3,to_date('08-DEC-16 20:00:00','DD-MON-RR HH24:MI:SS'),7,3);
Insert into TICKET (TICKETID,MEMBERID,SEATROW,SEATNUMBER,THEATREID,SHOWDATE,MOVIEID,EMPID) values (717,null,'B',15,3,to_date('08-DEC-16 20:00:00','DD-MON-RR HH24:MI:SS'),7,4);
Insert into TICKET (TICKETID,MEMBERID,SEATROW,SEATNUMBER,THEATREID,SHOWDATE,MOVIEID,EMPID) values (718,null,'B',16,3,to_date('08-DEC-16 20:00:00','DD-MON-RR HH24:MI:SS'),7,4);
Insert into TICKET (TICKETID,MEMBERID,SEATROW,SEATNUMBER,THEATREID,SHOWDATE,MOVIEID,EMPID) values (719,null,'C',3,3,to_date('08-DEC-16 20:00:00','DD-MON-RR HH24:MI:SS'),7,3);
Insert into TICKET (TICKETID,MEMBERID,SEATROW,SEATNUMBER,THEATREID,SHOWDATE,MOVIEID,EMPID) values (720,null,'C',4,3,to_date('08-DEC-16 20:00:00','DD-MON-RR HH24:MI:SS'),7,3);
Insert into TICKET (TICKETID,MEMBERID,SEATROW,SEATNUMBER,THEATREID,SHOWDATE,MOVIEID,EMPID) values (721,null,'C',5,3,to_date('08-DEC-16 20:00:00','DD-MON-RR HH24:MI:SS'),7,4);
Insert into TICKET (TICKETID,MEMBERID,SEATROW,SEATNUMBER,THEATREID,SHOWDATE,MOVIEID,EMPID) values (722,null,'C',6,3,to_date('08-DEC-16 20:00:00','DD-MON-RR HH24:MI:SS'),7,4);
Insert into TICKET (TICKETID,MEMBERID,SEATROW,SEATNUMBER,THEATREID,SHOWDATE,MOVIEID,EMPID) values (723,null,'C',11,3,to_date('08-DEC-16 20:00:00','DD-MON-RR HH24:MI:SS'),7,3);
Insert into TICKET (TICKETID,MEMBERID,SEATROW,SEATNUMBER,THEATREID,SHOWDATE,MOVIEID,EMPID) values (724,null,'C',12,3,to_date('08-DEC-16 20:00:00','DD-MON-RR HH24:MI:SS'),7,3);
Insert into TICKET (TICKETID,MEMBERID,SEATROW,SEATNUMBER,THEATREID,SHOWDATE,MOVIEID,EMPID) values (725,null,'C',13,3,to_date('08-DEC-16 20:00:00','DD-MON-RR HH24:MI:SS'),7,4);
Insert into TICKET (TICKETID,MEMBERID,SEATROW,SEATNUMBER,THEATREID,SHOWDATE,MOVIEID,EMPID) values (726,null,'C',14,3,to_date('08-DEC-16 20:00:00','DD-MON-RR HH24:MI:SS'),7,4);
Insert into TICKET (TICKETID,MEMBERID,SEATROW,SEATNUMBER,THEATREID,SHOWDATE,MOVIEID,EMPID) values (727,null,'D',3,3,to_date('08-DEC-16 20:00:00','DD-MON-RR HH24:MI:SS'),7,3);
Insert into TICKET (TICKETID,MEMBERID,SEATROW,SEATNUMBER,THEATREID,SHOWDATE,MOVIEID,EMPID) values (728,null,'D',5,3,to_date('08-DEC-16 20:00:00','DD-MON-RR HH24:MI:SS'),7,4);
Insert into TICKET (TICKETID,MEMBERID,SEATROW,SEATNUMBER,THEATREID,SHOWDATE,MOVIEID,EMPID) values (729,null,'D',13,3,to_date('08-DEC-16 20:00:00','DD-MON-RR HH24:MI:SS'),7,3);
Insert into TICKET (TICKETID,MEMBERID,SEATROW,SEATNUMBER,THEATREID,SHOWDATE,MOVIEID,EMPID) values (730,null,'D',15,3,to_date('08-DEC-16 20:00:00','DD-MON-RR HH24:MI:SS'),7,4);
Insert into TICKET (TICKETID,MEMBERID,SEATROW,SEATNUMBER,THEATREID,SHOWDATE,MOVIEID,EMPID) values (731,null,'A',5,4,to_date('08-DEC-16 20:00:00','DD-MON-RR HH24:MI:SS'),8,3);
Insert into TICKET (TICKETID,MEMBERID,SEATROW,SEATNUMBER,THEATREID,SHOWDATE,MOVIEID,EMPID) values (732,null,'A',6,4,to_date('08-DEC-16 20:00:00','DD-MON-RR HH24:MI:SS'),8,3);
Insert into TICKET (TICKETID,MEMBERID,SEATROW,SEATNUMBER,THEATREID,SHOWDATE,MOVIEID,EMPID) values (733,null,'A',7,4,to_date('08-DEC-16 20:00:00','DD-MON-RR HH24:MI:SS'),8,4);
Insert into TICKET (TICKETID,MEMBERID,SEATROW,SEATNUMBER,THEATREID,SHOWDATE,MOVIEID,EMPID) values (734,null,'A',8,4,to_date('08-DEC-16 20:00:00','DD-MON-RR HH24:MI:SS'),8,4);
Insert into TICKET (TICKETID,MEMBERID,SEATROW,SEATNUMBER,THEATREID,SHOWDATE,MOVIEID,EMPID) values (735,null,'A',11,4,to_date('08-DEC-16 20:00:00','DD-MON-RR HH24:MI:SS'),8,3);
Insert into TICKET (TICKETID,MEMBERID,SEATROW,SEATNUMBER,THEATREID,SHOWDATE,MOVIEID,EMPID) values (736,null,'A',12,4,to_date('08-DEC-16 20:00:00','DD-MON-RR HH24:MI:SS'),8,3);
Insert into TICKET (TICKETID,MEMBERID,SEATROW,SEATNUMBER,THEATREID,SHOWDATE,MOVIEID,EMPID) values (737,null,'A',17,4,to_date('08-DEC-16 20:00:00','DD-MON-RR HH24:MI:SS'),8,4);
Insert into TICKET (TICKETID,MEMBERID,SEATROW,SEATNUMBER,THEATREID,SHOWDATE,MOVIEID,EMPID) values (738,null,'A',18,4,to_date('08-DEC-16 20:00:00','DD-MON-RR HH24:MI:SS'),8,4);
Insert into TICKET (TICKETID,MEMBERID,SEATROW,SEATNUMBER,THEATREID,SHOWDATE,MOVIEID,EMPID) values (739,null,'B',7,4,to_date('08-DEC-16 20:00:00','DD-MON-RR HH24:MI:SS'),8,3);
Insert into TICKET (TICKETID,MEMBERID,SEATROW,SEATNUMBER,THEATREID,SHOWDATE,MOVIEID,EMPID) values (740,null,'B',8,4,to_date('08-DEC-16 20:00:00','DD-MON-RR HH24:MI:SS'),8,3);
Insert into TICKET (TICKETID,MEMBERID,SEATROW,SEATNUMBER,THEATREID,SHOWDATE,MOVIEID,EMPID) values (741,null,'B',9,4,to_date('08-DEC-16 20:00:00','DD-MON-RR HH24:MI:SS'),8,4);
Insert into TICKET (TICKETID,MEMBERID,SEATROW,SEATNUMBER,THEATREID,SHOWDATE,MOVIEID,EMPID) values (742,null,'B',10,4,to_date('08-DEC-16 20:00:00','DD-MON-RR HH24:MI:SS'),8,4);
Insert into TICKET (TICKETID,MEMBERID,SEATROW,SEATNUMBER,THEATREID,SHOWDATE,MOVIEID,EMPID) values (743,null,'B',11,4,to_date('08-DEC-16 20:00:00','DD-MON-RR HH24:MI:SS'),8,3);
Insert into TICKET (TICKETID,MEMBERID,SEATROW,SEATNUMBER,THEATREID,SHOWDATE,MOVIEID,EMPID) values (744,null,'B',12,4,to_date('08-DEC-16 20:00:00','DD-MON-RR HH24:MI:SS'),8,3);
Insert into TICKET (TICKETID,MEMBERID,SEATROW,SEATNUMBER,THEATREID,SHOWDATE,MOVIEID,EMPID) values (745,null,'B',13,4,to_date('08-DEC-16 20:00:00','DD-MON-RR HH24:MI:SS'),8,4);
Insert into TICKET (TICKETID,MEMBERID,SEATROW,SEATNUMBER,THEATREID,SHOWDATE,MOVIEID,EMPID) values (746,8,'B',15,4,to_date('08-DEC-16 20:00:00','DD-MON-RR HH24:MI:SS'),8,3);
Insert into TICKET (TICKETID,MEMBERID,SEATROW,SEATNUMBER,THEATREID,SHOWDATE,MOVIEID,EMPID) values (747,null,'C',5,4,to_date('08-DEC-16 20:00:00','DD-MON-RR HH24:MI:SS'),8,4);
Insert into TICKET (TICKETID,MEMBERID,SEATROW,SEATNUMBER,THEATREID,SHOWDATE,MOVIEID,EMPID) values (748,11,'C',10,4,to_date('08-DEC-16 20:00:00','DD-MON-RR HH24:MI:SS'),8,3);
Insert into TICKET (TICKETID,MEMBERID,SEATROW,SEATNUMBER,THEATREID,SHOWDATE,MOVIEID,EMPID) values (749,12,'C',11,4,to_date('08-DEC-16 20:00:00','DD-MON-RR HH24:MI:SS'),8,3);
Insert into TICKET (TICKETID,MEMBERID,SEATROW,SEATNUMBER,THEATREID,SHOWDATE,MOVIEID,EMPID) values (750,null,'C',16,4,to_date('08-DEC-16 20:00:00','DD-MON-RR HH24:MI:SS'),8,4);
Insert into TICKET (TICKETID,MEMBERID,SEATROW,SEATNUMBER,THEATREID,SHOWDATE,MOVIEID,EMPID) values (751,null,'B',5,1,to_date('09-DEC-16 15:00:00','DD-MON-RR HH24:MI:SS'),5,3);
Insert into TICKET (TICKETID,MEMBERID,SEATROW,SEATNUMBER,THEATREID,SHOWDATE,MOVIEID,EMPID) values (752,null,'B',6,1,to_date('09-DEC-16 15:00:00','DD-MON-RR HH24:MI:SS'),5,3);
Insert into TICKET (TICKETID,MEMBERID,SEATROW,SEATNUMBER,THEATREID,SHOWDATE,MOVIEID,EMPID) values (753,null,'B',7,1,to_date('09-DEC-16 15:00:00','DD-MON-RR HH24:MI:SS'),5,3);
Insert into TICKET (TICKETID,MEMBERID,SEATROW,SEATNUMBER,THEATREID,SHOWDATE,MOVIEID,EMPID) values (754,null,'B',8,1,to_date('09-DEC-16 15:00:00','DD-MON-RR HH24:MI:SS'),5,3);
Insert into TICKET (TICKETID,MEMBERID,SEATROW,SEATNUMBER,THEATREID,SHOWDATE,MOVIEID,EMPID) values (755,null,'B',9,1,to_date('09-DEC-16 15:00:00','DD-MON-RR HH24:MI:SS'),5,4);
Insert into TICKET (TICKETID,MEMBERID,SEATROW,SEATNUMBER,THEATREID,SHOWDATE,MOVIEID,EMPID) values (756,null,'B',10,1,to_date('09-DEC-16 15:00:00','DD-MON-RR HH24:MI:SS'),5,4);
Insert into TICKET (TICKETID,MEMBERID,SEATROW,SEATNUMBER,THEATREID,SHOWDATE,MOVIEID,EMPID) values (757,null,'B',11,1,to_date('09-DEC-16 15:00:00','DD-MON-RR HH24:MI:SS'),5,4);
Insert into TICKET (TICKETID,MEMBERID,SEATROW,SEATNUMBER,THEATREID,SHOWDATE,MOVIEID,EMPID) values (758,null,'B',12,1,to_date('09-DEC-16 15:00:00','DD-MON-RR HH24:MI:SS'),5,4);
Insert into TICKET (TICKETID,MEMBERID,SEATROW,SEATNUMBER,THEATREID,SHOWDATE,MOVIEID,EMPID) values (759,null,'B',13,1,to_date('09-DEC-16 15:00:00','DD-MON-RR HH24:MI:SS'),5,3);
Insert into TICKET (TICKETID,MEMBERID,SEATROW,SEATNUMBER,THEATREID,SHOWDATE,MOVIEID,EMPID) values (760,null,'B',14,1,to_date('09-DEC-16 15:00:00','DD-MON-RR HH24:MI:SS'),5,3);
Insert into TICKET (TICKETID,MEMBERID,SEATROW,SEATNUMBER,THEATREID,SHOWDATE,MOVIEID,EMPID) values (761,null,'C',7,1,to_date('09-DEC-16 15:00:00','DD-MON-RR HH24:MI:SS'),5,3);
Insert into TICKET (TICKETID,MEMBERID,SEATROW,SEATNUMBER,THEATREID,SHOWDATE,MOVIEID,EMPID) values (762,null,'C',8,1,to_date('09-DEC-16 15:00:00','DD-MON-RR HH24:MI:SS'),5,3);
Insert into TICKET (TICKETID,MEMBERID,SEATROW,SEATNUMBER,THEATREID,SHOWDATE,MOVIEID,EMPID) values (763,null,'C',9,1,to_date('09-DEC-16 15:00:00','DD-MON-RR HH24:MI:SS'),5,4);
Insert into TICKET (TICKETID,MEMBERID,SEATROW,SEATNUMBER,THEATREID,SHOWDATE,MOVIEID,EMPID) values (764,null,'C',10,1,to_date('09-DEC-16 15:00:00','DD-MON-RR HH24:MI:SS'),5,4);
Insert into TICKET (TICKETID,MEMBERID,SEATROW,SEATNUMBER,THEATREID,SHOWDATE,MOVIEID,EMPID) values (765,null,'C',11,1,to_date('09-DEC-16 15:00:00','DD-MON-RR HH24:MI:SS'),5,4);
Insert into TICKET (TICKETID,MEMBERID,SEATROW,SEATNUMBER,THEATREID,SHOWDATE,MOVIEID,EMPID) values (766,null,'C',12,1,to_date('09-DEC-16 15:00:00','DD-MON-RR HH24:MI:SS'),5,4);
Insert into TICKET (TICKETID,MEMBERID,SEATROW,SEATNUMBER,THEATREID,SHOWDATE,MOVIEID,EMPID) values (767,null,'C',13,1,to_date('09-DEC-16 15:00:00','DD-MON-RR HH24:MI:SS'),5,3);
Insert into TICKET (TICKETID,MEMBERID,SEATROW,SEATNUMBER,THEATREID,SHOWDATE,MOVIEID,EMPID) values (768,null,'C',14,1,to_date('09-DEC-16 15:00:00','DD-MON-RR HH24:MI:SS'),5,3);
Insert into TICKET (TICKETID,MEMBERID,SEATROW,SEATNUMBER,THEATREID,SHOWDATE,MOVIEID,EMPID) values (769,null,'C',15,1,to_date('09-DEC-16 15:00:00','DD-MON-RR HH24:MI:SS'),5,3);
Insert into TICKET (TICKETID,MEMBERID,SEATROW,SEATNUMBER,THEATREID,SHOWDATE,MOVIEID,EMPID) values (770,null,'C',16,1,to_date('09-DEC-16 15:00:00','DD-MON-RR HH24:MI:SS'),5,3);
Insert into TICKET (TICKETID,MEMBERID,SEATROW,SEATNUMBER,THEATREID,SHOWDATE,MOVIEID,EMPID) values (771,null,'A',7,2,to_date('09-DEC-16 15:00:00','DD-MON-RR HH24:MI:SS'),6,4);
Insert into TICKET (TICKETID,MEMBERID,SEATROW,SEATNUMBER,THEATREID,SHOWDATE,MOVIEID,EMPID) values (772,null,'A',8,2,to_date('09-DEC-16 15:00:00','DD-MON-RR HH24:MI:SS'),6,4);
Insert into TICKET (TICKETID,MEMBERID,SEATROW,SEATNUMBER,THEATREID,SHOWDATE,MOVIEID,EMPID) values (773,null,'A',13,2,to_date('09-DEC-16 15:00:00','DD-MON-RR HH24:MI:SS'),6,3);
Insert into TICKET (TICKETID,MEMBERID,SEATROW,SEATNUMBER,THEATREID,SHOWDATE,MOVIEID,EMPID) values (774,null,'A',15,2,to_date('09-DEC-16 15:00:00','DD-MON-RR HH24:MI:SS'),6,3);
Insert into TICKET (TICKETID,MEMBERID,SEATROW,SEATNUMBER,THEATREID,SHOWDATE,MOVIEID,EMPID) values (775,null,'B',5,2,to_date('09-DEC-16 15:00:00','DD-MON-RR HH24:MI:SS'),6,4);
Insert into TICKET (TICKETID,MEMBERID,SEATROW,SEATNUMBER,THEATREID,SHOWDATE,MOVIEID,EMPID) values (776,null,'B',6,2,to_date('09-DEC-16 15:00:00','DD-MON-RR HH24:MI:SS'),6,4);
Insert into TICKET (TICKETID,MEMBERID,SEATROW,SEATNUMBER,THEATREID,SHOWDATE,MOVIEID,EMPID) values (777,null,'B',9,2,to_date('09-DEC-16 15:00:00','DD-MON-RR HH24:MI:SS'),6,3);
Insert into TICKET (TICKETID,MEMBERID,SEATROW,SEATNUMBER,THEATREID,SHOWDATE,MOVIEID,EMPID) values (778,null,'B',11,2,to_date('09-DEC-16 15:00:00','DD-MON-RR HH24:MI:SS'),6,3);
Insert into TICKET (TICKETID,MEMBERID,SEATROW,SEATNUMBER,THEATREID,SHOWDATE,MOVIEID,EMPID) values (779,null,'C',7,2,to_date('09-DEC-16 15:00:00','DD-MON-RR HH24:MI:SS'),6,3);
Insert into TICKET (TICKETID,MEMBERID,SEATROW,SEATNUMBER,THEATREID,SHOWDATE,MOVIEID,EMPID) values (780,null,'C',15,2,to_date('09-DEC-16 15:00:00','DD-MON-RR HH24:MI:SS'),6,4);
Insert into TICKET (TICKETID,MEMBERID,SEATROW,SEATNUMBER,THEATREID,SHOWDATE,MOVIEID,EMPID) values (781,null,'A',3,3,to_date('09-DEC-16 16:00:00','DD-MON-RR HH24:MI:SS'),7,4);
Insert into TICKET (TICKETID,MEMBERID,SEATROW,SEATNUMBER,THEATREID,SHOWDATE,MOVIEID,EMPID) values (782,null,'A',5,3,to_date('09-DEC-16 16:00:00','DD-MON-RR HH24:MI:SS'),7,3);
Insert into TICKET (TICKETID,MEMBERID,SEATROW,SEATNUMBER,THEATREID,SHOWDATE,MOVIEID,EMPID) values (783,null,'A',6,3,to_date('09-DEC-16 16:00:00','DD-MON-RR HH24:MI:SS'),7,3);
Insert into TICKET (TICKETID,MEMBERID,SEATROW,SEATNUMBER,THEATREID,SHOWDATE,MOVIEID,EMPID) values (784,null,'A',7,3,to_date('09-DEC-16 16:00:00','DD-MON-RR HH24:MI:SS'),7,4);
Insert into TICKET (TICKETID,MEMBERID,SEATROW,SEATNUMBER,THEATREID,SHOWDATE,MOVIEID,EMPID) values (785,null,'A',8,3,to_date('09-DEC-16 16:00:00','DD-MON-RR HH24:MI:SS'),7,4);
Insert into TICKET (TICKETID,MEMBERID,SEATROW,SEATNUMBER,THEATREID,SHOWDATE,MOVIEID,EMPID) values (786,null,'A',9,3,to_date('09-DEC-16 16:00:00','DD-MON-RR HH24:MI:SS'),7,3);
Insert into TICKET (TICKETID,MEMBERID,SEATROW,SEATNUMBER,THEATREID,SHOWDATE,MOVIEID,EMPID) values (787,null,'A',10,3,to_date('09-DEC-16 16:00:00','DD-MON-RR HH24:MI:SS'),7,3);
Insert into TICKET (TICKETID,MEMBERID,SEATROW,SEATNUMBER,THEATREID,SHOWDATE,MOVIEID,EMPID) values (788,null,'A',11,3,to_date('09-DEC-16 16:00:00','DD-MON-RR HH24:MI:SS'),7,4);
Insert into TICKET (TICKETID,MEMBERID,SEATROW,SEATNUMBER,THEATREID,SHOWDATE,MOVIEID,EMPID) values (789,null,'A',12,3,to_date('09-DEC-16 16:00:00','DD-MON-RR HH24:MI:SS'),7,4);
Insert into TICKET (TICKETID,MEMBERID,SEATROW,SEATNUMBER,THEATREID,SHOWDATE,MOVIEID,EMPID) values (790,null,'A',15,3,to_date('09-DEC-16 16:00:00','DD-MON-RR HH24:MI:SS'),7,3);
Insert into TICKET (TICKETID,MEMBERID,SEATROW,SEATNUMBER,THEATREID,SHOWDATE,MOVIEID,EMPID) values (791,null,'B',5,3,to_date('09-DEC-16 16:00:00','DD-MON-RR HH24:MI:SS'),7,3);
Insert into TICKET (TICKETID,MEMBERID,SEATROW,SEATNUMBER,THEATREID,SHOWDATE,MOVIEID,EMPID) values (792,null,'B',6,3,to_date('09-DEC-16 16:00:00','DD-MON-RR HH24:MI:SS'),7,4);
Insert into TICKET (TICKETID,MEMBERID,SEATROW,SEATNUMBER,THEATREID,SHOWDATE,MOVIEID,EMPID) values (793,null,'B',7,3,to_date('09-DEC-16 16:00:00','DD-MON-RR HH24:MI:SS'),7,3);
Insert into TICKET (TICKETID,MEMBERID,SEATROW,SEATNUMBER,THEATREID,SHOWDATE,MOVIEID,EMPID) values (794,null,'B',8,3,to_date('09-DEC-16 16:00:00','DD-MON-RR HH24:MI:SS'),7,3);
Insert into TICKET (TICKETID,MEMBERID,SEATROW,SEATNUMBER,THEATREID,SHOWDATE,MOVIEID,EMPID) values (795,null,'B',9,3,to_date('09-DEC-16 16:00:00','DD-MON-RR HH24:MI:SS'),7,3);
Insert into TICKET (TICKETID,MEMBERID,SEATROW,SEATNUMBER,THEATREID,SHOWDATE,MOVIEID,EMPID) values (796,null,'B',10,3,to_date('09-DEC-16 16:00:00','DD-MON-RR HH24:MI:SS'),7,3);
Insert into TICKET (TICKETID,MEMBERID,SEATROW,SEATNUMBER,THEATREID,SHOWDATE,MOVIEID,EMPID) values (797,null,'B',11,3,to_date('09-DEC-16 16:00:00','DD-MON-RR HH24:MI:SS'),7,4);
Insert into TICKET (TICKETID,MEMBERID,SEATROW,SEATNUMBER,THEATREID,SHOWDATE,MOVIEID,EMPID) values (798,null,'B',12,3,to_date('09-DEC-16 16:00:00','DD-MON-RR HH24:MI:SS'),7,4);
Insert into TICKET (TICKETID,MEMBERID,SEATROW,SEATNUMBER,THEATREID,SHOWDATE,MOVIEID,EMPID) values (799,null,'B',13,3,to_date('09-DEC-16 16:00:00','DD-MON-RR HH24:MI:SS'),7,4);
Insert into TICKET (TICKETID,MEMBERID,SEATROW,SEATNUMBER,THEATREID,SHOWDATE,MOVIEID,EMPID) values (800,null,'B',14,3,to_date('09-DEC-16 16:00:00','DD-MON-RR HH24:MI:SS'),7,4);
commit;
Insert into TICKET (TICKETID,MEMBERID,SEATROW,SEATNUMBER,THEATREID,SHOWDATE,MOVIEID,EMPID) values (801,null,'C',3,3,to_date('09-DEC-16 16:00:00','DD-MON-RR HH24:MI:SS'),7,3);
Insert into TICKET (TICKETID,MEMBERID,SEATROW,SEATNUMBER,THEATREID,SHOWDATE,MOVIEID,EMPID) values (802,null,'C',4,3,to_date('09-DEC-16 16:00:00','DD-MON-RR HH24:MI:SS'),7,3);
Insert into TICKET (TICKETID,MEMBERID,SEATROW,SEATNUMBER,THEATREID,SHOWDATE,MOVIEID,EMPID) values (803,null,'C',7,3,to_date('09-DEC-16 16:00:00','DD-MON-RR HH24:MI:SS'),7,4);
Insert into TICKET (TICKETID,MEMBERID,SEATROW,SEATNUMBER,THEATREID,SHOWDATE,MOVIEID,EMPID) values (804,null,'C',8,3,to_date('09-DEC-16 16:00:00','DD-MON-RR HH24:MI:SS'),7,4);
Insert into TICKET (TICKETID,MEMBERID,SEATROW,SEATNUMBER,THEATREID,SHOWDATE,MOVIEID,EMPID) values (805,null,'C',11,3,to_date('09-DEC-16 16:00:00','DD-MON-RR HH24:MI:SS'),7,3);
Insert into TICKET (TICKETID,MEMBERID,SEATROW,SEATNUMBER,THEATREID,SHOWDATE,MOVIEID,EMPID) values (806,null,'C',12,3,to_date('09-DEC-16 16:00:00','DD-MON-RR HH24:MI:SS'),7,3);
Insert into TICKET (TICKETID,MEMBERID,SEATROW,SEATNUMBER,THEATREID,SHOWDATE,MOVIEID,EMPID) values (807,null,'C',13,3,to_date('09-DEC-16 16:00:00','DD-MON-RR HH24:MI:SS'),7,3);
Insert into TICKET (TICKETID,MEMBERID,SEATROW,SEATNUMBER,THEATREID,SHOWDATE,MOVIEID,EMPID) values (808,null,'C',14,3,to_date('09-DEC-16 16:00:00','DD-MON-RR HH24:MI:SS'),7,4);
Insert into TICKET (TICKETID,MEMBERID,SEATROW,SEATNUMBER,THEATREID,SHOWDATE,MOVIEID,EMPID) values (809,null,'C',15,3,to_date('09-DEC-16 16:00:00','DD-MON-RR HH24:MI:SS'),7,4);
Insert into TICKET (TICKETID,MEMBERID,SEATROW,SEATNUMBER,THEATREID,SHOWDATE,MOVIEID,EMPID) values (810,null,'C',16,3,to_date('09-DEC-16 16:00:00','DD-MON-RR HH24:MI:SS'),7,4);
Insert into TICKET (TICKETID,MEMBERID,SEATROW,SEATNUMBER,THEATREID,SHOWDATE,MOVIEID,EMPID) values (811,null,'A',5,4,to_date('09-DEC-16 16:00:00','DD-MON-RR HH24:MI:SS'),8,3);
Insert into TICKET (TICKETID,MEMBERID,SEATROW,SEATNUMBER,THEATREID,SHOWDATE,MOVIEID,EMPID) values (812,null,'A',6,4,to_date('09-DEC-16 16:00:00','DD-MON-RR HH24:MI:SS'),8,3);
Insert into TICKET (TICKETID,MEMBERID,SEATROW,SEATNUMBER,THEATREID,SHOWDATE,MOVIEID,EMPID) values (813,null,'A',13,4,to_date('09-DEC-16 16:00:00','DD-MON-RR HH24:MI:SS'),8,4);
Insert into TICKET (TICKETID,MEMBERID,SEATROW,SEATNUMBER,THEATREID,SHOWDATE,MOVIEID,EMPID) values (814,null,'A',14,4,to_date('09-DEC-16 16:00:00','DD-MON-RR HH24:MI:SS'),8,3);
Insert into TICKET (TICKETID,MEMBERID,SEATROW,SEATNUMBER,THEATREID,SHOWDATE,MOVIEID,EMPID) values (815,null,'B',5,4,to_date('09-DEC-16 16:00:00','DD-MON-RR HH24:MI:SS'),8,4);
Insert into TICKET (TICKETID,MEMBERID,SEATROW,SEATNUMBER,THEATREID,SHOWDATE,MOVIEID,EMPID) values (816,null,'B',6,4,to_date('09-DEC-16 16:00:00','DD-MON-RR HH24:MI:SS'),8,4);
Insert into TICKET (TICKETID,MEMBERID,SEATROW,SEATNUMBER,THEATREID,SHOWDATE,MOVIEID,EMPID) values (817,null,'B',13,4,to_date('09-DEC-16 16:00:00','DD-MON-RR HH24:MI:SS'),8,4);
Insert into TICKET (TICKETID,MEMBERID,SEATROW,SEATNUMBER,THEATREID,SHOWDATE,MOVIEID,EMPID) values (818,null,'B',14,4,to_date('09-DEC-16 16:00:00','DD-MON-RR HH24:MI:SS'),8,4);
Insert into TICKET (TICKETID,MEMBERID,SEATROW,SEATNUMBER,THEATREID,SHOWDATE,MOVIEID,EMPID) values (819,null,'C',1,4,to_date('09-DEC-16 16:00:00','DD-MON-RR HH24:MI:SS'),8,3);
Insert into TICKET (TICKETID,MEMBERID,SEATROW,SEATNUMBER,THEATREID,SHOWDATE,MOVIEID,EMPID) values (820,null,'C',2,4,to_date('09-DEC-16 16:00:00','DD-MON-RR HH24:MI:SS'),8,3);
Insert into TICKET (TICKETID,MEMBERID,SEATROW,SEATNUMBER,THEATREID,SHOWDATE,MOVIEID,EMPID) values (821,null,'C',5,4,to_date('09-DEC-16 16:00:00','DD-MON-RR HH24:MI:SS'),8,4);
Insert into TICKET (TICKETID,MEMBERID,SEATROW,SEATNUMBER,THEATREID,SHOWDATE,MOVIEID,EMPID) values (822,null,'C',6,4,to_date('09-DEC-16 16:00:00','DD-MON-RR HH24:MI:SS'),8,4);
Insert into TICKET (TICKETID,MEMBERID,SEATROW,SEATNUMBER,THEATREID,SHOWDATE,MOVIEID,EMPID) values (823,null,'C',11,4,to_date('09-DEC-16 16:00:00','DD-MON-RR HH24:MI:SS'),8,3);
Insert into TICKET (TICKETID,MEMBERID,SEATROW,SEATNUMBER,THEATREID,SHOWDATE,MOVIEID,EMPID) values (824,null,'C',12,4,to_date('09-DEC-16 16:00:00','DD-MON-RR HH24:MI:SS'),8,3);
Insert into TICKET (TICKETID,MEMBERID,SEATROW,SEATNUMBER,THEATREID,SHOWDATE,MOVIEID,EMPID) values (825,null,'C',17,4,to_date('09-DEC-16 16:00:00','DD-MON-RR HH24:MI:SS'),8,4);
Insert into TICKET (TICKETID,MEMBERID,SEATROW,SEATNUMBER,THEATREID,SHOWDATE,MOVIEID,EMPID) values (826,null,'C',18,4,to_date('09-DEC-16 16:00:00','DD-MON-RR HH24:MI:SS'),8,4);
Insert into TICKET (TICKETID,MEMBERID,SEATROW,SEATNUMBER,THEATREID,SHOWDATE,MOVIEID,EMPID) values (827,null,'D',9,4,to_date('09-DEC-16 16:00:00','DD-MON-RR HH24:MI:SS'),8,3);
Insert into TICKET (TICKETID,MEMBERID,SEATROW,SEATNUMBER,THEATREID,SHOWDATE,MOVIEID,EMPID) values (828,null,'D',10,4,to_date('09-DEC-16 16:00:00','DD-MON-RR HH24:MI:SS'),8,3);
Insert into TICKET (TICKETID,MEMBERID,SEATROW,SEATNUMBER,THEATREID,SHOWDATE,MOVIEID,EMPID) values (829,null,'D',13,4,to_date('09-DEC-16 16:00:00','DD-MON-RR HH24:MI:SS'),8,3);
Insert into TICKET (TICKETID,MEMBERID,SEATROW,SEATNUMBER,THEATREID,SHOWDATE,MOVIEID,EMPID) values (830,null,'D',14,4,to_date('09-DEC-16 16:00:00','DD-MON-RR HH24:MI:SS'),8,3);
Insert into TICKET (TICKETID,MEMBERID,SEATROW,SEATNUMBER,THEATREID,SHOWDATE,MOVIEID,EMPID) values (831,null,'A',5,1,to_date('09-DEC-16 19:00:00','DD-MON-RR HH24:MI:SS'),5,4);
Insert into TICKET (TICKETID,MEMBERID,SEATROW,SEATNUMBER,THEATREID,SHOWDATE,MOVIEID,EMPID) values (832,null,'A',6,1,to_date('09-DEC-16 19:00:00','DD-MON-RR HH24:MI:SS'),5,3);
Insert into TICKET (TICKETID,MEMBERID,SEATROW,SEATNUMBER,THEATREID,SHOWDATE,MOVIEID,EMPID) values (833,null,'A',9,1,to_date('09-DEC-16 19:00:00','DD-MON-RR HH24:MI:SS'),5,3);
Insert into TICKET (TICKETID,MEMBERID,SEATROW,SEATNUMBER,THEATREID,SHOWDATE,MOVIEID,EMPID) values (834,null,'A',10,1,to_date('09-DEC-16 19:00:00','DD-MON-RR HH24:MI:SS'),5,4);
Insert into TICKET (TICKETID,MEMBERID,SEATROW,SEATNUMBER,THEATREID,SHOWDATE,MOVIEID,EMPID) values (835,null,'A',11,1,to_date('09-DEC-16 19:00:00','DD-MON-RR HH24:MI:SS'),5,4);
Insert into TICKET (TICKETID,MEMBERID,SEATROW,SEATNUMBER,THEATREID,SHOWDATE,MOVIEID,EMPID) values (836,null,'A',12,1,to_date('09-DEC-16 19:00:00','DD-MON-RR HH24:MI:SS'),5,4);
Insert into TICKET (TICKETID,MEMBERID,SEATROW,SEATNUMBER,THEATREID,SHOWDATE,MOVIEID,EMPID) values (837,null,'B',5,1,to_date('09-DEC-16 19:00:00','DD-MON-RR HH24:MI:SS'),5,3);
Insert into TICKET (TICKETID,MEMBERID,SEATROW,SEATNUMBER,THEATREID,SHOWDATE,MOVIEID,EMPID) values (838,null,'B',7,1,to_date('09-DEC-16 19:00:00','DD-MON-RR HH24:MI:SS'),5,4);
Insert into TICKET (TICKETID,MEMBERID,SEATROW,SEATNUMBER,THEATREID,SHOWDATE,MOVIEID,EMPID) values (839,null,'B',9,1,to_date('09-DEC-16 19:00:00','DD-MON-RR HH24:MI:SS'),5,3);
Insert into TICKET (TICKETID,MEMBERID,SEATROW,SEATNUMBER,THEATREID,SHOWDATE,MOVIEID,EMPID) values (840,null,'B',11,1,to_date('09-DEC-16 19:00:00','DD-MON-RR HH24:MI:SS'),5,4);
Insert into TICKET (TICKETID,MEMBERID,SEATROW,SEATNUMBER,THEATREID,SHOWDATE,MOVIEID,EMPID) values (841,null,'B',12,1,to_date('09-DEC-16 19:00:00','DD-MON-RR HH24:MI:SS'),5,4);
Insert into TICKET (TICKETID,MEMBERID,SEATROW,SEATNUMBER,THEATREID,SHOWDATE,MOVIEID,EMPID) values (842,null,'B',13,1,to_date('09-DEC-16 19:00:00','DD-MON-RR HH24:MI:SS'),5,4);
Insert into TICKET (TICKETID,MEMBERID,SEATROW,SEATNUMBER,THEATREID,SHOWDATE,MOVIEID,EMPID) values (843,null,'C',5,1,to_date('09-DEC-16 19:00:00','DD-MON-RR HH24:MI:SS'),5,3);
Insert into TICKET (TICKETID,MEMBERID,SEATROW,SEATNUMBER,THEATREID,SHOWDATE,MOVIEID,EMPID) values (844,null,'C',6,1,to_date('09-DEC-16 19:00:00','DD-MON-RR HH24:MI:SS'),5,3);
Insert into TICKET (TICKETID,MEMBERID,SEATROW,SEATNUMBER,THEATREID,SHOWDATE,MOVIEID,EMPID) values (845,null,'C',7,1,to_date('09-DEC-16 19:00:00','DD-MON-RR HH24:MI:SS'),5,4);
Insert into TICKET (TICKETID,MEMBERID,SEATROW,SEATNUMBER,THEATREID,SHOWDATE,MOVIEID,EMPID) values (846,null,'C',8,1,to_date('09-DEC-16 19:00:00','DD-MON-RR HH24:MI:SS'),5,4);
Insert into TICKET (TICKETID,MEMBERID,SEATROW,SEATNUMBER,THEATREID,SHOWDATE,MOVIEID,EMPID) values (847,null,'C',9,1,to_date('09-DEC-16 19:00:00','DD-MON-RR HH24:MI:SS'),5,3);
Insert into TICKET (TICKETID,MEMBERID,SEATROW,SEATNUMBER,THEATREID,SHOWDATE,MOVIEID,EMPID) values (848,null,'C',10,1,to_date('09-DEC-16 19:00:00','DD-MON-RR HH24:MI:SS'),5,3);
Insert into TICKET (TICKETID,MEMBERID,SEATROW,SEATNUMBER,THEATREID,SHOWDATE,MOVIEID,EMPID) values (849,null,'C',11,1,to_date('09-DEC-16 19:00:00','DD-MON-RR HH24:MI:SS'),5,3);
Insert into TICKET (TICKETID,MEMBERID,SEATROW,SEATNUMBER,THEATREID,SHOWDATE,MOVIEID,EMPID) values (850,null,'C',12,1,to_date('09-DEC-16 19:00:00','DD-MON-RR HH24:MI:SS'),5,3);
Insert into TICKET (TICKETID,MEMBERID,SEATROW,SEATNUMBER,THEATREID,SHOWDATE,MOVIEID,EMPID) values (851,null,'C',1,2,to_date('09-DEC-16 19:00:00','DD-MON-RR HH24:MI:SS'),6,4);
Insert into TICKET (TICKETID,MEMBERID,SEATROW,SEATNUMBER,THEATREID,SHOWDATE,MOVIEID,EMPID) values (852,null,'C',2,2,to_date('09-DEC-16 19:00:00','DD-MON-RR HH24:MI:SS'),6,4);
Insert into TICKET (TICKETID,MEMBERID,SEATROW,SEATNUMBER,THEATREID,SHOWDATE,MOVIEID,EMPID) values (853,null,'C',7,2,to_date('09-DEC-16 19:00:00','DD-MON-RR HH24:MI:SS'),6,4);
Insert into TICKET (TICKETID,MEMBERID,SEATROW,SEATNUMBER,THEATREID,SHOWDATE,MOVIEID,EMPID) values (854,null,'C',10,2,to_date('09-DEC-16 19:00:00','DD-MON-RR HH24:MI:SS'),6,3);
Insert into TICKET (TICKETID,MEMBERID,SEATROW,SEATNUMBER,THEATREID,SHOWDATE,MOVIEID,EMPID) values (855,null,'C',11,2,to_date('09-DEC-16 19:00:00','DD-MON-RR HH24:MI:SS'),6,3);
Insert into TICKET (TICKETID,MEMBERID,SEATROW,SEATNUMBER,THEATREID,SHOWDATE,MOVIEID,EMPID) values (856,null,'C',12,2,to_date('09-DEC-16 19:00:00','DD-MON-RR HH24:MI:SS'),6,3);
Insert into TICKET (TICKETID,MEMBERID,SEATROW,SEATNUMBER,THEATREID,SHOWDATE,MOVIEID,EMPID) values (857,null,'D',5,2,to_date('09-DEC-16 19:00:00','DD-MON-RR HH24:MI:SS'),6,4);
Insert into TICKET (TICKETID,MEMBERID,SEATROW,SEATNUMBER,THEATREID,SHOWDATE,MOVIEID,EMPID) values (858,null,'D',6,2,to_date('09-DEC-16 19:00:00','DD-MON-RR HH24:MI:SS'),6,4);
Insert into TICKET (TICKETID,MEMBERID,SEATROW,SEATNUMBER,THEATREID,SHOWDATE,MOVIEID,EMPID) values (859,null,'D',13,2,to_date('09-DEC-16 19:00:00','DD-MON-RR HH24:MI:SS'),6,3);
Insert into TICKET (TICKETID,MEMBERID,SEATROW,SEATNUMBER,THEATREID,SHOWDATE,MOVIEID,EMPID) values (860,null,'D',14,2,to_date('09-DEC-16 19:00:00','DD-MON-RR HH24:MI:SS'),6,3);
Insert into TICKET (TICKETID,MEMBERID,SEATROW,SEATNUMBER,THEATREID,SHOWDATE,MOVIEID,EMPID) values (861,null,'A',5,3,to_date('09-DEC-16 20:00:00','DD-MON-RR HH24:MI:SS'),7,3);
Insert into TICKET (TICKETID,MEMBERID,SEATROW,SEATNUMBER,THEATREID,SHOWDATE,MOVIEID,EMPID) values (862,null,'A',6,3,to_date('09-DEC-16 20:00:00','DD-MON-RR HH24:MI:SS'),7,3);
Insert into TICKET (TICKETID,MEMBERID,SEATROW,SEATNUMBER,THEATREID,SHOWDATE,MOVIEID,EMPID) values (863,null,'A',11,3,to_date('09-DEC-16 20:00:00','DD-MON-RR HH24:MI:SS'),7,4);
Insert into TICKET (TICKETID,MEMBERID,SEATROW,SEATNUMBER,THEATREID,SHOWDATE,MOVIEID,EMPID) values (864,null,'A',12,3,to_date('09-DEC-16 20:00:00','DD-MON-RR HH24:MI:SS'),7,4);
Insert into TICKET (TICKETID,MEMBERID,SEATROW,SEATNUMBER,THEATREID,SHOWDATE,MOVIEID,EMPID) values (865,null,'B',9,3,to_date('09-DEC-16 20:00:00','DD-MON-RR HH24:MI:SS'),7,3);
Insert into TICKET (TICKETID,MEMBERID,SEATROW,SEATNUMBER,THEATREID,SHOWDATE,MOVIEID,EMPID) values (866,null,'B',10,3,to_date('09-DEC-16 20:00:00','DD-MON-RR HH24:MI:SS'),7,3);
Insert into TICKET (TICKETID,MEMBERID,SEATROW,SEATNUMBER,THEATREID,SHOWDATE,MOVIEID,EMPID) values (867,null,'B',15,3,to_date('09-DEC-16 20:00:00','DD-MON-RR HH24:MI:SS'),7,4);
Insert into TICKET (TICKETID,MEMBERID,SEATROW,SEATNUMBER,THEATREID,SHOWDATE,MOVIEID,EMPID) values (868,null,'B',16,3,to_date('09-DEC-16 20:00:00','DD-MON-RR HH24:MI:SS'),7,4);
Insert into TICKET (TICKETID,MEMBERID,SEATROW,SEATNUMBER,THEATREID,SHOWDATE,MOVIEID,EMPID) values (869,null,'C',3,3,to_date('09-DEC-16 20:00:00','DD-MON-RR HH24:MI:SS'),7,3);
Insert into TICKET (TICKETID,MEMBERID,SEATROW,SEATNUMBER,THEATREID,SHOWDATE,MOVIEID,EMPID) values (870,null,'C',4,3,to_date('09-DEC-16 20:00:00','DD-MON-RR HH24:MI:SS'),7,3);
Insert into TICKET (TICKETID,MEMBERID,SEATROW,SEATNUMBER,THEATREID,SHOWDATE,MOVIEID,EMPID) values (871,null,'C',5,3,to_date('09-DEC-16 20:00:00','DD-MON-RR HH24:MI:SS'),7,4);
Insert into TICKET (TICKETID,MEMBERID,SEATROW,SEATNUMBER,THEATREID,SHOWDATE,MOVIEID,EMPID) values (872,null,'C',6,3,to_date('09-DEC-16 20:00:00','DD-MON-RR HH24:MI:SS'),7,4);
Insert into TICKET (TICKETID,MEMBERID,SEATROW,SEATNUMBER,THEATREID,SHOWDATE,MOVIEID,EMPID) values (873,null,'C',11,3,to_date('09-DEC-16 20:00:00','DD-MON-RR HH24:MI:SS'),7,3);
Insert into TICKET (TICKETID,MEMBERID,SEATROW,SEATNUMBER,THEATREID,SHOWDATE,MOVIEID,EMPID) values (874,null,'C',12,3,to_date('09-DEC-16 20:00:00','DD-MON-RR HH24:MI:SS'),7,3);
Insert into TICKET (TICKETID,MEMBERID,SEATROW,SEATNUMBER,THEATREID,SHOWDATE,MOVIEID,EMPID) values (875,null,'C',13,3,to_date('09-DEC-16 20:00:00','DD-MON-RR HH24:MI:SS'),7,4);
Insert into TICKET (TICKETID,MEMBERID,SEATROW,SEATNUMBER,THEATREID,SHOWDATE,MOVIEID,EMPID) values (876,null,'C',14,3,to_date('09-DEC-16 20:00:00','DD-MON-RR HH24:MI:SS'),7,4);
Insert into TICKET (TICKETID,MEMBERID,SEATROW,SEATNUMBER,THEATREID,SHOWDATE,MOVIEID,EMPID) values (877,null,'D',3,3,to_date('09-DEC-16 20:00:00','DD-MON-RR HH24:MI:SS'),7,3);
Insert into TICKET (TICKETID,MEMBERID,SEATROW,SEATNUMBER,THEATREID,SHOWDATE,MOVIEID,EMPID) values (878,null,'D',5,3,to_date('09-DEC-16 20:00:00','DD-MON-RR HH24:MI:SS'),7,4);
Insert into TICKET (TICKETID,MEMBERID,SEATROW,SEATNUMBER,THEATREID,SHOWDATE,MOVIEID,EMPID) values (879,null,'D',13,3,to_date('09-DEC-16 20:00:00','DD-MON-RR HH24:MI:SS'),7,3);
Insert into TICKET (TICKETID,MEMBERID,SEATROW,SEATNUMBER,THEATREID,SHOWDATE,MOVIEID,EMPID) values (880,null,'D',15,3,to_date('09-DEC-16 20:00:00','DD-MON-RR HH24:MI:SS'),7,4);
Insert into TICKET (TICKETID,MEMBERID,SEATROW,SEATNUMBER,THEATREID,SHOWDATE,MOVIEID,EMPID) values (881,null,'A',5,4,to_date('09-DEC-16 20:00:00','DD-MON-RR HH24:MI:SS'),8,3);
Insert into TICKET (TICKETID,MEMBERID,SEATROW,SEATNUMBER,THEATREID,SHOWDATE,MOVIEID,EMPID) values (882,null,'A',6,4,to_date('09-DEC-16 20:00:00','DD-MON-RR HH24:MI:SS'),8,3);
Insert into TICKET (TICKETID,MEMBERID,SEATROW,SEATNUMBER,THEATREID,SHOWDATE,MOVIEID,EMPID) values (883,null,'A',7,4,to_date('09-DEC-16 20:00:00','DD-MON-RR HH24:MI:SS'),8,4);
Insert into TICKET (TICKETID,MEMBERID,SEATROW,SEATNUMBER,THEATREID,SHOWDATE,MOVIEID,EMPID) values (884,null,'A',8,4,to_date('09-DEC-16 20:00:00','DD-MON-RR HH24:MI:SS'),8,4);
Insert into TICKET (TICKETID,MEMBERID,SEATROW,SEATNUMBER,THEATREID,SHOWDATE,MOVIEID,EMPID) values (885,null,'A',11,4,to_date('09-DEC-16 20:00:00','DD-MON-RR HH24:MI:SS'),8,3);
Insert into TICKET (TICKETID,MEMBERID,SEATROW,SEATNUMBER,THEATREID,SHOWDATE,MOVIEID,EMPID) values (886,null,'A',12,4,to_date('09-DEC-16 20:00:00','DD-MON-RR HH24:MI:SS'),8,3);
Insert into TICKET (TICKETID,MEMBERID,SEATROW,SEATNUMBER,THEATREID,SHOWDATE,MOVIEID,EMPID) values (887,null,'A',17,4,to_date('09-DEC-16 20:00:00','DD-MON-RR HH24:MI:SS'),8,4);
Insert into TICKET (TICKETID,MEMBERID,SEATROW,SEATNUMBER,THEATREID,SHOWDATE,MOVIEID,EMPID) values (888,null,'A',18,4,to_date('09-DEC-16 20:00:00','DD-MON-RR HH24:MI:SS'),8,4);
Insert into TICKET (TICKETID,MEMBERID,SEATROW,SEATNUMBER,THEATREID,SHOWDATE,MOVIEID,EMPID) values (889,null,'B',7,4,to_date('09-DEC-16 20:00:00','DD-MON-RR HH24:MI:SS'),8,3);
Insert into TICKET (TICKETID,MEMBERID,SEATROW,SEATNUMBER,THEATREID,SHOWDATE,MOVIEID,EMPID) values (890,null,'B',8,4,to_date('09-DEC-16 20:00:00','DD-MON-RR HH24:MI:SS'),8,3);
Insert into TICKET (TICKETID,MEMBERID,SEATROW,SEATNUMBER,THEATREID,SHOWDATE,MOVIEID,EMPID) values (891,null,'B',9,4,to_date('09-DEC-16 20:00:00','DD-MON-RR HH24:MI:SS'),8,4);
Insert into TICKET (TICKETID,MEMBERID,SEATROW,SEATNUMBER,THEATREID,SHOWDATE,MOVIEID,EMPID) values (892,null,'B',10,4,to_date('09-DEC-16 20:00:00','DD-MON-RR HH24:MI:SS'),8,4);
Insert into TICKET (TICKETID,MEMBERID,SEATROW,SEATNUMBER,THEATREID,SHOWDATE,MOVIEID,EMPID) values (893,null,'B',11,4,to_date('09-DEC-16 20:00:00','DD-MON-RR HH24:MI:SS'),8,3);
Insert into TICKET (TICKETID,MEMBERID,SEATROW,SEATNUMBER,THEATREID,SHOWDATE,MOVIEID,EMPID) values (894,null,'B',12,4,to_date('09-DEC-16 20:00:00','DD-MON-RR HH24:MI:SS'),8,3);
Insert into TICKET (TICKETID,MEMBERID,SEATROW,SEATNUMBER,THEATREID,SHOWDATE,MOVIEID,EMPID) values (895,null,'B',13,4,to_date('09-DEC-16 20:00:00','DD-MON-RR HH24:MI:SS'),8,4);
Insert into TICKET (TICKETID,MEMBERID,SEATROW,SEATNUMBER,THEATREID,SHOWDATE,MOVIEID,EMPID) values (896,null,'B',15,4,to_date('09-DEC-16 20:00:00','DD-MON-RR HH24:MI:SS'),8,3);
Insert into TICKET (TICKETID,MEMBERID,SEATROW,SEATNUMBER,THEATREID,SHOWDATE,MOVIEID,EMPID) values (897,null,'C',5,4,to_date('09-DEC-16 20:00:00','DD-MON-RR HH24:MI:SS'),8,4);
Insert into TICKET (TICKETID,MEMBERID,SEATROW,SEATNUMBER,THEATREID,SHOWDATE,MOVIEID,EMPID) values (898,null,'C',10,4,to_date('09-DEC-16 20:00:00','DD-MON-RR HH24:MI:SS'),8,3);
Insert into TICKET (TICKETID,MEMBERID,SEATROW,SEATNUMBER,THEATREID,SHOWDATE,MOVIEID,EMPID) values (899,null,'C',11,4,to_date('09-DEC-16 20:00:00','DD-MON-RR HH24:MI:SS'),8,3);
Insert into TICKET (TICKETID,MEMBERID,SEATROW,SEATNUMBER,THEATREID,SHOWDATE,MOVIEID,EMPID) values (900,null,'C',16,4,to_date('09-DEC-16 20:00:00','DD-MON-RR HH24:MI:SS'),8,4);
commit;
