--------------------------------------------------------
--  File created - วันพุธ-ธันวาคม-07-2559   
--------------------------------------------------------
--------------------------------------------------------
--  DDL for Table ACTOR
--------------------------------------------------------

  CREATE TABLE "WATCHANAN"."ACTOR" 
   (	"MOVIEID" NUMBER(10,0), 
	"ACTORNAME" VARCHAR2(70 BYTE)
   ) SEGMENT CREATION IMMEDIATE 
  PCTFREE 10 PCTUSED 40 INITRANS 1 MAXTRANS 255 NOCOMPRESS LOGGING
  STORAGE(INITIAL 65536 NEXT 1048576 MINEXTENTS 1 MAXEXTENTS 2147483645
  PCTINCREASE 0 FREELISTS 1 FREELIST GROUPS 1 BUFFER_POOL DEFAULT FLASH_CACHE DEFAULT CELL_FLASH_CACHE DEFAULT)
  TABLESPACE "SYSTEM" ;
--------------------------------------------------------
--  DDL for Table EMPLOYEE
--------------------------------------------------------

  CREATE TABLE "WATCHANAN"."EMPLOYEE" 
   (	"EMPID" NUMBER(10,0), 
	"JOBPOSITION" VARCHAR2(20 BYTE) DEFAULT 'Staff', 
	"SALARY" NUMBER(10,0) DEFAULT 0, 
	"CITIZENID" VARCHAR2(13 BYTE)
   ) SEGMENT CREATION IMMEDIATE 
  PCTFREE 10 PCTUSED 40 INITRANS 1 MAXTRANS 255 NOCOMPRESS LOGGING
  STORAGE(INITIAL 65536 NEXT 1048576 MINEXTENTS 1 MAXEXTENTS 2147483645
  PCTINCREASE 0 FREELISTS 1 FREELIST GROUPS 1 BUFFER_POOL DEFAULT FLASH_CACHE DEFAULT CELL_FLASH_CACHE DEFAULT)
  TABLESPACE "SYSTEM" ;
--------------------------------------------------------
--  DDL for Table FOOD
--------------------------------------------------------

  CREATE TABLE "WATCHANAN"."FOOD" 
   (	"FOODID" NUMBER(10,0), 
	"NAME" VARCHAR2(35 BYTE), 
	"TYPE" VARCHAR2(35 BYTE), 
	"PRICE" NUMBER(10,0) DEFAULT 0
   ) SEGMENT CREATION IMMEDIATE 
  PCTFREE 10 PCTUSED 40 INITRANS 1 MAXTRANS 255 NOCOMPRESS LOGGING
  STORAGE(INITIAL 65536 NEXT 1048576 MINEXTENTS 1 MAXEXTENTS 2147483645
  PCTINCREASE 0 FREELISTS 1 FREELIST GROUPS 1 BUFFER_POOL DEFAULT FLASH_CACHE DEFAULT CELL_FLASH_CACHE DEFAULT)
  TABLESPACE "SYSTEM" ;
--------------------------------------------------------
--  DDL for Table MEMBER
--------------------------------------------------------

  CREATE TABLE "WATCHANAN"."MEMBER" 
   (	"MEMBERID" NUMBER(10,0), 
	"STARTDATE" DATE, 
	"EXPIRYDATE" DATE, 
	"CITIZENID" VARCHAR2(13 BYTE)
   ) SEGMENT CREATION IMMEDIATE 
  PCTFREE 10 PCTUSED 40 INITRANS 1 MAXTRANS 255 NOCOMPRESS LOGGING
  STORAGE(INITIAL 65536 NEXT 1048576 MINEXTENTS 1 MAXEXTENTS 2147483645
  PCTINCREASE 0 FREELISTS 1 FREELIST GROUPS 1 BUFFER_POOL DEFAULT FLASH_CACHE DEFAULT CELL_FLASH_CACHE DEFAULT)
  TABLESPACE "SYSTEM" ;
--------------------------------------------------------
--  DDL for Table MOVIE
--------------------------------------------------------

  CREATE TABLE "WATCHANAN"."MOVIE" 
   (	"MOVIEID" NUMBER(10,0), 
	"MOVIENAME" VARCHAR2(70 BYTE), 
	"CATEGORY" VARCHAR2(20 BYTE), 
	"DIRECTOR" VARCHAR2(70 BYTE), 
	"SHORTDESCRIPTION" VARCHAR2(4000 BYTE), 
	"DURATION" NUMBER(4,0), 
	"PLAYCOUNT" NUMBER(10,0) DEFAULT 0, 
	"STATUS" VARCHAR2(20 BYTE), 
	"SHOWDATE" DATE
   ) SEGMENT CREATION IMMEDIATE 
  PCTFREE 10 PCTUSED 40 INITRANS 1 MAXTRANS 255 NOCOMPRESS LOGGING
  STORAGE(INITIAL 65536 NEXT 1048576 MINEXTENTS 1 MAXEXTENTS 2147483645
  PCTINCREASE 0 FREELISTS 1 FREELIST GROUPS 1 BUFFER_POOL DEFAULT FLASH_CACHE DEFAULT CELL_FLASH_CACHE DEFAULT)
  TABLESPACE "SYSTEM" ;
--------------------------------------------------------
--  DDL for Table PERSON
--------------------------------------------------------

  CREATE TABLE "WATCHANAN"."PERSON" 
   (	"CITIZENID" VARCHAR2(13 BYTE), 
	"FNAME" VARCHAR2(35 BYTE), 
	"LNAME" VARCHAR2(35 BYTE), 
	"GENDER" CHAR(1 BYTE), 
	"BIRTHDATE" DATE, 
	"ADDRESS" VARCHAR2(95 BYTE), 
	"EMAIL" VARCHAR2(62 BYTE), 
	"USERNAME" VARCHAR2(20 BYTE), 
	"PASSWORD" VARCHAR2(20 BYTE)
   ) SEGMENT CREATION IMMEDIATE 
  PCTFREE 10 PCTUSED 40 INITRANS 1 MAXTRANS 255 NOCOMPRESS LOGGING
  STORAGE(INITIAL 65536 NEXT 1048576 MINEXTENTS 1 MAXEXTENTS 2147483645
  PCTINCREASE 0 FREELISTS 1 FREELIST GROUPS 1 BUFFER_POOL DEFAULT FLASH_CACHE DEFAULT CELL_FLASH_CACHE DEFAULT)
  TABLESPACE "SYSTEM" ;
--------------------------------------------------------
--  DDL for Table REVIEW
--------------------------------------------------------

  CREATE TABLE "WATCHANAN"."REVIEW" 
   (	"MOVIEID" NUMBER(10,0), 
	"MEMBERID" NUMBER(10,0), 
	"RATING" NUMBER(2,0) DEFAULT 0, 
	"COMMENTS" VARCHAR2(4000 BYTE)
   ) SEGMENT CREATION IMMEDIATE 
  PCTFREE 10 PCTUSED 40 INITRANS 1 MAXTRANS 255 NOCOMPRESS LOGGING
  STORAGE(INITIAL 65536 NEXT 1048576 MINEXTENTS 1 MAXEXTENTS 2147483645
  PCTINCREASE 0 FREELISTS 1 FREELIST GROUPS 1 BUFFER_POOL DEFAULT FLASH_CACHE DEFAULT CELL_FLASH_CACHE DEFAULT)
  TABLESPACE "SYSTEM" ;
--------------------------------------------------------
--  DDL for Table SEAT
--------------------------------------------------------

  CREATE TABLE "WATCHANAN"."SEAT" 
   (	"SEATROW" VARCHAR2(1 BYTE), 
	"SEATNUMBER" NUMBER(4,0), 
	"ZONE" VARCHAR2(20 BYTE) DEFAULT 'General', 
	"THEATREID" NUMBER(2,0)
   ) SEGMENT CREATION IMMEDIATE 
  PCTFREE 10 PCTUSED 40 INITRANS 1 MAXTRANS 255 NOCOMPRESS LOGGING
  STORAGE(INITIAL 65536 NEXT 1048576 MINEXTENTS 1 MAXEXTENTS 2147483645
  PCTINCREASE 0 FREELISTS 1 FREELIST GROUPS 1 BUFFER_POOL DEFAULT FLASH_CACHE DEFAULT CELL_FLASH_CACHE DEFAULT)
  TABLESPACE "SYSTEM" ;
--------------------------------------------------------
--  DDL for Table SELL
--------------------------------------------------------

  CREATE TABLE "WATCHANAN"."SELL" 
   (	"FOODID" NUMBER(10,0), 
	"EMPID" NUMBER(10,0), 
	"SDATE" DATE, 
	"AMOUNT" NUMBER(10,0) DEFAULT 0
   ) SEGMENT CREATION IMMEDIATE 
  PCTFREE 10 PCTUSED 40 INITRANS 1 MAXTRANS 255 NOCOMPRESS LOGGING
  STORAGE(INITIAL 65536 NEXT 1048576 MINEXTENTS 1 MAXEXTENTS 2147483645
  PCTINCREASE 0 FREELISTS 1 FREELIST GROUPS 1 BUFFER_POOL DEFAULT FLASH_CACHE DEFAULT CELL_FLASH_CACHE DEFAULT)
  TABLESPACE "SYSTEM" ;
--------------------------------------------------------
--  DDL for Table SHOWTIME
--------------------------------------------------------

  CREATE TABLE "WATCHANAN"."SHOWTIME" 
   (	"SHOWDATE" DATE, 
	"MOVIEID" NUMBER(10,0), 
	"THEATREID" NUMBER(2,0) DEFAULT 0
   ) SEGMENT CREATION IMMEDIATE 
  PCTFREE 10 PCTUSED 40 INITRANS 1 MAXTRANS 255 NOCOMPRESS LOGGING
  STORAGE(INITIAL 65536 NEXT 1048576 MINEXTENTS 1 MAXEXTENTS 2147483645
  PCTINCREASE 0 FREELISTS 1 FREELIST GROUPS 1 BUFFER_POOL DEFAULT FLASH_CACHE DEFAULT CELL_FLASH_CACHE DEFAULT)
  TABLESPACE "SYSTEM" ;
--------------------------------------------------------
--  DDL for Table THEATRE
--------------------------------------------------------

  CREATE TABLE "WATCHANAN"."THEATRE" 
   (	"THEATREID" NUMBER(2,0), 
	"SEATCAPACITY" NUMBER(3,0) DEFAULT 0
   ) SEGMENT CREATION IMMEDIATE 
  PCTFREE 10 PCTUSED 40 INITRANS 1 MAXTRANS 255 NOCOMPRESS LOGGING
  STORAGE(INITIAL 65536 NEXT 1048576 MINEXTENTS 1 MAXEXTENTS 2147483645
  PCTINCREASE 0 FREELISTS 1 FREELIST GROUPS 1 BUFFER_POOL DEFAULT FLASH_CACHE DEFAULT CELL_FLASH_CACHE DEFAULT)
  TABLESPACE "SYSTEM" ;
--------------------------------------------------------
--  DDL for Table TICKET
--------------------------------------------------------

  CREATE TABLE "WATCHANAN"."TICKET" 
   (	"TICKETID" NUMBER(10,0), 
	"MEMBERID" NUMBER(10,0), 
	"SEATROW" VARCHAR2(1 BYTE), 
	"SEATNUMBER" NUMBER(4,0), 
	"THEATREID" NUMBER(2,0), 
	"SHOWDATE" DATE, 
	"MOVIEID" NUMBER(10,0), 
	"EMPID" NUMBER(10,0)
   ) SEGMENT CREATION IMMEDIATE 
  PCTFREE 10 PCTUSED 40 INITRANS 1 MAXTRANS 255 NOCOMPRESS LOGGING
  STORAGE(INITIAL 65536 NEXT 1048576 MINEXTENTS 1 MAXEXTENTS 2147483645
  PCTINCREASE 0 FREELISTS 1 FREELIST GROUPS 1 BUFFER_POOL DEFAULT FLASH_CACHE DEFAULT CELL_FLASH_CACHE DEFAULT)
  TABLESPACE "SYSTEM" ;
--------------------------------------------------------
--  DDL for Sequence EMPLOYEE_SEQ
--------------------------------------------------------

   CREATE SEQUENCE  "WATCHANAN"."EMPLOYEE_SEQ"  MINVALUE 1 MAXVALUE 9999999999999999999999999999 INCREMENT BY 1 START WITH 21 CACHE 20 NOORDER  NOCYCLE ;
--------------------------------------------------------
--  DDL for Sequence FOOD_SEQ
--------------------------------------------------------

   CREATE SEQUENCE  "WATCHANAN"."FOOD_SEQ"  MINVALUE 1 MAXVALUE 9999999999999999999999999999 INCREMENT BY 1 START WITH 1 CACHE 20 NOORDER  NOCYCLE ;
--------------------------------------------------------
--  DDL for Sequence MEMBER_SEQ
--------------------------------------------------------

   CREATE SEQUENCE  "WATCHANAN"."MEMBER_SEQ"  MINVALUE 1 MAXVALUE 9999999999999999999999999999 INCREMENT BY 1 START WITH 21 CACHE 20 NOORDER  NOCYCLE ;
--------------------------------------------------------
--  DDL for Sequence MOVIE_SEQ
--------------------------------------------------------

   CREATE SEQUENCE  "WATCHANAN"."MOVIE_SEQ"  MINVALUE 1 MAXVALUE 9999999999999999999999999999 INCREMENT BY 1 START WITH 21 CACHE 20 NOORDER  NOCYCLE ;
--------------------------------------------------------
--  DDL for Sequence TICKET_SEQ
--------------------------------------------------------

   CREATE SEQUENCE  "WATCHANAN"."TICKET_SEQ"  MINVALUE 1 MAXVALUE 9999999999999999999999999999 INCREMENT BY 1 START WITH 21 CACHE 20 NOORDER  NOCYCLE ;
REM INSERTING into WATCHANAN.ACTOR
SET DEFINE OFF;
REM INSERTING into WATCHANAN.EMPLOYEE
SET DEFINE OFF;
Insert into WATCHANAN.EMPLOYEE (EMPID,JOBPOSITION,SALARY,CITIZENID) values (1,'Manager',2500,'1208412802272');
Insert into WATCHANAN.EMPLOYEE (EMPID,JOBPOSITION,SALARY,CITIZENID) values (2,'Accountant',1500,'1212425406260');
Insert into WATCHANAN.EMPLOYEE (EMPID,JOBPOSITION,SALARY,CITIZENID) values (3,'Satff',1000,'1276431783219');
Insert into WATCHANAN.EMPLOYEE (EMPID,JOBPOSITION,SALARY,CITIZENID) values (4,'Satff',1000,'1428877531783');
Insert into WATCHANAN.EMPLOYEE (EMPID,JOBPOSITION,SALARY,CITIZENID) values (5,'Satff',1000,'1468335868683');
Insert into WATCHANAN.EMPLOYEE (EMPID,JOBPOSITION,SALARY,CITIZENID) values (6,'Satff',1000,'1828253141115');
Insert into WATCHANAN.EMPLOYEE (EMPID,JOBPOSITION,SALARY,CITIZENID) values (7,'Cleaner',500,'2816463207348');
Insert into WATCHANAN.EMPLOYEE (EMPID,JOBPOSITION,SALARY,CITIZENID) values (8,'Cleaner',500,'3041255857816');
REM INSERTING into WATCHANAN.FOOD
SET DEFINE OFF;
REM INSERTING into WATCHANAN.MEMBER
SET DEFINE OFF;
Insert into WATCHANAN.MEMBER (MEMBERID,STARTDATE,EXPIRYDATE,CITIZENID) values (1,to_date('01/12/2016 00:00:00','DD/MM/YYYY HH24:MI:SS'),to_date('01/12/2017 00:00:00','DD/MM/YYYY HH24:MI:SS'),'3344575388531');
Insert into WATCHANAN.MEMBER (MEMBERID,STARTDATE,EXPIRYDATE,CITIZENID) values (2,to_date('01/12/2016 00:00:00','DD/MM/YYYY HH24:MI:SS'),to_date('01/12/2017 00:00:00','DD/MM/YYYY HH24:MI:SS'),'4381660441722');
Insert into WATCHANAN.MEMBER (MEMBERID,STARTDATE,EXPIRYDATE,CITIZENID) values (3,to_date('02/12/2016 00:00:00','DD/MM/YYYY HH24:MI:SS'),to_date('02/12/2017 00:00:00','DD/MM/YYYY HH24:MI:SS'),'5107315332413');
Insert into WATCHANAN.MEMBER (MEMBERID,STARTDATE,EXPIRYDATE,CITIZENID) values (4,to_date('05/12/2016 00:00:00','DD/MM/YYYY HH24:MI:SS'),to_date('05/12/2017 00:00:00','DD/MM/YYYY HH24:MI:SS'),'5582053484248');
Insert into WATCHANAN.MEMBER (MEMBERID,STARTDATE,EXPIRYDATE,CITIZENID) values (5,to_date('05/12/2016 00:00:00','DD/MM/YYYY HH24:MI:SS'),to_date('05/12/2017 00:00:00','DD/MM/YYYY HH24:MI:SS'),'5657605345050');
Insert into WATCHANAN.MEMBER (MEMBERID,STARTDATE,EXPIRYDATE,CITIZENID) values (6,to_date('05/12/2016 00:00:00','DD/MM/YYYY HH24:MI:SS'),to_date('05/12/2017 00:00:00','DD/MM/YYYY HH24:MI:SS'),'6324583038531');
Insert into WATCHANAN.MEMBER (MEMBERID,STARTDATE,EXPIRYDATE,CITIZENID) values (7,to_date('07/12/2016 00:00:00','DD/MM/YYYY HH24:MI:SS'),to_date('07/12/2017 00:00:00','DD/MM/YYYY HH24:MI:SS'),'6770282313551');
Insert into WATCHANAN.MEMBER (MEMBERID,STARTDATE,EXPIRYDATE,CITIZENID) values (8,to_date('07/12/2016 00:00:00','DD/MM/YYYY HH24:MI:SS'),to_date('07/12/2017 00:00:00','DD/MM/YYYY HH24:MI:SS'),'7085461784841');
Insert into WATCHANAN.MEMBER (MEMBERID,STARTDATE,EXPIRYDATE,CITIZENID) values (9,to_date('08/12/2016 00:00:00','DD/MM/YYYY HH24:MI:SS'),to_date('08/12/2017 00:00:00','DD/MM/YYYY HH24:MI:SS'),'7325307882666');
Insert into WATCHANAN.MEMBER (MEMBERID,STARTDATE,EXPIRYDATE,CITIZENID) values (10,to_date('11/12/2016 00:00:00','DD/MM/YYYY HH24:MI:SS'),to_date('11/12/2017 00:00:00','DD/MM/YYYY HH24:MI:SS'),'7372874747461');
Insert into WATCHANAN.MEMBER (MEMBERID,STARTDATE,EXPIRYDATE,CITIZENID) values (11,to_date('15/12/2016 00:00:00','DD/MM/YYYY HH24:MI:SS'),to_date('15/12/2017 00:00:00','DD/MM/YYYY HH24:MI:SS'),'8063213515341');
Insert into WATCHANAN.MEMBER (MEMBERID,STARTDATE,EXPIRYDATE,CITIZENID) values (12,to_date('16/12/2016 00:00:00','DD/MM/YYYY HH24:MI:SS'),to_date('16/12/2016 00:00:00','DD/MM/YYYY HH24:MI:SS'),'8456872381711');
REM INSERTING into WATCHANAN.MOVIE
SET DEFINE OFF;
Insert into WATCHANAN.MOVIE (MOVIEID,MOVIENAME,CATEGORY,DIRECTOR,SHORTDESCRIPTION,DURATION,PLAYCOUNT,STATUS,SHOWDATE) values (1,'Musical Touken Ranbu','Music','Tommy','This is a movie which can entertains you.',210,null,null,to_date('04/12/2016 00:00:00','DD/MM/YYYY HH24:MI:SS'));
Insert into WATCHANAN.MOVIE (MOVIEID,MOVIENAME,CATEGORY,DIRECTOR,SHORTDESCRIPTION,DURATION,PLAYCOUNT,STATUS,SHOWDATE) values (2,'20 Mai','Romantic','สายสมร','20 ไหม ไง',120,null,null,to_date('04/12/2016 00:00:00','DD/MM/YYYY HH24:MI:SS'));
Insert into WATCHANAN.MOVIE (MOVIEID,MOVIENAME,CATEGORY,DIRECTOR,SHORTDESCRIPTION,DURATION,PLAYCOUNT,STATUS,SHOWDATE) values (3,'Fantastic Beasts','Fantasy',null,null,132,null,null,to_date('28/11/1973 00:00:00','DD/MM/YYYY HH24:MI:SS'));
Insert into WATCHANAN.MOVIE (MOVIEID,MOVIENAME,CATEGORY,DIRECTOR,SHORTDESCRIPTION,DURATION,PLAYCOUNT,STATUS,SHOWDATE) values (4,'A Monster Calls','Fantasy',null,null,109,null,null,to_date('28/11/1973 00:00:00','DD/MM/YYYY HH24:MI:SS'));
Insert into WATCHANAN.MOVIE (MOVIEID,MOVIENAME,CATEGORY,DIRECTOR,SHORTDESCRIPTION,DURATION,PLAYCOUNT,STATUS,SHOWDATE) values (5,'Moana','Adventure',null,null,113,null,null,to_date('28/11/1973 00:00:00','DD/MM/YYYY HH24:MI:SS'));
Insert into WATCHANAN.MOVIE (MOVIEID,MOVIENAME,CATEGORY,DIRECTOR,SHORTDESCRIPTION,DURATION,PLAYCOUNT,STATUS,SHOWDATE) values (6,'Nocturnal Animals','Life',null,null,116,null,null,to_date('28/11/1973 00:00:00','DD/MM/YYYY HH24:MI:SS'));
Insert into WATCHANAN.MOVIE (MOVIEID,MOVIENAME,CATEGORY,DIRECTOR,SHORTDESCRIPTION,DURATION,PLAYCOUNT,STATUS,SHOWDATE) values (7,'Trolls','Animation',null,null,92,null,null,to_date('28/11/1973 00:00:00','DD/MM/YYYY HH24:MI:SS'));
Insert into WATCHANAN.MOVIE (MOVIEID,MOVIENAME,CATEGORY,DIRECTOR,SHORTDESCRIPTION,DURATION,PLAYCOUNT,STATUS,SHOWDATE) values (8,'Billy Lynn Long Half Time walk','Life',null,null,113,null,null,to_date('28/11/1973 00:00:00','DD/MM/YYYY HH24:MI:SS'));
REM INSERTING into WATCHANAN.PERSON
SET DEFINE OFF;
Insert into WATCHANAN.PERSON (CITIZENID,FNAME,LNAME,GENDER,BIRTHDATE,ADDRESS,EMAIL,USERNAME,PASSWORD) values ('1208412802272','Joey','Sharleen','F',to_date('09/11/1992 00:00:00','DD/MM/YYYY HH24:MI:SS'),null,'Joey_Sharleen@mail.com','Joey','111');
Insert into WATCHANAN.PERSON (CITIZENID,FNAME,LNAME,GENDER,BIRTHDATE,ADDRESS,EMAIL,USERNAME,PASSWORD) values ('1212425406260','Sevda','Kourtney','F',to_date('21/01/1993 00:00:00','DD/MM/YYYY HH24:MI:SS'),null,'Sevda_Kourtney@mail.com','Sevda','222');
Insert into WATCHANAN.PERSON (CITIZENID,FNAME,LNAME,GENDER,BIRTHDATE,ADDRESS,EMAIL,USERNAME,PASSWORD) values ('1276431783219','Roddy','Daan
','M',to_date('17/08/1993 00:00:00','DD/MM/YYYY HH24:MI:SS'),null,'Roddy_Daan
@mail.com
','Roddy','333');
Insert into WATCHANAN.PERSON (CITIZENID,FNAME,LNAME,GENDER,BIRTHDATE,ADDRESS,EMAIL,USERNAME,PASSWORD) values ('1428877531783','Duane','Monty','M',to_date('05/03/1995 00:00:00','DD/MM/YYYY HH24:MI:SS'),null,'Duane_Monty@mail.com','Duane','444');
Insert into WATCHANAN.PERSON (CITIZENID,FNAME,LNAME,GENDER,BIRTHDATE,ADDRESS,EMAIL,USERNAME,PASSWORD) values ('1468335868683','Ned','Gerald','M',to_date('28/03/1995 00:00:00','DD/MM/YYYY HH24:MI:SS'),null,'Ned_Gerald@mail.com','Ned','555');
Insert into WATCHANAN.PERSON (CITIZENID,FNAME,LNAME,GENDER,BIRTHDATE,ADDRESS,EMAIL,USERNAME,PASSWORD) values ('1828253141115','Bryson','Randall','M',to_date('20/07/1995 00:00:00','DD/MM/YYYY HH24:MI:SS'),null,'Bryson_Randall@mail.com','Bryson','666');
Insert into WATCHANAN.PERSON (CITIZENID,FNAME,LNAME,GENDER,BIRTHDATE,ADDRESS,EMAIL,USERNAME,PASSWORD) values ('2816463207348','Marly','Joleen','F',to_date('08/07/1996 00:00:00','DD/MM/YYYY HH24:MI:SS'),null,'Marly_Joleen@mail.com','Marly','777');
Insert into WATCHANAN.PERSON (CITIZENID,FNAME,LNAME,GENDER,BIRTHDATE,ADDRESS,EMAIL,USERNAME,PASSWORD) values ('3041255857816','Susie','Liselot','F',to_date('26/12/1996 00:00:00','DD/MM/YYYY HH24:MI:SS'),null,'Susie_Liselot@mail.com','Susie','888');
Insert into WATCHANAN.PERSON (CITIZENID,FNAME,LNAME,GENDER,BIRTHDATE,ADDRESS,EMAIL,USERNAME,PASSWORD) values ('3344575388531','Payton','Marshal','M',to_date('14/02/1997 00:00:00','DD/MM/YYYY HH24:MI:SS'),null,'Payton_Marshal@mail.com','Payton','999');
Insert into WATCHANAN.PERSON (CITIZENID,FNAME,LNAME,GENDER,BIRTHDATE,ADDRESS,EMAIL,USERNAME,PASSWORD) values ('4381660441722','Mike','Audley','M',to_date('27/02/1997 00:00:00','DD/MM/YYYY HH24:MI:SS'),null,'Mike_Audley@mail.com','Mike','000');
Insert into WATCHANAN.PERSON (CITIZENID,FNAME,LNAME,GENDER,BIRTHDATE,ADDRESS,EMAIL,USERNAME,PASSWORD) values ('5107315332413','Raylene','Love','F',to_date('11/12/1997 00:00:00','DD/MM/YYYY HH24:MI:SS'),null,'Raylene_Love@mail.com','Raylene','111');
Insert into WATCHANAN.PERSON (CITIZENID,FNAME,LNAME,GENDER,BIRTHDATE,ADDRESS,EMAIL,USERNAME,PASSWORD) values ('5582053484248','Wilma','Rina','F',to_date('22/04/1998 00:00:00','DD/MM/YYYY HH24:MI:SS'),null,'Wilma_Rina@mail.com','Wilma','222');
Insert into WATCHANAN.PERSON (CITIZENID,FNAME,LNAME,GENDER,BIRTHDATE,ADDRESS,EMAIL,USERNAME,PASSWORD) values ('5657605345050','Max','Derya','M',to_date('12/05/1998 00:00:00','DD/MM/YYYY HH24:MI:SS'),null,'Max_Derya@mail.com','Max','333');
Insert into WATCHANAN.PERSON (CITIZENID,FNAME,LNAME,GENDER,BIRTHDATE,ADDRESS,EMAIL,USERNAME,PASSWORD) values ('6324583038531','Huub','Fletcher','M',to_date('13/10/1998 00:00:00','DD/MM/YYYY HH24:MI:SS'),null,'Huub_Fletcher@mail.com','Huub','444');
Insert into WATCHANAN.PERSON (CITIZENID,FNAME,LNAME,GENDER,BIRTHDATE,ADDRESS,EMAIL,USERNAME,PASSWORD) values ('6770282313551','Osbert','Byron','M',to_date('02/11/1998 00:00:00','DD/MM/YYYY HH24:MI:SS'),null,'Osbert_Byron@mail.com','Osbert','555');
Insert into WATCHANAN.PERSON (CITIZENID,FNAME,LNAME,GENDER,BIRTHDATE,ADDRESS,EMAIL,USERNAME,PASSWORD) values ('7085461784841','Scarlett','Debi','F',to_date('25/03/1999 00:00:00','DD/MM/YYYY HH24:MI:SS'),null,'Scarlett_Debi@mail.com','Scarlett','666');
Insert into WATCHANAN.PERSON (CITIZENID,FNAME,LNAME,GENDER,BIRTHDATE,ADDRESS,EMAIL,USERNAME,PASSWORD) values ('7325307882666','Angie','Gena','F',to_date('12/05/1999 00:00:00','DD/MM/YYYY HH24:MI:SS'),null,'Angie_Gena@mail.com','Angie','777');
Insert into WATCHANAN.PERSON (CITIZENID,FNAME,LNAME,GENDER,BIRTHDATE,ADDRESS,EMAIL,USERNAME,PASSWORD) values ('7372874747461','Carolien','Kailee','F',to_date('03/09/1999 00:00:00','DD/MM/YYYY HH24:MI:SS'),null,'Carolien_Kailee@mail.com','Carolien','888');
Insert into WATCHANAN.PERSON (CITIZENID,FNAME,LNAME,GENDER,BIRTHDATE,ADDRESS,EMAIL,USERNAME,PASSWORD) values ('8063213515341','Raine','Eduard','M',to_date('17/10/1999 00:00:00','DD/MM/YYYY HH24:MI:SS'),null,'Raine_Eduard@mail.com','Raine','999');
Insert into WATCHANAN.PERSON (CITIZENID,FNAME,LNAME,GENDER,BIRTHDATE,ADDRESS,EMAIL,USERNAME,PASSWORD) values ('8456872381711','Paula','Nena','F',to_date('18/12/1999 00:00:00','DD/MM/YYYY HH24:MI:SS'),null,'Paula_Nena@mail.com','Paula','000');
REM INSERTING into WATCHANAN.REVIEW
SET DEFINE OFF;
REM INSERTING into WATCHANAN.SEAT
SET DEFINE OFF;
Insert into WATCHANAN.SEAT (SEATROW,SEATNUMBER,ZONE,THEATREID) values ('A',1,'General',1);
Insert into WATCHANAN.SEAT (SEATROW,SEATNUMBER,ZONE,THEATREID) values ('B',1,'General',1);
Insert into WATCHANAN.SEAT (SEATROW,SEATNUMBER,ZONE,THEATREID) values ('C',1,'General',1);
Insert into WATCHANAN.SEAT (SEATROW,SEATNUMBER,ZONE,THEATREID) values ('D',1,'General',1);
Insert into WATCHANAN.SEAT (SEATROW,SEATNUMBER,ZONE,THEATREID) values ('E',1,'General',1);
Insert into WATCHANAN.SEAT (SEATROW,SEATNUMBER,ZONE,THEATREID) values ('F',1,'General',1);
Insert into WATCHANAN.SEAT (SEATROW,SEATNUMBER,ZONE,THEATREID) values ('G',1,'General',1);
Insert into WATCHANAN.SEAT (SEATROW,SEATNUMBER,ZONE,THEATREID) values ('H',1,'General',1);
Insert into WATCHANAN.SEAT (SEATROW,SEATNUMBER,ZONE,THEATREID) values ('I',1,'General',1);
Insert into WATCHANAN.SEAT (SEATROW,SEATNUMBER,ZONE,THEATREID) values ('J',1,'General',1);
Insert into WATCHANAN.SEAT (SEATROW,SEATNUMBER,ZONE,THEATREID) values ('K',1,'General',1);
Insert into WATCHANAN.SEAT (SEATROW,SEATNUMBER,ZONE,THEATREID) values ('L',1,'General',1);
Insert into WATCHANAN.SEAT (SEATROW,SEATNUMBER,ZONE,THEATREID) values ('A',2,'General',1);
Insert into WATCHANAN.SEAT (SEATROW,SEATNUMBER,ZONE,THEATREID) values ('B',2,'General',1);
Insert into WATCHANAN.SEAT (SEATROW,SEATNUMBER,ZONE,THEATREID) values ('C',2,'General',1);
Insert into WATCHANAN.SEAT (SEATROW,SEATNUMBER,ZONE,THEATREID) values ('D',2,'General',1);
Insert into WATCHANAN.SEAT (SEATROW,SEATNUMBER,ZONE,THEATREID) values ('E',2,'General',1);
Insert into WATCHANAN.SEAT (SEATROW,SEATNUMBER,ZONE,THEATREID) values ('F',2,'General',1);
Insert into WATCHANAN.SEAT (SEATROW,SEATNUMBER,ZONE,THEATREID) values ('G',2,'General',1);
Insert into WATCHANAN.SEAT (SEATROW,SEATNUMBER,ZONE,THEATREID) values ('H',2,'General',1);
Insert into WATCHANAN.SEAT (SEATROW,SEATNUMBER,ZONE,THEATREID) values ('I',2,'General',1);
Insert into WATCHANAN.SEAT (SEATROW,SEATNUMBER,ZONE,THEATREID) values ('J',2,'General',1);
Insert into WATCHANAN.SEAT (SEATROW,SEATNUMBER,ZONE,THEATREID) values ('K',2,'General',1);
Insert into WATCHANAN.SEAT (SEATROW,SEATNUMBER,ZONE,THEATREID) values ('L',2,'General',1);
Insert into WATCHANAN.SEAT (SEATROW,SEATNUMBER,ZONE,THEATREID) values ('A',3,'General',1);
Insert into WATCHANAN.SEAT (SEATROW,SEATNUMBER,ZONE,THEATREID) values ('B',3,'General',1);
Insert into WATCHANAN.SEAT (SEATROW,SEATNUMBER,ZONE,THEATREID) values ('C',3,'General',1);
Insert into WATCHANAN.SEAT (SEATROW,SEATNUMBER,ZONE,THEATREID) values ('D',3,'General',1);
Insert into WATCHANAN.SEAT (SEATROW,SEATNUMBER,ZONE,THEATREID) values ('E',3,'General',1);
Insert into WATCHANAN.SEAT (SEATROW,SEATNUMBER,ZONE,THEATREID) values ('F',3,'General',1);
Insert into WATCHANAN.SEAT (SEATROW,SEATNUMBER,ZONE,THEATREID) values ('G',3,'General',1);
Insert into WATCHANAN.SEAT (SEATROW,SEATNUMBER,ZONE,THEATREID) values ('H',3,'General',1);
Insert into WATCHANAN.SEAT (SEATROW,SEATNUMBER,ZONE,THEATREID) values ('I',3,'General',1);
Insert into WATCHANAN.SEAT (SEATROW,SEATNUMBER,ZONE,THEATREID) values ('J',3,'General',1);
Insert into WATCHANAN.SEAT (SEATROW,SEATNUMBER,ZONE,THEATREID) values ('K',3,'General',1);
Insert into WATCHANAN.SEAT (SEATROW,SEATNUMBER,ZONE,THEATREID) values ('L',3,'General',1);
Insert into WATCHANAN.SEAT (SEATROW,SEATNUMBER,ZONE,THEATREID) values ('A',4,'General',1);
Insert into WATCHANAN.SEAT (SEATROW,SEATNUMBER,ZONE,THEATREID) values ('B',4,'General',1);
Insert into WATCHANAN.SEAT (SEATROW,SEATNUMBER,ZONE,THEATREID) values ('C',4,'General',1);
Insert into WATCHANAN.SEAT (SEATROW,SEATNUMBER,ZONE,THEATREID) values ('D',4,'General',1);
Insert into WATCHANAN.SEAT (SEATROW,SEATNUMBER,ZONE,THEATREID) values ('E',4,'General',1);
Insert into WATCHANAN.SEAT (SEATROW,SEATNUMBER,ZONE,THEATREID) values ('F',4,'General',1);
Insert into WATCHANAN.SEAT (SEATROW,SEATNUMBER,ZONE,THEATREID) values ('G',4,'General',1);
Insert into WATCHANAN.SEAT (SEATROW,SEATNUMBER,ZONE,THEATREID) values ('H',4,'General',1);
Insert into WATCHANAN.SEAT (SEATROW,SEATNUMBER,ZONE,THEATREID) values ('I',4,'General',1);
Insert into WATCHANAN.SEAT (SEATROW,SEATNUMBER,ZONE,THEATREID) values ('J',4,'General',1);
Insert into WATCHANAN.SEAT (SEATROW,SEATNUMBER,ZONE,THEATREID) values ('K',4,'General',1);
Insert into WATCHANAN.SEAT (SEATROW,SEATNUMBER,ZONE,THEATREID) values ('L',4,'General',1);
Insert into WATCHANAN.SEAT (SEATROW,SEATNUMBER,ZONE,THEATREID) values ('A',5,'General',1);
Insert into WATCHANAN.SEAT (SEATROW,SEATNUMBER,ZONE,THEATREID) values ('B',5,'General',1);
Insert into WATCHANAN.SEAT (SEATROW,SEATNUMBER,ZONE,THEATREID) values ('C',5,'General',1);
Insert into WATCHANAN.SEAT (SEATROW,SEATNUMBER,ZONE,THEATREID) values ('D',5,'General',1);
Insert into WATCHANAN.SEAT (SEATROW,SEATNUMBER,ZONE,THEATREID) values ('E',5,'General',1);
Insert into WATCHANAN.SEAT (SEATROW,SEATNUMBER,ZONE,THEATREID) values ('F',5,'General',1);
Insert into WATCHANAN.SEAT (SEATROW,SEATNUMBER,ZONE,THEATREID) values ('G',5,'General',1);
Insert into WATCHANAN.SEAT (SEATROW,SEATNUMBER,ZONE,THEATREID) values ('H',5,'General',1);
Insert into WATCHANAN.SEAT (SEATROW,SEATNUMBER,ZONE,THEATREID) values ('I',5,'General',1);
Insert into WATCHANAN.SEAT (SEATROW,SEATNUMBER,ZONE,THEATREID) values ('J',5,'General',1);
Insert into WATCHANAN.SEAT (SEATROW,SEATNUMBER,ZONE,THEATREID) values ('K',5,'General',1);
Insert into WATCHANAN.SEAT (SEATROW,SEATNUMBER,ZONE,THEATREID) values ('L',5,'General',1);
Insert into WATCHANAN.SEAT (SEATROW,SEATNUMBER,ZONE,THEATREID) values ('A',6,'General',1);
Insert into WATCHANAN.SEAT (SEATROW,SEATNUMBER,ZONE,THEATREID) values ('B',6,'General',1);
Insert into WATCHANAN.SEAT (SEATROW,SEATNUMBER,ZONE,THEATREID) values ('C',6,'General',1);
Insert into WATCHANAN.SEAT (SEATROW,SEATNUMBER,ZONE,THEATREID) values ('D',6,'General',1);
Insert into WATCHANAN.SEAT (SEATROW,SEATNUMBER,ZONE,THEATREID) values ('E',6,'General',1);
Insert into WATCHANAN.SEAT (SEATROW,SEATNUMBER,ZONE,THEATREID) values ('F',6,'General',1);
Insert into WATCHANAN.SEAT (SEATROW,SEATNUMBER,ZONE,THEATREID) values ('G',6,'General',1);
Insert into WATCHANAN.SEAT (SEATROW,SEATNUMBER,ZONE,THEATREID) values ('H',6,'General',1);
Insert into WATCHANAN.SEAT (SEATROW,SEATNUMBER,ZONE,THEATREID) values ('I',6,'General',1);
Insert into WATCHANAN.SEAT (SEATROW,SEATNUMBER,ZONE,THEATREID) values ('J',6,'General',1);
Insert into WATCHANAN.SEAT (SEATROW,SEATNUMBER,ZONE,THEATREID) values ('K',6,'General',1);
Insert into WATCHANAN.SEAT (SEATROW,SEATNUMBER,ZONE,THEATREID) values ('L',6,'General',1);
Insert into WATCHANAN.SEAT (SEATROW,SEATNUMBER,ZONE,THEATREID) values ('A',7,'General',1);
Insert into WATCHANAN.SEAT (SEATROW,SEATNUMBER,ZONE,THEATREID) values ('B',7,'General',1);
Insert into WATCHANAN.SEAT (SEATROW,SEATNUMBER,ZONE,THEATREID) values ('C',7,'General',1);
Insert into WATCHANAN.SEAT (SEATROW,SEATNUMBER,ZONE,THEATREID) values ('D',7,'General',1);
Insert into WATCHANAN.SEAT (SEATROW,SEATNUMBER,ZONE,THEATREID) values ('E',7,'General',1);
Insert into WATCHANAN.SEAT (SEATROW,SEATNUMBER,ZONE,THEATREID) values ('F',7,'General',1);
Insert into WATCHANAN.SEAT (SEATROW,SEATNUMBER,ZONE,THEATREID) values ('G',7,'General',1);
Insert into WATCHANAN.SEAT (SEATROW,SEATNUMBER,ZONE,THEATREID) values ('H',7,'General',1);
Insert into WATCHANAN.SEAT (SEATROW,SEATNUMBER,ZONE,THEATREID) values ('I',7,'General',1);
Insert into WATCHANAN.SEAT (SEATROW,SEATNUMBER,ZONE,THEATREID) values ('J',7,'General',1);
Insert into WATCHANAN.SEAT (SEATROW,SEATNUMBER,ZONE,THEATREID) values ('K',7,'General',1);
Insert into WATCHANAN.SEAT (SEATROW,SEATNUMBER,ZONE,THEATREID) values ('L',7,'General',1);
Insert into WATCHANAN.SEAT (SEATROW,SEATNUMBER,ZONE,THEATREID) values ('A',8,'General',1);
Insert into WATCHANAN.SEAT (SEATROW,SEATNUMBER,ZONE,THEATREID) values ('B',8,'General',1);
Insert into WATCHANAN.SEAT (SEATROW,SEATNUMBER,ZONE,THEATREID) values ('C',8,'General',1);
Insert into WATCHANAN.SEAT (SEATROW,SEATNUMBER,ZONE,THEATREID) values ('D',8,'General',1);
Insert into WATCHANAN.SEAT (SEATROW,SEATNUMBER,ZONE,THEATREID) values ('E',8,'General',1);
Insert into WATCHANAN.SEAT (SEATROW,SEATNUMBER,ZONE,THEATREID) values ('F',8,'General',1);
Insert into WATCHANAN.SEAT (SEATROW,SEATNUMBER,ZONE,THEATREID) values ('G',8,'General',1);
Insert into WATCHANAN.SEAT (SEATROW,SEATNUMBER,ZONE,THEATREID) values ('H',8,'General',1);
Insert into WATCHANAN.SEAT (SEATROW,SEATNUMBER,ZONE,THEATREID) values ('I',8,'General',1);
Insert into WATCHANAN.SEAT (SEATROW,SEATNUMBER,ZONE,THEATREID) values ('J',8,'General',1);
Insert into WATCHANAN.SEAT (SEATROW,SEATNUMBER,ZONE,THEATREID) values ('K',8,'General',1);
Insert into WATCHANAN.SEAT (SEATROW,SEATNUMBER,ZONE,THEATREID) values ('L',8,'General',1);
Insert into WATCHANAN.SEAT (SEATROW,SEATNUMBER,ZONE,THEATREID) values ('A',9,'General',1);
Insert into WATCHANAN.SEAT (SEATROW,SEATNUMBER,ZONE,THEATREID) values ('B',9,'General',1);
Insert into WATCHANAN.SEAT (SEATROW,SEATNUMBER,ZONE,THEATREID) values ('C',9,'General',1);
Insert into WATCHANAN.SEAT (SEATROW,SEATNUMBER,ZONE,THEATREID) values ('D',9,'General',1);
Insert into WATCHANAN.SEAT (SEATROW,SEATNUMBER,ZONE,THEATREID) values ('E',9,'General',1);
Insert into WATCHANAN.SEAT (SEATROW,SEATNUMBER,ZONE,THEATREID) values ('F',9,'General',1);
Insert into WATCHANAN.SEAT (SEATROW,SEATNUMBER,ZONE,THEATREID) values ('G',9,'General',1);
Insert into WATCHANAN.SEAT (SEATROW,SEATNUMBER,ZONE,THEATREID) values ('H',9,'General',1);
Insert into WATCHANAN.SEAT (SEATROW,SEATNUMBER,ZONE,THEATREID) values ('I',9,'General',1);
Insert into WATCHANAN.SEAT (SEATROW,SEATNUMBER,ZONE,THEATREID) values ('J',9,'General',1);
Insert into WATCHANAN.SEAT (SEATROW,SEATNUMBER,ZONE,THEATREID) values ('K',9,'General',1);
Insert into WATCHANAN.SEAT (SEATROW,SEATNUMBER,ZONE,THEATREID) values ('L',9,'General',1);
Insert into WATCHANAN.SEAT (SEATROW,SEATNUMBER,ZONE,THEATREID) values ('A',10,'General',1);
Insert into WATCHANAN.SEAT (SEATROW,SEATNUMBER,ZONE,THEATREID) values ('B',10,'General',1);
Insert into WATCHANAN.SEAT (SEATROW,SEATNUMBER,ZONE,THEATREID) values ('C',10,'General',1);
Insert into WATCHANAN.SEAT (SEATROW,SEATNUMBER,ZONE,THEATREID) values ('D',10,'General',1);
Insert into WATCHANAN.SEAT (SEATROW,SEATNUMBER,ZONE,THEATREID) values ('E',10,'General',1);
Insert into WATCHANAN.SEAT (SEATROW,SEATNUMBER,ZONE,THEATREID) values ('F',10,'General',1);
Insert into WATCHANAN.SEAT (SEATROW,SEATNUMBER,ZONE,THEATREID) values ('G',10,'General',1);
Insert into WATCHANAN.SEAT (SEATROW,SEATNUMBER,ZONE,THEATREID) values ('H',10,'General',1);
Insert into WATCHANAN.SEAT (SEATROW,SEATNUMBER,ZONE,THEATREID) values ('I',10,'General',1);
Insert into WATCHANAN.SEAT (SEATROW,SEATNUMBER,ZONE,THEATREID) values ('J',10,'General',1);
Insert into WATCHANAN.SEAT (SEATROW,SEATNUMBER,ZONE,THEATREID) values ('K',10,'General',1);
Insert into WATCHANAN.SEAT (SEATROW,SEATNUMBER,ZONE,THEATREID) values ('L',10,'General',1);
Insert into WATCHANAN.SEAT (SEATROW,SEATNUMBER,ZONE,THEATREID) values ('A',11,'General',1);
Insert into WATCHANAN.SEAT (SEATROW,SEATNUMBER,ZONE,THEATREID) values ('B',11,'General',1);
Insert into WATCHANAN.SEAT (SEATROW,SEATNUMBER,ZONE,THEATREID) values ('C',11,'General',1);
Insert into WATCHANAN.SEAT (SEATROW,SEATNUMBER,ZONE,THEATREID) values ('D',11,'General',1);
Insert into WATCHANAN.SEAT (SEATROW,SEATNUMBER,ZONE,THEATREID) values ('E',11,'General',1);
Insert into WATCHANAN.SEAT (SEATROW,SEATNUMBER,ZONE,THEATREID) values ('F',11,'General',1);
Insert into WATCHANAN.SEAT (SEATROW,SEATNUMBER,ZONE,THEATREID) values ('G',11,'General',1);
Insert into WATCHANAN.SEAT (SEATROW,SEATNUMBER,ZONE,THEATREID) values ('H',11,'General',1);
Insert into WATCHANAN.SEAT (SEATROW,SEATNUMBER,ZONE,THEATREID) values ('I',11,'General',1);
Insert into WATCHANAN.SEAT (SEATROW,SEATNUMBER,ZONE,THEATREID) values ('J',11,'General',1);
Insert into WATCHANAN.SEAT (SEATROW,SEATNUMBER,ZONE,THEATREID) values ('K',11,'General',1);
Insert into WATCHANAN.SEAT (SEATROW,SEATNUMBER,ZONE,THEATREID) values ('L',11,'General',1);
Insert into WATCHANAN.SEAT (SEATROW,SEATNUMBER,ZONE,THEATREID) values ('A',12,'General',1);
Insert into WATCHANAN.SEAT (SEATROW,SEATNUMBER,ZONE,THEATREID) values ('B',12,'General',1);
Insert into WATCHANAN.SEAT (SEATROW,SEATNUMBER,ZONE,THEATREID) values ('C',12,'General',1);
Insert into WATCHANAN.SEAT (SEATROW,SEATNUMBER,ZONE,THEATREID) values ('D',12,'General',1);
Insert into WATCHANAN.SEAT (SEATROW,SEATNUMBER,ZONE,THEATREID) values ('E',12,'General',1);
Insert into WATCHANAN.SEAT (SEATROW,SEATNUMBER,ZONE,THEATREID) values ('F',12,'General',1);
Insert into WATCHANAN.SEAT (SEATROW,SEATNUMBER,ZONE,THEATREID) values ('G',12,'General',1);
Insert into WATCHANAN.SEAT (SEATROW,SEATNUMBER,ZONE,THEATREID) values ('H',12,'General',1);
Insert into WATCHANAN.SEAT (SEATROW,SEATNUMBER,ZONE,THEATREID) values ('I',12,'General',1);
Insert into WATCHANAN.SEAT (SEATROW,SEATNUMBER,ZONE,THEATREID) values ('J',12,'General',1);
Insert into WATCHANAN.SEAT (SEATROW,SEATNUMBER,ZONE,THEATREID) values ('K',12,'General',1);
Insert into WATCHANAN.SEAT (SEATROW,SEATNUMBER,ZONE,THEATREID) values ('L',12,'General',1);
Insert into WATCHANAN.SEAT (SEATROW,SEATNUMBER,ZONE,THEATREID) values ('A',13,'General',1);
Insert into WATCHANAN.SEAT (SEATROW,SEATNUMBER,ZONE,THEATREID) values ('B',13,'General',1);
Insert into WATCHANAN.SEAT (SEATROW,SEATNUMBER,ZONE,THEATREID) values ('C',13,'General',1);
Insert into WATCHANAN.SEAT (SEATROW,SEATNUMBER,ZONE,THEATREID) values ('D',13,'General',1);
Insert into WATCHANAN.SEAT (SEATROW,SEATNUMBER,ZONE,THEATREID) values ('E',13,'General',1);
Insert into WATCHANAN.SEAT (SEATROW,SEATNUMBER,ZONE,THEATREID) values ('F',13,'General',1);
Insert into WATCHANAN.SEAT (SEATROW,SEATNUMBER,ZONE,THEATREID) values ('G',13,'General',1);
Insert into WATCHANAN.SEAT (SEATROW,SEATNUMBER,ZONE,THEATREID) values ('H',13,'General',1);
Insert into WATCHANAN.SEAT (SEATROW,SEATNUMBER,ZONE,THEATREID) values ('I',13,'General',1);
Insert into WATCHANAN.SEAT (SEATROW,SEATNUMBER,ZONE,THEATREID) values ('J',13,'General',1);
Insert into WATCHANAN.SEAT (SEATROW,SEATNUMBER,ZONE,THEATREID) values ('K',13,'General',1);
Insert into WATCHANAN.SEAT (SEATROW,SEATNUMBER,ZONE,THEATREID) values ('L',13,'General',1);
Insert into WATCHANAN.SEAT (SEATROW,SEATNUMBER,ZONE,THEATREID) values ('A',14,'General',1);
Insert into WATCHANAN.SEAT (SEATROW,SEATNUMBER,ZONE,THEATREID) values ('B',14,'General',1);
Insert into WATCHANAN.SEAT (SEATROW,SEATNUMBER,ZONE,THEATREID) values ('C',14,'General',1);
Insert into WATCHANAN.SEAT (SEATROW,SEATNUMBER,ZONE,THEATREID) values ('D',14,'General',1);
Insert into WATCHANAN.SEAT (SEATROW,SEATNUMBER,ZONE,THEATREID) values ('E',14,'General',1);
Insert into WATCHANAN.SEAT (SEATROW,SEATNUMBER,ZONE,THEATREID) values ('F',14,'General',1);
Insert into WATCHANAN.SEAT (SEATROW,SEATNUMBER,ZONE,THEATREID) values ('G',14,'General',1);
Insert into WATCHANAN.SEAT (SEATROW,SEATNUMBER,ZONE,THEATREID) values ('H',14,'General',1);
Insert into WATCHANAN.SEAT (SEATROW,SEATNUMBER,ZONE,THEATREID) values ('I',14,'General',1);
Insert into WATCHANAN.SEAT (SEATROW,SEATNUMBER,ZONE,THEATREID) values ('J',14,'General',1);
Insert into WATCHANAN.SEAT (SEATROW,SEATNUMBER,ZONE,THEATREID) values ('K',14,'General',1);
Insert into WATCHANAN.SEAT (SEATROW,SEATNUMBER,ZONE,THEATREID) values ('L',14,'General',1);
Insert into WATCHANAN.SEAT (SEATROW,SEATNUMBER,ZONE,THEATREID) values ('A',15,'General',1);
Insert into WATCHANAN.SEAT (SEATROW,SEATNUMBER,ZONE,THEATREID) values ('B',15,'General',1);
Insert into WATCHANAN.SEAT (SEATROW,SEATNUMBER,ZONE,THEATREID) values ('C',15,'General',1);
Insert into WATCHANAN.SEAT (SEATROW,SEATNUMBER,ZONE,THEATREID) values ('D',15,'General',1);
Insert into WATCHANAN.SEAT (SEATROW,SEATNUMBER,ZONE,THEATREID) values ('E',15,'General',1);
Insert into WATCHANAN.SEAT (SEATROW,SEATNUMBER,ZONE,THEATREID) values ('F',15,'General',1);
Insert into WATCHANAN.SEAT (SEATROW,SEATNUMBER,ZONE,THEATREID) values ('G',15,'General',1);
Insert into WATCHANAN.SEAT (SEATROW,SEATNUMBER,ZONE,THEATREID) values ('H',15,'General',1);
Insert into WATCHANAN.SEAT (SEATROW,SEATNUMBER,ZONE,THEATREID) values ('I',15,'General',1);
Insert into WATCHANAN.SEAT (SEATROW,SEATNUMBER,ZONE,THEATREID) values ('J',15,'General',1);
Insert into WATCHANAN.SEAT (SEATROW,SEATNUMBER,ZONE,THEATREID) values ('K',15,'General',1);
Insert into WATCHANAN.SEAT (SEATROW,SEATNUMBER,ZONE,THEATREID) values ('L',15,'General',1);
Insert into WATCHANAN.SEAT (SEATROW,SEATNUMBER,ZONE,THEATREID) values ('A',16,'General',1);
Insert into WATCHANAN.SEAT (SEATROW,SEATNUMBER,ZONE,THEATREID) values ('B',16,'General',1);
Insert into WATCHANAN.SEAT (SEATROW,SEATNUMBER,ZONE,THEATREID) values ('C',16,'General',1);
Insert into WATCHANAN.SEAT (SEATROW,SEATNUMBER,ZONE,THEATREID) values ('D',16,'General',1);
Insert into WATCHANAN.SEAT (SEATROW,SEATNUMBER,ZONE,THEATREID) values ('E',16,'General',1);
Insert into WATCHANAN.SEAT (SEATROW,SEATNUMBER,ZONE,THEATREID) values ('F',16,'General',1);
Insert into WATCHANAN.SEAT (SEATROW,SEATNUMBER,ZONE,THEATREID) values ('G',16,'General',1);
Insert into WATCHANAN.SEAT (SEATROW,SEATNUMBER,ZONE,THEATREID) values ('H',16,'General',1);
Insert into WATCHANAN.SEAT (SEATROW,SEATNUMBER,ZONE,THEATREID) values ('I',16,'General',1);
Insert into WATCHANAN.SEAT (SEATROW,SEATNUMBER,ZONE,THEATREID) values ('J',16,'General',1);
Insert into WATCHANAN.SEAT (SEATROW,SEATNUMBER,ZONE,THEATREID) values ('K',16,'General',1);
Insert into WATCHANAN.SEAT (SEATROW,SEATNUMBER,ZONE,THEATREID) values ('L',16,'General',1);
Insert into WATCHANAN.SEAT (SEATROW,SEATNUMBER,ZONE,THEATREID) values ('A',17,'General',1);
Insert into WATCHANAN.SEAT (SEATROW,SEATNUMBER,ZONE,THEATREID) values ('B',17,'General',1);
Insert into WATCHANAN.SEAT (SEATROW,SEATNUMBER,ZONE,THEATREID) values ('C',17,'General',1);
Insert into WATCHANAN.SEAT (SEATROW,SEATNUMBER,ZONE,THEATREID) values ('D',17,'General',1);
Insert into WATCHANAN.SEAT (SEATROW,SEATNUMBER,ZONE,THEATREID) values ('E',17,'General',1);
Insert into WATCHANAN.SEAT (SEATROW,SEATNUMBER,ZONE,THEATREID) values ('F',17,'General',1);
Insert into WATCHANAN.SEAT (SEATROW,SEATNUMBER,ZONE,THEATREID) values ('G',17,'General',1);
Insert into WATCHANAN.SEAT (SEATROW,SEATNUMBER,ZONE,THEATREID) values ('H',17,'General',1);
Insert into WATCHANAN.SEAT (SEATROW,SEATNUMBER,ZONE,THEATREID) values ('I',17,'General',1);
Insert into WATCHANAN.SEAT (SEATROW,SEATNUMBER,ZONE,THEATREID) values ('J',17,'General',1);
Insert into WATCHANAN.SEAT (SEATROW,SEATNUMBER,ZONE,THEATREID) values ('K',17,'General',1);
Insert into WATCHANAN.SEAT (SEATROW,SEATNUMBER,ZONE,THEATREID) values ('L',17,'General',1);
Insert into WATCHANAN.SEAT (SEATROW,SEATNUMBER,ZONE,THEATREID) values ('A',18,'General',1);
Insert into WATCHANAN.SEAT (SEATROW,SEATNUMBER,ZONE,THEATREID) values ('B',18,'General',1);
Insert into WATCHANAN.SEAT (SEATROW,SEATNUMBER,ZONE,THEATREID) values ('C',18,'General',1);
Insert into WATCHANAN.SEAT (SEATROW,SEATNUMBER,ZONE,THEATREID) values ('D',18,'General',1);
Insert into WATCHANAN.SEAT (SEATROW,SEATNUMBER,ZONE,THEATREID) values ('E',18,'General',1);
Insert into WATCHANAN.SEAT (SEATROW,SEATNUMBER,ZONE,THEATREID) values ('F',18,'General',1);
Insert into WATCHANAN.SEAT (SEATROW,SEATNUMBER,ZONE,THEATREID) values ('G',18,'General',1);
Insert into WATCHANAN.SEAT (SEATROW,SEATNUMBER,ZONE,THEATREID) values ('H',18,'General',1);
Insert into WATCHANAN.SEAT (SEATROW,SEATNUMBER,ZONE,THEATREID) values ('I',18,'General',1);
Insert into WATCHANAN.SEAT (SEATROW,SEATNUMBER,ZONE,THEATREID) values ('J',18,'General',1);
Insert into WATCHANAN.SEAT (SEATROW,SEATNUMBER,ZONE,THEATREID) values ('K',18,'General',1);
Insert into WATCHANAN.SEAT (SEATROW,SEATNUMBER,ZONE,THEATREID) values ('L',18,'General',1);
Insert into WATCHANAN.SEAT (SEATROW,SEATNUMBER,ZONE,THEATREID) values ('A',19,'General',1);
Insert into WATCHANAN.SEAT (SEATROW,SEATNUMBER,ZONE,THEATREID) values ('B',19,'General',1);
Insert into WATCHANAN.SEAT (SEATROW,SEATNUMBER,ZONE,THEATREID) values ('C',19,'General',1);
Insert into WATCHANAN.SEAT (SEATROW,SEATNUMBER,ZONE,THEATREID) values ('D',19,'General',1);
Insert into WATCHANAN.SEAT (SEATROW,SEATNUMBER,ZONE,THEATREID) values ('E',19,'General',1);
Insert into WATCHANAN.SEAT (SEATROW,SEATNUMBER,ZONE,THEATREID) values ('F',19,'General',1);
Insert into WATCHANAN.SEAT (SEATROW,SEATNUMBER,ZONE,THEATREID) values ('G',19,'General',1);
Insert into WATCHANAN.SEAT (SEATROW,SEATNUMBER,ZONE,THEATREID) values ('H',19,'General',1);
Insert into WATCHANAN.SEAT (SEATROW,SEATNUMBER,ZONE,THEATREID) values ('I',19,'General',1);
Insert into WATCHANAN.SEAT (SEATROW,SEATNUMBER,ZONE,THEATREID) values ('J',19,'General',1);
Insert into WATCHANAN.SEAT (SEATROW,SEATNUMBER,ZONE,THEATREID) values ('K',19,'General',1);
Insert into WATCHANAN.SEAT (SEATROW,SEATNUMBER,ZONE,THEATREID) values ('L',19,'General',1);
Insert into WATCHANAN.SEAT (SEATROW,SEATNUMBER,ZONE,THEATREID) values ('A',20,'General',1);
Insert into WATCHANAN.SEAT (SEATROW,SEATNUMBER,ZONE,THEATREID) values ('B',20,'General',1);
Insert into WATCHANAN.SEAT (SEATROW,SEATNUMBER,ZONE,THEATREID) values ('C',20,'General',1);
Insert into WATCHANAN.SEAT (SEATROW,SEATNUMBER,ZONE,THEATREID) values ('D',20,'General',1);
Insert into WATCHANAN.SEAT (SEATROW,SEATNUMBER,ZONE,THEATREID) values ('E',20,'General',1);
Insert into WATCHANAN.SEAT (SEATROW,SEATNUMBER,ZONE,THEATREID) values ('F',20,'General',1);
Insert into WATCHANAN.SEAT (SEATROW,SEATNUMBER,ZONE,THEATREID) values ('G',20,'General',1);
Insert into WATCHANAN.SEAT (SEATROW,SEATNUMBER,ZONE,THEATREID) values ('H',20,'General',1);
Insert into WATCHANAN.SEAT (SEATROW,SEATNUMBER,ZONE,THEATREID) values ('I',20,'General',1);
Insert into WATCHANAN.SEAT (SEATROW,SEATNUMBER,ZONE,THEATREID) values ('J',20,'General',1);
Insert into WATCHANAN.SEAT (SEATROW,SEATNUMBER,ZONE,THEATREID) values ('K',20,'General',1);
Insert into WATCHANAN.SEAT (SEATROW,SEATNUMBER,ZONE,THEATREID) values ('L',20,'General',1);
Insert into WATCHANAN.SEAT (SEATROW,SEATNUMBER,ZONE,THEATREID) values ('A',1,'General',2);
Insert into WATCHANAN.SEAT (SEATROW,SEATNUMBER,ZONE,THEATREID) values ('B',1,'General',2);
Insert into WATCHANAN.SEAT (SEATROW,SEATNUMBER,ZONE,THEATREID) values ('C',1,'General',2);
Insert into WATCHANAN.SEAT (SEATROW,SEATNUMBER,ZONE,THEATREID) values ('D',1,'General',2);
Insert into WATCHANAN.SEAT (SEATROW,SEATNUMBER,ZONE,THEATREID) values ('E',1,'General',2);
Insert into WATCHANAN.SEAT (SEATROW,SEATNUMBER,ZONE,THEATREID) values ('F',1,'General',2);
Insert into WATCHANAN.SEAT (SEATROW,SEATNUMBER,ZONE,THEATREID) values ('G',1,'General',2);
Insert into WATCHANAN.SEAT (SEATROW,SEATNUMBER,ZONE,THEATREID) values ('H',1,'General',2);
Insert into WATCHANAN.SEAT (SEATROW,SEATNUMBER,ZONE,THEATREID) values ('I',1,'General',2);
Insert into WATCHANAN.SEAT (SEATROW,SEATNUMBER,ZONE,THEATREID) values ('J',1,'General',2);
Insert into WATCHANAN.SEAT (SEATROW,SEATNUMBER,ZONE,THEATREID) values ('K',1,'General',2);
Insert into WATCHANAN.SEAT (SEATROW,SEATNUMBER,ZONE,THEATREID) values ('L',1,'General',2);
Insert into WATCHANAN.SEAT (SEATROW,SEATNUMBER,ZONE,THEATREID) values ('A',2,'General',2);
Insert into WATCHANAN.SEAT (SEATROW,SEATNUMBER,ZONE,THEATREID) values ('B',2,'General',2);
Insert into WATCHANAN.SEAT (SEATROW,SEATNUMBER,ZONE,THEATREID) values ('C',2,'General',2);
Insert into WATCHANAN.SEAT (SEATROW,SEATNUMBER,ZONE,THEATREID) values ('D',2,'General',2);
Insert into WATCHANAN.SEAT (SEATROW,SEATNUMBER,ZONE,THEATREID) values ('E',2,'General',2);
Insert into WATCHANAN.SEAT (SEATROW,SEATNUMBER,ZONE,THEATREID) values ('F',2,'General',2);
Insert into WATCHANAN.SEAT (SEATROW,SEATNUMBER,ZONE,THEATREID) values ('G',2,'General',2);
Insert into WATCHANAN.SEAT (SEATROW,SEATNUMBER,ZONE,THEATREID) values ('H',2,'General',2);
Insert into WATCHANAN.SEAT (SEATROW,SEATNUMBER,ZONE,THEATREID) values ('I',2,'General',2);
Insert into WATCHANAN.SEAT (SEATROW,SEATNUMBER,ZONE,THEATREID) values ('J',2,'General',2);
Insert into WATCHANAN.SEAT (SEATROW,SEATNUMBER,ZONE,THEATREID) values ('K',2,'General',2);
Insert into WATCHANAN.SEAT (SEATROW,SEATNUMBER,ZONE,THEATREID) values ('L',2,'General',2);
Insert into WATCHANAN.SEAT (SEATROW,SEATNUMBER,ZONE,THEATREID) values ('A',3,'General',2);
Insert into WATCHANAN.SEAT (SEATROW,SEATNUMBER,ZONE,THEATREID) values ('B',3,'General',2);
Insert into WATCHANAN.SEAT (SEATROW,SEATNUMBER,ZONE,THEATREID) values ('C',3,'General',2);
Insert into WATCHANAN.SEAT (SEATROW,SEATNUMBER,ZONE,THEATREID) values ('D',3,'General',2);
Insert into WATCHANAN.SEAT (SEATROW,SEATNUMBER,ZONE,THEATREID) values ('E',3,'General',2);
Insert into WATCHANAN.SEAT (SEATROW,SEATNUMBER,ZONE,THEATREID) values ('F',3,'General',2);
Insert into WATCHANAN.SEAT (SEATROW,SEATNUMBER,ZONE,THEATREID) values ('G',3,'General',2);
Insert into WATCHANAN.SEAT (SEATROW,SEATNUMBER,ZONE,THEATREID) values ('H',3,'General',2);
Insert into WATCHANAN.SEAT (SEATROW,SEATNUMBER,ZONE,THEATREID) values ('I',3,'General',2);
Insert into WATCHANAN.SEAT (SEATROW,SEATNUMBER,ZONE,THEATREID) values ('J',3,'General',2);
Insert into WATCHANAN.SEAT (SEATROW,SEATNUMBER,ZONE,THEATREID) values ('K',3,'General',2);
Insert into WATCHANAN.SEAT (SEATROW,SEATNUMBER,ZONE,THEATREID) values ('L',3,'General',2);
Insert into WATCHANAN.SEAT (SEATROW,SEATNUMBER,ZONE,THEATREID) values ('A',4,'General',2);
Insert into WATCHANAN.SEAT (SEATROW,SEATNUMBER,ZONE,THEATREID) values ('B',4,'General',2);
Insert into WATCHANAN.SEAT (SEATROW,SEATNUMBER,ZONE,THEATREID) values ('C',4,'General',2);
Insert into WATCHANAN.SEAT (SEATROW,SEATNUMBER,ZONE,THEATREID) values ('D',4,'General',2);
Insert into WATCHANAN.SEAT (SEATROW,SEATNUMBER,ZONE,THEATREID) values ('E',4,'General',2);
Insert into WATCHANAN.SEAT (SEATROW,SEATNUMBER,ZONE,THEATREID) values ('F',4,'General',2);
Insert into WATCHANAN.SEAT (SEATROW,SEATNUMBER,ZONE,THEATREID) values ('G',4,'General',2);
Insert into WATCHANAN.SEAT (SEATROW,SEATNUMBER,ZONE,THEATREID) values ('H',4,'General',2);
Insert into WATCHANAN.SEAT (SEATROW,SEATNUMBER,ZONE,THEATREID) values ('I',4,'General',2);
Insert into WATCHANAN.SEAT (SEATROW,SEATNUMBER,ZONE,THEATREID) values ('J',4,'General',2);
Insert into WATCHANAN.SEAT (SEATROW,SEATNUMBER,ZONE,THEATREID) values ('K',4,'General',2);
Insert into WATCHANAN.SEAT (SEATROW,SEATNUMBER,ZONE,THEATREID) values ('L',4,'General',2);
Insert into WATCHANAN.SEAT (SEATROW,SEATNUMBER,ZONE,THEATREID) values ('A',5,'General',2);
Insert into WATCHANAN.SEAT (SEATROW,SEATNUMBER,ZONE,THEATREID) values ('B',5,'General',2);
Insert into WATCHANAN.SEAT (SEATROW,SEATNUMBER,ZONE,THEATREID) values ('C',5,'General',2);
Insert into WATCHANAN.SEAT (SEATROW,SEATNUMBER,ZONE,THEATREID) values ('D',5,'General',2);
Insert into WATCHANAN.SEAT (SEATROW,SEATNUMBER,ZONE,THEATREID) values ('E',5,'General',2);
Insert into WATCHANAN.SEAT (SEATROW,SEATNUMBER,ZONE,THEATREID) values ('F',5,'General',2);
Insert into WATCHANAN.SEAT (SEATROW,SEATNUMBER,ZONE,THEATREID) values ('G',5,'General',2);
Insert into WATCHANAN.SEAT (SEATROW,SEATNUMBER,ZONE,THEATREID) values ('H',5,'General',2);
Insert into WATCHANAN.SEAT (SEATROW,SEATNUMBER,ZONE,THEATREID) values ('I',5,'General',2);
Insert into WATCHANAN.SEAT (SEATROW,SEATNUMBER,ZONE,THEATREID) values ('J',5,'General',2);
Insert into WATCHANAN.SEAT (SEATROW,SEATNUMBER,ZONE,THEATREID) values ('K',5,'General',2);
Insert into WATCHANAN.SEAT (SEATROW,SEATNUMBER,ZONE,THEATREID) values ('L',5,'General',2);
Insert into WATCHANAN.SEAT (SEATROW,SEATNUMBER,ZONE,THEATREID) values ('A',6,'General',2);
Insert into WATCHANAN.SEAT (SEATROW,SEATNUMBER,ZONE,THEATREID) values ('B',6,'General',2);
Insert into WATCHANAN.SEAT (SEATROW,SEATNUMBER,ZONE,THEATREID) values ('C',6,'General',2);
Insert into WATCHANAN.SEAT (SEATROW,SEATNUMBER,ZONE,THEATREID) values ('D',6,'General',2);
Insert into WATCHANAN.SEAT (SEATROW,SEATNUMBER,ZONE,THEATREID) values ('E',6,'General',2);
Insert into WATCHANAN.SEAT (SEATROW,SEATNUMBER,ZONE,THEATREID) values ('F',6,'General',2);
Insert into WATCHANAN.SEAT (SEATROW,SEATNUMBER,ZONE,THEATREID) values ('G',6,'General',2);
Insert into WATCHANAN.SEAT (SEATROW,SEATNUMBER,ZONE,THEATREID) values ('H',6,'General',2);
Insert into WATCHANAN.SEAT (SEATROW,SEATNUMBER,ZONE,THEATREID) values ('I',6,'General',2);
Insert into WATCHANAN.SEAT (SEATROW,SEATNUMBER,ZONE,THEATREID) values ('J',6,'General',2);
Insert into WATCHANAN.SEAT (SEATROW,SEATNUMBER,ZONE,THEATREID) values ('K',6,'General',2);
Insert into WATCHANAN.SEAT (SEATROW,SEATNUMBER,ZONE,THEATREID) values ('L',6,'General',2);
Insert into WATCHANAN.SEAT (SEATROW,SEATNUMBER,ZONE,THEATREID) values ('A',7,'General',2);
Insert into WATCHANAN.SEAT (SEATROW,SEATNUMBER,ZONE,THEATREID) values ('B',7,'General',2);
Insert into WATCHANAN.SEAT (SEATROW,SEATNUMBER,ZONE,THEATREID) values ('C',7,'General',2);
Insert into WATCHANAN.SEAT (SEATROW,SEATNUMBER,ZONE,THEATREID) values ('D',7,'General',2);
Insert into WATCHANAN.SEAT (SEATROW,SEATNUMBER,ZONE,THEATREID) values ('E',7,'General',2);
Insert into WATCHANAN.SEAT (SEATROW,SEATNUMBER,ZONE,THEATREID) values ('F',7,'General',2);
Insert into WATCHANAN.SEAT (SEATROW,SEATNUMBER,ZONE,THEATREID) values ('G',7,'General',2);
Insert into WATCHANAN.SEAT (SEATROW,SEATNUMBER,ZONE,THEATREID) values ('H',7,'General',2);
Insert into WATCHANAN.SEAT (SEATROW,SEATNUMBER,ZONE,THEATREID) values ('I',7,'General',2);
Insert into WATCHANAN.SEAT (SEATROW,SEATNUMBER,ZONE,THEATREID) values ('J',7,'General',2);
Insert into WATCHANAN.SEAT (SEATROW,SEATNUMBER,ZONE,THEATREID) values ('K',7,'General',2);
Insert into WATCHANAN.SEAT (SEATROW,SEATNUMBER,ZONE,THEATREID) values ('L',7,'General',2);
Insert into WATCHANAN.SEAT (SEATROW,SEATNUMBER,ZONE,THEATREID) values ('A',8,'General',2);
Insert into WATCHANAN.SEAT (SEATROW,SEATNUMBER,ZONE,THEATREID) values ('B',8,'General',2);
Insert into WATCHANAN.SEAT (SEATROW,SEATNUMBER,ZONE,THEATREID) values ('C',8,'General',2);
Insert into WATCHANAN.SEAT (SEATROW,SEATNUMBER,ZONE,THEATREID) values ('D',8,'General',2);
Insert into WATCHANAN.SEAT (SEATROW,SEATNUMBER,ZONE,THEATREID) values ('E',8,'General',2);
Insert into WATCHANAN.SEAT (SEATROW,SEATNUMBER,ZONE,THEATREID) values ('F',8,'General',2);
Insert into WATCHANAN.SEAT (SEATROW,SEATNUMBER,ZONE,THEATREID) values ('G',8,'General',2);
Insert into WATCHANAN.SEAT (SEATROW,SEATNUMBER,ZONE,THEATREID) values ('H',8,'General',2);
Insert into WATCHANAN.SEAT (SEATROW,SEATNUMBER,ZONE,THEATREID) values ('I',8,'General',2);
Insert into WATCHANAN.SEAT (SEATROW,SEATNUMBER,ZONE,THEATREID) values ('J',8,'General',2);
Insert into WATCHANAN.SEAT (SEATROW,SEATNUMBER,ZONE,THEATREID) values ('K',8,'General',2);
Insert into WATCHANAN.SEAT (SEATROW,SEATNUMBER,ZONE,THEATREID) values ('L',8,'General',2);
Insert into WATCHANAN.SEAT (SEATROW,SEATNUMBER,ZONE,THEATREID) values ('A',9,'General',2);
Insert into WATCHANAN.SEAT (SEATROW,SEATNUMBER,ZONE,THEATREID) values ('B',9,'General',2);
Insert into WATCHANAN.SEAT (SEATROW,SEATNUMBER,ZONE,THEATREID) values ('C',9,'General',2);
Insert into WATCHANAN.SEAT (SEATROW,SEATNUMBER,ZONE,THEATREID) values ('D',9,'General',2);
Insert into WATCHANAN.SEAT (SEATROW,SEATNUMBER,ZONE,THEATREID) values ('E',9,'General',2);
Insert into WATCHANAN.SEAT (SEATROW,SEATNUMBER,ZONE,THEATREID) values ('F',9,'General',2);
Insert into WATCHANAN.SEAT (SEATROW,SEATNUMBER,ZONE,THEATREID) values ('G',9,'General',2);
Insert into WATCHANAN.SEAT (SEATROW,SEATNUMBER,ZONE,THEATREID) values ('H',9,'General',2);
Insert into WATCHANAN.SEAT (SEATROW,SEATNUMBER,ZONE,THEATREID) values ('I',9,'General',2);
Insert into WATCHANAN.SEAT (SEATROW,SEATNUMBER,ZONE,THEATREID) values ('J',9,'General',2);
Insert into WATCHANAN.SEAT (SEATROW,SEATNUMBER,ZONE,THEATREID) values ('K',9,'General',2);
Insert into WATCHANAN.SEAT (SEATROW,SEATNUMBER,ZONE,THEATREID) values ('L',9,'General',2);
Insert into WATCHANAN.SEAT (SEATROW,SEATNUMBER,ZONE,THEATREID) values ('A',10,'General',2);
Insert into WATCHANAN.SEAT (SEATROW,SEATNUMBER,ZONE,THEATREID) values ('B',10,'General',2);
Insert into WATCHANAN.SEAT (SEATROW,SEATNUMBER,ZONE,THEATREID) values ('C',10,'General',2);
Insert into WATCHANAN.SEAT (SEATROW,SEATNUMBER,ZONE,THEATREID) values ('D',10,'General',2);
Insert into WATCHANAN.SEAT (SEATROW,SEATNUMBER,ZONE,THEATREID) values ('E',10,'General',2);
Insert into WATCHANAN.SEAT (SEATROW,SEATNUMBER,ZONE,THEATREID) values ('F',10,'General',2);
Insert into WATCHANAN.SEAT (SEATROW,SEATNUMBER,ZONE,THEATREID) values ('G',10,'General',2);
Insert into WATCHANAN.SEAT (SEATROW,SEATNUMBER,ZONE,THEATREID) values ('H',10,'General',2);
Insert into WATCHANAN.SEAT (SEATROW,SEATNUMBER,ZONE,THEATREID) values ('I',10,'General',2);
Insert into WATCHANAN.SEAT (SEATROW,SEATNUMBER,ZONE,THEATREID) values ('J',10,'General',2);
Insert into WATCHANAN.SEAT (SEATROW,SEATNUMBER,ZONE,THEATREID) values ('K',10,'General',2);
Insert into WATCHANAN.SEAT (SEATROW,SEATNUMBER,ZONE,THEATREID) values ('L',10,'General',2);
Insert into WATCHANAN.SEAT (SEATROW,SEATNUMBER,ZONE,THEATREID) values ('A',11,'General',2);
Insert into WATCHANAN.SEAT (SEATROW,SEATNUMBER,ZONE,THEATREID) values ('B',11,'General',2);
Insert into WATCHANAN.SEAT (SEATROW,SEATNUMBER,ZONE,THEATREID) values ('C',11,'General',2);
Insert into WATCHANAN.SEAT (SEATROW,SEATNUMBER,ZONE,THEATREID) values ('D',11,'General',2);
Insert into WATCHANAN.SEAT (SEATROW,SEATNUMBER,ZONE,THEATREID) values ('E',11,'General',2);
Insert into WATCHANAN.SEAT (SEATROW,SEATNUMBER,ZONE,THEATREID) values ('F',11,'General',2);
Insert into WATCHANAN.SEAT (SEATROW,SEATNUMBER,ZONE,THEATREID) values ('G',11,'General',2);
Insert into WATCHANAN.SEAT (SEATROW,SEATNUMBER,ZONE,THEATREID) values ('H',11,'General',2);
Insert into WATCHANAN.SEAT (SEATROW,SEATNUMBER,ZONE,THEATREID) values ('I',11,'General',2);
Insert into WATCHANAN.SEAT (SEATROW,SEATNUMBER,ZONE,THEATREID) values ('J',11,'General',2);
Insert into WATCHANAN.SEAT (SEATROW,SEATNUMBER,ZONE,THEATREID) values ('K',11,'General',2);
Insert into WATCHANAN.SEAT (SEATROW,SEATNUMBER,ZONE,THEATREID) values ('L',11,'General',2);
Insert into WATCHANAN.SEAT (SEATROW,SEATNUMBER,ZONE,THEATREID) values ('A',12,'General',2);
Insert into WATCHANAN.SEAT (SEATROW,SEATNUMBER,ZONE,THEATREID) values ('B',12,'General',2);
Insert into WATCHANAN.SEAT (SEATROW,SEATNUMBER,ZONE,THEATREID) values ('C',12,'General',2);
Insert into WATCHANAN.SEAT (SEATROW,SEATNUMBER,ZONE,THEATREID) values ('D',12,'General',2);
Insert into WATCHANAN.SEAT (SEATROW,SEATNUMBER,ZONE,THEATREID) values ('E',12,'General',2);
Insert into WATCHANAN.SEAT (SEATROW,SEATNUMBER,ZONE,THEATREID) values ('F',12,'General',2);
Insert into WATCHANAN.SEAT (SEATROW,SEATNUMBER,ZONE,THEATREID) values ('G',12,'General',2);
Insert into WATCHANAN.SEAT (SEATROW,SEATNUMBER,ZONE,THEATREID) values ('H',12,'General',2);
Insert into WATCHANAN.SEAT (SEATROW,SEATNUMBER,ZONE,THEATREID) values ('I',12,'General',2);
Insert into WATCHANAN.SEAT (SEATROW,SEATNUMBER,ZONE,THEATREID) values ('J',12,'General',2);
Insert into WATCHANAN.SEAT (SEATROW,SEATNUMBER,ZONE,THEATREID) values ('K',12,'General',2);
Insert into WATCHANAN.SEAT (SEATROW,SEATNUMBER,ZONE,THEATREID) values ('L',12,'General',2);
Insert into WATCHANAN.SEAT (SEATROW,SEATNUMBER,ZONE,THEATREID) values ('A',13,'General',2);
Insert into WATCHANAN.SEAT (SEATROW,SEATNUMBER,ZONE,THEATREID) values ('B',13,'General',2);
Insert into WATCHANAN.SEAT (SEATROW,SEATNUMBER,ZONE,THEATREID) values ('C',13,'General',2);
Insert into WATCHANAN.SEAT (SEATROW,SEATNUMBER,ZONE,THEATREID) values ('D',13,'General',2);
Insert into WATCHANAN.SEAT (SEATROW,SEATNUMBER,ZONE,THEATREID) values ('E',13,'General',2);
Insert into WATCHANAN.SEAT (SEATROW,SEATNUMBER,ZONE,THEATREID) values ('F',13,'General',2);
Insert into WATCHANAN.SEAT (SEATROW,SEATNUMBER,ZONE,THEATREID) values ('G',13,'General',2);
Insert into WATCHANAN.SEAT (SEATROW,SEATNUMBER,ZONE,THEATREID) values ('H',13,'General',2);
Insert into WATCHANAN.SEAT (SEATROW,SEATNUMBER,ZONE,THEATREID) values ('I',13,'General',2);
Insert into WATCHANAN.SEAT (SEATROW,SEATNUMBER,ZONE,THEATREID) values ('J',13,'General',2);
Insert into WATCHANAN.SEAT (SEATROW,SEATNUMBER,ZONE,THEATREID) values ('K',13,'General',2);
Insert into WATCHANAN.SEAT (SEATROW,SEATNUMBER,ZONE,THEATREID) values ('L',13,'General',2);
Insert into WATCHANAN.SEAT (SEATROW,SEATNUMBER,ZONE,THEATREID) values ('A',14,'General',2);
Insert into WATCHANAN.SEAT (SEATROW,SEATNUMBER,ZONE,THEATREID) values ('B',14,'General',2);
Insert into WATCHANAN.SEAT (SEATROW,SEATNUMBER,ZONE,THEATREID) values ('C',14,'General',2);
Insert into WATCHANAN.SEAT (SEATROW,SEATNUMBER,ZONE,THEATREID) values ('D',14,'General',2);
Insert into WATCHANAN.SEAT (SEATROW,SEATNUMBER,ZONE,THEATREID) values ('E',14,'General',2);
Insert into WATCHANAN.SEAT (SEATROW,SEATNUMBER,ZONE,THEATREID) values ('F',14,'General',2);
Insert into WATCHANAN.SEAT (SEATROW,SEATNUMBER,ZONE,THEATREID) values ('G',14,'General',2);
Insert into WATCHANAN.SEAT (SEATROW,SEATNUMBER,ZONE,THEATREID) values ('H',14,'General',2);
Insert into WATCHANAN.SEAT (SEATROW,SEATNUMBER,ZONE,THEATREID) values ('I',14,'General',2);
Insert into WATCHANAN.SEAT (SEATROW,SEATNUMBER,ZONE,THEATREID) values ('J',14,'General',2);
Insert into WATCHANAN.SEAT (SEATROW,SEATNUMBER,ZONE,THEATREID) values ('K',14,'General',2);
Insert into WATCHANAN.SEAT (SEATROW,SEATNUMBER,ZONE,THEATREID) values ('L',14,'General',2);
Insert into WATCHANAN.SEAT (SEATROW,SEATNUMBER,ZONE,THEATREID) values ('A',15,'General',2);
Insert into WATCHANAN.SEAT (SEATROW,SEATNUMBER,ZONE,THEATREID) values ('B',15,'General',2);
Insert into WATCHANAN.SEAT (SEATROW,SEATNUMBER,ZONE,THEATREID) values ('C',15,'General',2);
Insert into WATCHANAN.SEAT (SEATROW,SEATNUMBER,ZONE,THEATREID) values ('D',15,'General',2);
Insert into WATCHANAN.SEAT (SEATROW,SEATNUMBER,ZONE,THEATREID) values ('E',15,'General',2);
Insert into WATCHANAN.SEAT (SEATROW,SEATNUMBER,ZONE,THEATREID) values ('F',15,'General',2);
Insert into WATCHANAN.SEAT (SEATROW,SEATNUMBER,ZONE,THEATREID) values ('G',15,'General',2);
Insert into WATCHANAN.SEAT (SEATROW,SEATNUMBER,ZONE,THEATREID) values ('H',15,'General',2);
Insert into WATCHANAN.SEAT (SEATROW,SEATNUMBER,ZONE,THEATREID) values ('I',15,'General',2);
Insert into WATCHANAN.SEAT (SEATROW,SEATNUMBER,ZONE,THEATREID) values ('J',15,'General',2);
Insert into WATCHANAN.SEAT (SEATROW,SEATNUMBER,ZONE,THEATREID) values ('K',15,'General',2);
Insert into WATCHANAN.SEAT (SEATROW,SEATNUMBER,ZONE,THEATREID) values ('L',15,'General',2);
Insert into WATCHANAN.SEAT (SEATROW,SEATNUMBER,ZONE,THEATREID) values ('A',16,'General',2);
Insert into WATCHANAN.SEAT (SEATROW,SEATNUMBER,ZONE,THEATREID) values ('B',16,'General',2);
Insert into WATCHANAN.SEAT (SEATROW,SEATNUMBER,ZONE,THEATREID) values ('C',16,'General',2);
Insert into WATCHANAN.SEAT (SEATROW,SEATNUMBER,ZONE,THEATREID) values ('D',16,'General',2);
Insert into WATCHANAN.SEAT (SEATROW,SEATNUMBER,ZONE,THEATREID) values ('E',16,'General',2);
Insert into WATCHANAN.SEAT (SEATROW,SEATNUMBER,ZONE,THEATREID) values ('F',16,'General',2);
Insert into WATCHANAN.SEAT (SEATROW,SEATNUMBER,ZONE,THEATREID) values ('G',16,'General',2);
Insert into WATCHANAN.SEAT (SEATROW,SEATNUMBER,ZONE,THEATREID) values ('H',16,'General',2);
Insert into WATCHANAN.SEAT (SEATROW,SEATNUMBER,ZONE,THEATREID) values ('I',16,'General',2);
Insert into WATCHANAN.SEAT (SEATROW,SEATNUMBER,ZONE,THEATREID) values ('J',16,'General',2);
Insert into WATCHANAN.SEAT (SEATROW,SEATNUMBER,ZONE,THEATREID) values ('K',16,'General',2);
Insert into WATCHANAN.SEAT (SEATROW,SEATNUMBER,ZONE,THEATREID) values ('L',16,'General',2);
Insert into WATCHANAN.SEAT (SEATROW,SEATNUMBER,ZONE,THEATREID) values ('A',17,'General',2);
Insert into WATCHANAN.SEAT (SEATROW,SEATNUMBER,ZONE,THEATREID) values ('B',17,'General',2);
Insert into WATCHANAN.SEAT (SEATROW,SEATNUMBER,ZONE,THEATREID) values ('C',17,'General',2);
Insert into WATCHANAN.SEAT (SEATROW,SEATNUMBER,ZONE,THEATREID) values ('D',17,'General',2);
Insert into WATCHANAN.SEAT (SEATROW,SEATNUMBER,ZONE,THEATREID) values ('E',17,'General',2);
Insert into WATCHANAN.SEAT (SEATROW,SEATNUMBER,ZONE,THEATREID) values ('F',17,'General',2);
Insert into WATCHANAN.SEAT (SEATROW,SEATNUMBER,ZONE,THEATREID) values ('G',17,'General',2);
Insert into WATCHANAN.SEAT (SEATROW,SEATNUMBER,ZONE,THEATREID) values ('H',17,'General',2);
Insert into WATCHANAN.SEAT (SEATROW,SEATNUMBER,ZONE,THEATREID) values ('I',17,'General',2);
Insert into WATCHANAN.SEAT (SEATROW,SEATNUMBER,ZONE,THEATREID) values ('J',17,'General',2);
Insert into WATCHANAN.SEAT (SEATROW,SEATNUMBER,ZONE,THEATREID) values ('K',17,'General',2);
Insert into WATCHANAN.SEAT (SEATROW,SEATNUMBER,ZONE,THEATREID) values ('L',17,'General',2);
Insert into WATCHANAN.SEAT (SEATROW,SEATNUMBER,ZONE,THEATREID) values ('A',18,'General',2);
Insert into WATCHANAN.SEAT (SEATROW,SEATNUMBER,ZONE,THEATREID) values ('B',18,'General',2);
Insert into WATCHANAN.SEAT (SEATROW,SEATNUMBER,ZONE,THEATREID) values ('C',18,'General',2);
Insert into WATCHANAN.SEAT (SEATROW,SEATNUMBER,ZONE,THEATREID) values ('D',18,'General',2);
Insert into WATCHANAN.SEAT (SEATROW,SEATNUMBER,ZONE,THEATREID) values ('E',18,'General',2);
Insert into WATCHANAN.SEAT (SEATROW,SEATNUMBER,ZONE,THEATREID) values ('F',18,'General',2);
Insert into WATCHANAN.SEAT (SEATROW,SEATNUMBER,ZONE,THEATREID) values ('G',18,'General',2);
Insert into WATCHANAN.SEAT (SEATROW,SEATNUMBER,ZONE,THEATREID) values ('H',18,'General',2);
Insert into WATCHANAN.SEAT (SEATROW,SEATNUMBER,ZONE,THEATREID) values ('I',18,'General',2);
Insert into WATCHANAN.SEAT (SEATROW,SEATNUMBER,ZONE,THEATREID) values ('J',18,'General',2);
Insert into WATCHANAN.SEAT (SEATROW,SEATNUMBER,ZONE,THEATREID) values ('K',18,'General',2);
Insert into WATCHANAN.SEAT (SEATROW,SEATNUMBER,ZONE,THEATREID) values ('L',18,'General',2);
Insert into WATCHANAN.SEAT (SEATROW,SEATNUMBER,ZONE,THEATREID) values ('A',19,'General',2);
Insert into WATCHANAN.SEAT (SEATROW,SEATNUMBER,ZONE,THEATREID) values ('B',19,'General',2);
Insert into WATCHANAN.SEAT (SEATROW,SEATNUMBER,ZONE,THEATREID) values ('C',19,'General',2);
Insert into WATCHANAN.SEAT (SEATROW,SEATNUMBER,ZONE,THEATREID) values ('D',19,'General',2);
Insert into WATCHANAN.SEAT (SEATROW,SEATNUMBER,ZONE,THEATREID) values ('E',19,'General',2);
Insert into WATCHANAN.SEAT (SEATROW,SEATNUMBER,ZONE,THEATREID) values ('F',19,'General',2);
Insert into WATCHANAN.SEAT (SEATROW,SEATNUMBER,ZONE,THEATREID) values ('G',19,'General',2);
Insert into WATCHANAN.SEAT (SEATROW,SEATNUMBER,ZONE,THEATREID) values ('H',19,'General',2);
Insert into WATCHANAN.SEAT (SEATROW,SEATNUMBER,ZONE,THEATREID) values ('I',19,'General',2);
Insert into WATCHANAN.SEAT (SEATROW,SEATNUMBER,ZONE,THEATREID) values ('J',19,'General',2);
Insert into WATCHANAN.SEAT (SEATROW,SEATNUMBER,ZONE,THEATREID) values ('K',19,'General',2);
Insert into WATCHANAN.SEAT (SEATROW,SEATNUMBER,ZONE,THEATREID) values ('L',19,'General',2);
Insert into WATCHANAN.SEAT (SEATROW,SEATNUMBER,ZONE,THEATREID) values ('A',20,'General',2);
Insert into WATCHANAN.SEAT (SEATROW,SEATNUMBER,ZONE,THEATREID) values ('B',20,'General',2);
Insert into WATCHANAN.SEAT (SEATROW,SEATNUMBER,ZONE,THEATREID) values ('C',20,'General',2);
Insert into WATCHANAN.SEAT (SEATROW,SEATNUMBER,ZONE,THEATREID) values ('D',20,'General',2);
Insert into WATCHANAN.SEAT (SEATROW,SEATNUMBER,ZONE,THEATREID) values ('E',20,'General',2);
Insert into WATCHANAN.SEAT (SEATROW,SEATNUMBER,ZONE,THEATREID) values ('F',20,'General',2);
Insert into WATCHANAN.SEAT (SEATROW,SEATNUMBER,ZONE,THEATREID) values ('G',20,'General',2);
Insert into WATCHANAN.SEAT (SEATROW,SEATNUMBER,ZONE,THEATREID) values ('H',20,'General',2);
Insert into WATCHANAN.SEAT (SEATROW,SEATNUMBER,ZONE,THEATREID) values ('I',20,'General',2);
Insert into WATCHANAN.SEAT (SEATROW,SEATNUMBER,ZONE,THEATREID) values ('J',20,'General',2);
Insert into WATCHANAN.SEAT (SEATROW,SEATNUMBER,ZONE,THEATREID) values ('K',20,'General',2);
Insert into WATCHANAN.SEAT (SEATROW,SEATNUMBER,ZONE,THEATREID) values ('L',20,'General',2);
Insert into WATCHANAN.SEAT (SEATROW,SEATNUMBER,ZONE,THEATREID) values ('A',1,'General',3);
Insert into WATCHANAN.SEAT (SEATROW,SEATNUMBER,ZONE,THEATREID) values ('B',1,'General',3);
Insert into WATCHANAN.SEAT (SEATROW,SEATNUMBER,ZONE,THEATREID) values ('C',1,'General',3);
Insert into WATCHANAN.SEAT (SEATROW,SEATNUMBER,ZONE,THEATREID) values ('D',1,'General',3);
Insert into WATCHANAN.SEAT (SEATROW,SEATNUMBER,ZONE,THEATREID) values ('E',1,'General',3);
Insert into WATCHANAN.SEAT (SEATROW,SEATNUMBER,ZONE,THEATREID) values ('F',1,'General',3);
Insert into WATCHANAN.SEAT (SEATROW,SEATNUMBER,ZONE,THEATREID) values ('G',1,'General',3);
Insert into WATCHANAN.SEAT (SEATROW,SEATNUMBER,ZONE,THEATREID) values ('H',1,'General',3);
Insert into WATCHANAN.SEAT (SEATROW,SEATNUMBER,ZONE,THEATREID) values ('I',1,'General',3);
Insert into WATCHANAN.SEAT (SEATROW,SEATNUMBER,ZONE,THEATREID) values ('J',1,'General',3);
Insert into WATCHANAN.SEAT (SEATROW,SEATNUMBER,ZONE,THEATREID) values ('K',1,'General',3);
Insert into WATCHANAN.SEAT (SEATROW,SEATNUMBER,ZONE,THEATREID) values ('L',1,'General',3);
Insert into WATCHANAN.SEAT (SEATROW,SEATNUMBER,ZONE,THEATREID) values ('A',2,'General',3);
Insert into WATCHANAN.SEAT (SEATROW,SEATNUMBER,ZONE,THEATREID) values ('B',2,'General',3);
Insert into WATCHANAN.SEAT (SEATROW,SEATNUMBER,ZONE,THEATREID) values ('C',2,'General',3);
Insert into WATCHANAN.SEAT (SEATROW,SEATNUMBER,ZONE,THEATREID) values ('D',2,'General',3);
Insert into WATCHANAN.SEAT (SEATROW,SEATNUMBER,ZONE,THEATREID) values ('E',2,'General',3);
Insert into WATCHANAN.SEAT (SEATROW,SEATNUMBER,ZONE,THEATREID) values ('F',2,'General',3);
Insert into WATCHANAN.SEAT (SEATROW,SEATNUMBER,ZONE,THEATREID) values ('G',2,'General',3);
Insert into WATCHANAN.SEAT (SEATROW,SEATNUMBER,ZONE,THEATREID) values ('H',2,'General',3);
Insert into WATCHANAN.SEAT (SEATROW,SEATNUMBER,ZONE,THEATREID) values ('I',2,'General',3);
Insert into WATCHANAN.SEAT (SEATROW,SEATNUMBER,ZONE,THEATREID) values ('J',2,'General',3);
Insert into WATCHANAN.SEAT (SEATROW,SEATNUMBER,ZONE,THEATREID) values ('K',2,'General',3);
Insert into WATCHANAN.SEAT (SEATROW,SEATNUMBER,ZONE,THEATREID) values ('L',2,'General',3);
Insert into WATCHANAN.SEAT (SEATROW,SEATNUMBER,ZONE,THEATREID) values ('A',3,'General',3);
Insert into WATCHANAN.SEAT (SEATROW,SEATNUMBER,ZONE,THEATREID) values ('B',3,'General',3);
Insert into WATCHANAN.SEAT (SEATROW,SEATNUMBER,ZONE,THEATREID) values ('C',3,'General',3);
Insert into WATCHANAN.SEAT (SEATROW,SEATNUMBER,ZONE,THEATREID) values ('D',3,'General',3);
Insert into WATCHANAN.SEAT (SEATROW,SEATNUMBER,ZONE,THEATREID) values ('E',3,'General',3);
Insert into WATCHANAN.SEAT (SEATROW,SEATNUMBER,ZONE,THEATREID) values ('F',3,'General',3);
Insert into WATCHANAN.SEAT (SEATROW,SEATNUMBER,ZONE,THEATREID) values ('G',3,'General',3);
Insert into WATCHANAN.SEAT (SEATROW,SEATNUMBER,ZONE,THEATREID) values ('H',3,'General',3);
Insert into WATCHANAN.SEAT (SEATROW,SEATNUMBER,ZONE,THEATREID) values ('I',3,'General',3);
Insert into WATCHANAN.SEAT (SEATROW,SEATNUMBER,ZONE,THEATREID) values ('J',3,'General',3);
Insert into WATCHANAN.SEAT (SEATROW,SEATNUMBER,ZONE,THEATREID) values ('K',3,'General',3);
Insert into WATCHANAN.SEAT (SEATROW,SEATNUMBER,ZONE,THEATREID) values ('L',3,'General',3);
Insert into WATCHANAN.SEAT (SEATROW,SEATNUMBER,ZONE,THEATREID) values ('A',4,'General',3);
Insert into WATCHANAN.SEAT (SEATROW,SEATNUMBER,ZONE,THEATREID) values ('B',4,'General',3);
Insert into WATCHANAN.SEAT (SEATROW,SEATNUMBER,ZONE,THEATREID) values ('C',4,'General',3);
Insert into WATCHANAN.SEAT (SEATROW,SEATNUMBER,ZONE,THEATREID) values ('D',4,'General',3);
Insert into WATCHANAN.SEAT (SEATROW,SEATNUMBER,ZONE,THEATREID) values ('E',4,'General',3);
Insert into WATCHANAN.SEAT (SEATROW,SEATNUMBER,ZONE,THEATREID) values ('F',4,'General',3);
Insert into WATCHANAN.SEAT (SEATROW,SEATNUMBER,ZONE,THEATREID) values ('G',4,'General',3);
Insert into WATCHANAN.SEAT (SEATROW,SEATNUMBER,ZONE,THEATREID) values ('H',4,'General',3);
Insert into WATCHANAN.SEAT (SEATROW,SEATNUMBER,ZONE,THEATREID) values ('I',4,'General',3);
Insert into WATCHANAN.SEAT (SEATROW,SEATNUMBER,ZONE,THEATREID) values ('J',4,'General',3);
Insert into WATCHANAN.SEAT (SEATROW,SEATNUMBER,ZONE,THEATREID) values ('K',4,'General',3);
Insert into WATCHANAN.SEAT (SEATROW,SEATNUMBER,ZONE,THEATREID) values ('L',4,'General',3);
Insert into WATCHANAN.SEAT (SEATROW,SEATNUMBER,ZONE,THEATREID) values ('A',5,'General',3);
Insert into WATCHANAN.SEAT (SEATROW,SEATNUMBER,ZONE,THEATREID) values ('B',5,'General',3);
Insert into WATCHANAN.SEAT (SEATROW,SEATNUMBER,ZONE,THEATREID) values ('C',5,'General',3);
Insert into WATCHANAN.SEAT (SEATROW,SEATNUMBER,ZONE,THEATREID) values ('D',5,'General',3);
Insert into WATCHANAN.SEAT (SEATROW,SEATNUMBER,ZONE,THEATREID) values ('E',5,'General',3);
Insert into WATCHANAN.SEAT (SEATROW,SEATNUMBER,ZONE,THEATREID) values ('F',5,'General',3);
Insert into WATCHANAN.SEAT (SEATROW,SEATNUMBER,ZONE,THEATREID) values ('G',5,'General',3);
Insert into WATCHANAN.SEAT (SEATROW,SEATNUMBER,ZONE,THEATREID) values ('H',5,'General',3);
Insert into WATCHANAN.SEAT (SEATROW,SEATNUMBER,ZONE,THEATREID) values ('I',5,'General',3);
Insert into WATCHANAN.SEAT (SEATROW,SEATNUMBER,ZONE,THEATREID) values ('J',5,'General',3);
Insert into WATCHANAN.SEAT (SEATROW,SEATNUMBER,ZONE,THEATREID) values ('K',5,'General',3);
Insert into WATCHANAN.SEAT (SEATROW,SEATNUMBER,ZONE,THEATREID) values ('L',5,'General',3);
Insert into WATCHANAN.SEAT (SEATROW,SEATNUMBER,ZONE,THEATREID) values ('A',6,'General',3);
Insert into WATCHANAN.SEAT (SEATROW,SEATNUMBER,ZONE,THEATREID) values ('B',6,'General',3);
Insert into WATCHANAN.SEAT (SEATROW,SEATNUMBER,ZONE,THEATREID) values ('C',6,'General',3);
Insert into WATCHANAN.SEAT (SEATROW,SEATNUMBER,ZONE,THEATREID) values ('D',6,'General',3);
Insert into WATCHANAN.SEAT (SEATROW,SEATNUMBER,ZONE,THEATREID) values ('E',6,'General',3);
Insert into WATCHANAN.SEAT (SEATROW,SEATNUMBER,ZONE,THEATREID) values ('F',6,'General',3);
Insert into WATCHANAN.SEAT (SEATROW,SEATNUMBER,ZONE,THEATREID) values ('G',6,'General',3);
Insert into WATCHANAN.SEAT (SEATROW,SEATNUMBER,ZONE,THEATREID) values ('H',6,'General',3);
Insert into WATCHANAN.SEAT (SEATROW,SEATNUMBER,ZONE,THEATREID) values ('I',6,'General',3);
Insert into WATCHANAN.SEAT (SEATROW,SEATNUMBER,ZONE,THEATREID) values ('J',6,'General',3);
Insert into WATCHANAN.SEAT (SEATROW,SEATNUMBER,ZONE,THEATREID) values ('K',6,'General',3);
Insert into WATCHANAN.SEAT (SEATROW,SEATNUMBER,ZONE,THEATREID) values ('L',6,'General',3);
Insert into WATCHANAN.SEAT (SEATROW,SEATNUMBER,ZONE,THEATREID) values ('A',7,'General',3);
Insert into WATCHANAN.SEAT (SEATROW,SEATNUMBER,ZONE,THEATREID) values ('B',7,'General',3);
Insert into WATCHANAN.SEAT (SEATROW,SEATNUMBER,ZONE,THEATREID) values ('C',7,'General',3);
Insert into WATCHANAN.SEAT (SEATROW,SEATNUMBER,ZONE,THEATREID) values ('D',7,'General',3);
Insert into WATCHANAN.SEAT (SEATROW,SEATNUMBER,ZONE,THEATREID) values ('E',7,'General',3);
Insert into WATCHANAN.SEAT (SEATROW,SEATNUMBER,ZONE,THEATREID) values ('F',7,'General',3);
Insert into WATCHANAN.SEAT (SEATROW,SEATNUMBER,ZONE,THEATREID) values ('G',7,'General',3);
Insert into WATCHANAN.SEAT (SEATROW,SEATNUMBER,ZONE,THEATREID) values ('H',7,'General',3);
Insert into WATCHANAN.SEAT (SEATROW,SEATNUMBER,ZONE,THEATREID) values ('I',7,'General',3);
Insert into WATCHANAN.SEAT (SEATROW,SEATNUMBER,ZONE,THEATREID) values ('J',7,'General',3);
Insert into WATCHANAN.SEAT (SEATROW,SEATNUMBER,ZONE,THEATREID) values ('K',7,'General',3);
Insert into WATCHANAN.SEAT (SEATROW,SEATNUMBER,ZONE,THEATREID) values ('L',7,'General',3);
Insert into WATCHANAN.SEAT (SEATROW,SEATNUMBER,ZONE,THEATREID) values ('A',8,'General',3);
Insert into WATCHANAN.SEAT (SEATROW,SEATNUMBER,ZONE,THEATREID) values ('B',8,'General',3);
Insert into WATCHANAN.SEAT (SEATROW,SEATNUMBER,ZONE,THEATREID) values ('C',8,'General',3);
Insert into WATCHANAN.SEAT (SEATROW,SEATNUMBER,ZONE,THEATREID) values ('D',8,'General',3);
Insert into WATCHANAN.SEAT (SEATROW,SEATNUMBER,ZONE,THEATREID) values ('E',8,'General',3);
Insert into WATCHANAN.SEAT (SEATROW,SEATNUMBER,ZONE,THEATREID) values ('F',8,'General',3);
Insert into WATCHANAN.SEAT (SEATROW,SEATNUMBER,ZONE,THEATREID) values ('G',8,'General',3);
Insert into WATCHANAN.SEAT (SEATROW,SEATNUMBER,ZONE,THEATREID) values ('H',8,'General',3);
Insert into WATCHANAN.SEAT (SEATROW,SEATNUMBER,ZONE,THEATREID) values ('I',8,'General',3);
Insert into WATCHANAN.SEAT (SEATROW,SEATNUMBER,ZONE,THEATREID) values ('J',8,'General',3);
Insert into WATCHANAN.SEAT (SEATROW,SEATNUMBER,ZONE,THEATREID) values ('K',8,'General',3);
Insert into WATCHANAN.SEAT (SEATROW,SEATNUMBER,ZONE,THEATREID) values ('L',8,'General',3);
Insert into WATCHANAN.SEAT (SEATROW,SEATNUMBER,ZONE,THEATREID) values ('A',9,'General',3);
Insert into WATCHANAN.SEAT (SEATROW,SEATNUMBER,ZONE,THEATREID) values ('B',9,'General',3);
Insert into WATCHANAN.SEAT (SEATROW,SEATNUMBER,ZONE,THEATREID) values ('C',9,'General',3);
Insert into WATCHANAN.SEAT (SEATROW,SEATNUMBER,ZONE,THEATREID) values ('D',9,'General',3);
Insert into WATCHANAN.SEAT (SEATROW,SEATNUMBER,ZONE,THEATREID) values ('E',9,'General',3);
Insert into WATCHANAN.SEAT (SEATROW,SEATNUMBER,ZONE,THEATREID) values ('F',9,'General',3);
Insert into WATCHANAN.SEAT (SEATROW,SEATNUMBER,ZONE,THEATREID) values ('G',9,'General',3);
Insert into WATCHANAN.SEAT (SEATROW,SEATNUMBER,ZONE,THEATREID) values ('H',9,'General',3);
Insert into WATCHANAN.SEAT (SEATROW,SEATNUMBER,ZONE,THEATREID) values ('I',9,'General',3);
Insert into WATCHANAN.SEAT (SEATROW,SEATNUMBER,ZONE,THEATREID) values ('J',9,'General',3);
Insert into WATCHANAN.SEAT (SEATROW,SEATNUMBER,ZONE,THEATREID) values ('K',9,'General',3);
Insert into WATCHANAN.SEAT (SEATROW,SEATNUMBER,ZONE,THEATREID) values ('L',9,'General',3);
Insert into WATCHANAN.SEAT (SEATROW,SEATNUMBER,ZONE,THEATREID) values ('A',10,'General',3);
Insert into WATCHANAN.SEAT (SEATROW,SEATNUMBER,ZONE,THEATREID) values ('B',10,'General',3);
Insert into WATCHANAN.SEAT (SEATROW,SEATNUMBER,ZONE,THEATREID) values ('C',10,'General',3);
Insert into WATCHANAN.SEAT (SEATROW,SEATNUMBER,ZONE,THEATREID) values ('D',10,'General',3);
Insert into WATCHANAN.SEAT (SEATROW,SEATNUMBER,ZONE,THEATREID) values ('E',10,'General',3);
Insert into WATCHANAN.SEAT (SEATROW,SEATNUMBER,ZONE,THEATREID) values ('F',10,'General',3);
Insert into WATCHANAN.SEAT (SEATROW,SEATNUMBER,ZONE,THEATREID) values ('G',10,'General',3);
Insert into WATCHANAN.SEAT (SEATROW,SEATNUMBER,ZONE,THEATREID) values ('H',10,'General',3);
Insert into WATCHANAN.SEAT (SEATROW,SEATNUMBER,ZONE,THEATREID) values ('I',10,'General',3);
Insert into WATCHANAN.SEAT (SEATROW,SEATNUMBER,ZONE,THEATREID) values ('J',10,'General',3);
Insert into WATCHANAN.SEAT (SEATROW,SEATNUMBER,ZONE,THEATREID) values ('K',10,'General',3);
Insert into WATCHANAN.SEAT (SEATROW,SEATNUMBER,ZONE,THEATREID) values ('L',10,'General',3);
Insert into WATCHANAN.SEAT (SEATROW,SEATNUMBER,ZONE,THEATREID) values ('A',11,'General',3);
Insert into WATCHANAN.SEAT (SEATROW,SEATNUMBER,ZONE,THEATREID) values ('B',11,'General',3);
Insert into WATCHANAN.SEAT (SEATROW,SEATNUMBER,ZONE,THEATREID) values ('C',11,'General',3);
Insert into WATCHANAN.SEAT (SEATROW,SEATNUMBER,ZONE,THEATREID) values ('D',11,'General',3);
Insert into WATCHANAN.SEAT (SEATROW,SEATNUMBER,ZONE,THEATREID) values ('E',11,'General',3);
Insert into WATCHANAN.SEAT (SEATROW,SEATNUMBER,ZONE,THEATREID) values ('F',11,'General',3);
Insert into WATCHANAN.SEAT (SEATROW,SEATNUMBER,ZONE,THEATREID) values ('G',11,'General',3);
Insert into WATCHANAN.SEAT (SEATROW,SEATNUMBER,ZONE,THEATREID) values ('H',11,'General',3);
Insert into WATCHANAN.SEAT (SEATROW,SEATNUMBER,ZONE,THEATREID) values ('I',11,'General',3);
Insert into WATCHANAN.SEAT (SEATROW,SEATNUMBER,ZONE,THEATREID) values ('J',11,'General',3);
Insert into WATCHANAN.SEAT (SEATROW,SEATNUMBER,ZONE,THEATREID) values ('K',11,'General',3);
Insert into WATCHANAN.SEAT (SEATROW,SEATNUMBER,ZONE,THEATREID) values ('L',11,'General',3);
Insert into WATCHANAN.SEAT (SEATROW,SEATNUMBER,ZONE,THEATREID) values ('A',12,'General',3);
Insert into WATCHANAN.SEAT (SEATROW,SEATNUMBER,ZONE,THEATREID) values ('B',12,'General',3);
Insert into WATCHANAN.SEAT (SEATROW,SEATNUMBER,ZONE,THEATREID) values ('C',12,'General',3);
Insert into WATCHANAN.SEAT (SEATROW,SEATNUMBER,ZONE,THEATREID) values ('D',12,'General',3);
Insert into WATCHANAN.SEAT (SEATROW,SEATNUMBER,ZONE,THEATREID) values ('E',12,'General',3);
Insert into WATCHANAN.SEAT (SEATROW,SEATNUMBER,ZONE,THEATREID) values ('F',12,'General',3);
Insert into WATCHANAN.SEAT (SEATROW,SEATNUMBER,ZONE,THEATREID) values ('G',12,'General',3);
Insert into WATCHANAN.SEAT (SEATROW,SEATNUMBER,ZONE,THEATREID) values ('H',12,'General',3);
Insert into WATCHANAN.SEAT (SEATROW,SEATNUMBER,ZONE,THEATREID) values ('I',12,'General',3);
Insert into WATCHANAN.SEAT (SEATROW,SEATNUMBER,ZONE,THEATREID) values ('J',12,'General',3);
Insert into WATCHANAN.SEAT (SEATROW,SEATNUMBER,ZONE,THEATREID) values ('K',12,'General',3);
Insert into WATCHANAN.SEAT (SEATROW,SEATNUMBER,ZONE,THEATREID) values ('L',12,'General',3);
Insert into WATCHANAN.SEAT (SEATROW,SEATNUMBER,ZONE,THEATREID) values ('A',13,'General',3);
Insert into WATCHANAN.SEAT (SEATROW,SEATNUMBER,ZONE,THEATREID) values ('B',13,'General',3);
Insert into WATCHANAN.SEAT (SEATROW,SEATNUMBER,ZONE,THEATREID) values ('C',13,'General',3);
Insert into WATCHANAN.SEAT (SEATROW,SEATNUMBER,ZONE,THEATREID) values ('D',13,'General',3);
Insert into WATCHANAN.SEAT (SEATROW,SEATNUMBER,ZONE,THEATREID) values ('E',13,'General',3);
Insert into WATCHANAN.SEAT (SEATROW,SEATNUMBER,ZONE,THEATREID) values ('F',13,'General',3);
Insert into WATCHANAN.SEAT (SEATROW,SEATNUMBER,ZONE,THEATREID) values ('G',13,'General',3);
Insert into WATCHANAN.SEAT (SEATROW,SEATNUMBER,ZONE,THEATREID) values ('H',13,'General',3);
Insert into WATCHANAN.SEAT (SEATROW,SEATNUMBER,ZONE,THEATREID) values ('I',13,'General',3);
Insert into WATCHANAN.SEAT (SEATROW,SEATNUMBER,ZONE,THEATREID) values ('J',13,'General',3);
Insert into WATCHANAN.SEAT (SEATROW,SEATNUMBER,ZONE,THEATREID) values ('K',13,'General',3);
Insert into WATCHANAN.SEAT (SEATROW,SEATNUMBER,ZONE,THEATREID) values ('L',13,'General',3);
Insert into WATCHANAN.SEAT (SEATROW,SEATNUMBER,ZONE,THEATREID) values ('A',14,'General',3);
Insert into WATCHANAN.SEAT (SEATROW,SEATNUMBER,ZONE,THEATREID) values ('B',14,'General',3);
Insert into WATCHANAN.SEAT (SEATROW,SEATNUMBER,ZONE,THEATREID) values ('C',14,'General',3);
Insert into WATCHANAN.SEAT (SEATROW,SEATNUMBER,ZONE,THEATREID) values ('D',14,'General',3);
Insert into WATCHANAN.SEAT (SEATROW,SEATNUMBER,ZONE,THEATREID) values ('E',14,'General',3);
Insert into WATCHANAN.SEAT (SEATROW,SEATNUMBER,ZONE,THEATREID) values ('F',14,'General',3);
Insert into WATCHANAN.SEAT (SEATROW,SEATNUMBER,ZONE,THEATREID) values ('G',14,'General',3);
Insert into WATCHANAN.SEAT (SEATROW,SEATNUMBER,ZONE,THEATREID) values ('H',14,'General',3);
Insert into WATCHANAN.SEAT (SEATROW,SEATNUMBER,ZONE,THEATREID) values ('I',14,'General',3);
Insert into WATCHANAN.SEAT (SEATROW,SEATNUMBER,ZONE,THEATREID) values ('J',14,'General',3);
Insert into WATCHANAN.SEAT (SEATROW,SEATNUMBER,ZONE,THEATREID) values ('K',14,'General',3);
Insert into WATCHANAN.SEAT (SEATROW,SEATNUMBER,ZONE,THEATREID) values ('L',14,'General',3);
Insert into WATCHANAN.SEAT (SEATROW,SEATNUMBER,ZONE,THEATREID) values ('A',15,'General',3);
Insert into WATCHANAN.SEAT (SEATROW,SEATNUMBER,ZONE,THEATREID) values ('B',15,'General',3);
Insert into WATCHANAN.SEAT (SEATROW,SEATNUMBER,ZONE,THEATREID) values ('C',15,'General',3);
Insert into WATCHANAN.SEAT (SEATROW,SEATNUMBER,ZONE,THEATREID) values ('D',15,'General',3);
Insert into WATCHANAN.SEAT (SEATROW,SEATNUMBER,ZONE,THEATREID) values ('E',15,'General',3);
Insert into WATCHANAN.SEAT (SEATROW,SEATNUMBER,ZONE,THEATREID) values ('F',15,'General',3);
Insert into WATCHANAN.SEAT (SEATROW,SEATNUMBER,ZONE,THEATREID) values ('G',15,'General',3);
Insert into WATCHANAN.SEAT (SEATROW,SEATNUMBER,ZONE,THEATREID) values ('H',15,'General',3);
Insert into WATCHANAN.SEAT (SEATROW,SEATNUMBER,ZONE,THEATREID) values ('I',15,'General',3);
Insert into WATCHANAN.SEAT (SEATROW,SEATNUMBER,ZONE,THEATREID) values ('J',15,'General',3);
Insert into WATCHANAN.SEAT (SEATROW,SEATNUMBER,ZONE,THEATREID) values ('K',15,'General',3);
Insert into WATCHANAN.SEAT (SEATROW,SEATNUMBER,ZONE,THEATREID) values ('L',15,'General',3);
Insert into WATCHANAN.SEAT (SEATROW,SEATNUMBER,ZONE,THEATREID) values ('A',16,'General',3);
Insert into WATCHANAN.SEAT (SEATROW,SEATNUMBER,ZONE,THEATREID) values ('B',16,'General',3);
Insert into WATCHANAN.SEAT (SEATROW,SEATNUMBER,ZONE,THEATREID) values ('C',16,'General',3);
Insert into WATCHANAN.SEAT (SEATROW,SEATNUMBER,ZONE,THEATREID) values ('D',16,'General',3);
Insert into WATCHANAN.SEAT (SEATROW,SEATNUMBER,ZONE,THEATREID) values ('E',16,'General',3);
Insert into WATCHANAN.SEAT (SEATROW,SEATNUMBER,ZONE,THEATREID) values ('F',16,'General',3);
Insert into WATCHANAN.SEAT (SEATROW,SEATNUMBER,ZONE,THEATREID) values ('G',16,'General',3);
Insert into WATCHANAN.SEAT (SEATROW,SEATNUMBER,ZONE,THEATREID) values ('H',16,'General',3);
Insert into WATCHANAN.SEAT (SEATROW,SEATNUMBER,ZONE,THEATREID) values ('I',16,'General',3);
Insert into WATCHANAN.SEAT (SEATROW,SEATNUMBER,ZONE,THEATREID) values ('J',16,'General',3);
Insert into WATCHANAN.SEAT (SEATROW,SEATNUMBER,ZONE,THEATREID) values ('K',16,'General',3);
Insert into WATCHANAN.SEAT (SEATROW,SEATNUMBER,ZONE,THEATREID) values ('L',16,'General',3);
Insert into WATCHANAN.SEAT (SEATROW,SEATNUMBER,ZONE,THEATREID) values ('A',17,'General',3);
Insert into WATCHANAN.SEAT (SEATROW,SEATNUMBER,ZONE,THEATREID) values ('B',17,'General',3);
Insert into WATCHANAN.SEAT (SEATROW,SEATNUMBER,ZONE,THEATREID) values ('C',17,'General',3);
Insert into WATCHANAN.SEAT (SEATROW,SEATNUMBER,ZONE,THEATREID) values ('D',17,'General',3);
Insert into WATCHANAN.SEAT (SEATROW,SEATNUMBER,ZONE,THEATREID) values ('E',17,'General',3);
Insert into WATCHANAN.SEAT (SEATROW,SEATNUMBER,ZONE,THEATREID) values ('F',17,'General',3);
Insert into WATCHANAN.SEAT (SEATROW,SEATNUMBER,ZONE,THEATREID) values ('G',17,'General',3);
Insert into WATCHANAN.SEAT (SEATROW,SEATNUMBER,ZONE,THEATREID) values ('H',17,'General',3);
Insert into WATCHANAN.SEAT (SEATROW,SEATNUMBER,ZONE,THEATREID) values ('I',17,'General',3);
Insert into WATCHANAN.SEAT (SEATROW,SEATNUMBER,ZONE,THEATREID) values ('J',17,'General',3);
Insert into WATCHANAN.SEAT (SEATROW,SEATNUMBER,ZONE,THEATREID) values ('K',17,'General',3);
Insert into WATCHANAN.SEAT (SEATROW,SEATNUMBER,ZONE,THEATREID) values ('L',17,'General',3);
Insert into WATCHANAN.SEAT (SEATROW,SEATNUMBER,ZONE,THEATREID) values ('A',18,'General',3);
Insert into WATCHANAN.SEAT (SEATROW,SEATNUMBER,ZONE,THEATREID) values ('B',18,'General',3);
Insert into WATCHANAN.SEAT (SEATROW,SEATNUMBER,ZONE,THEATREID) values ('C',18,'General',3);
Insert into WATCHANAN.SEAT (SEATROW,SEATNUMBER,ZONE,THEATREID) values ('D',18,'General',3);
Insert into WATCHANAN.SEAT (SEATROW,SEATNUMBER,ZONE,THEATREID) values ('E',18,'General',3);
Insert into WATCHANAN.SEAT (SEATROW,SEATNUMBER,ZONE,THEATREID) values ('F',18,'General',3);
Insert into WATCHANAN.SEAT (SEATROW,SEATNUMBER,ZONE,THEATREID) values ('G',18,'General',3);
Insert into WATCHANAN.SEAT (SEATROW,SEATNUMBER,ZONE,THEATREID) values ('H',18,'General',3);
Insert into WATCHANAN.SEAT (SEATROW,SEATNUMBER,ZONE,THEATREID) values ('I',18,'General',3);
Insert into WATCHANAN.SEAT (SEATROW,SEATNUMBER,ZONE,THEATREID) values ('J',18,'General',3);
Insert into WATCHANAN.SEAT (SEATROW,SEATNUMBER,ZONE,THEATREID) values ('K',18,'General',3);
Insert into WATCHANAN.SEAT (SEATROW,SEATNUMBER,ZONE,THEATREID) values ('L',18,'General',3);
Insert into WATCHANAN.SEAT (SEATROW,SEATNUMBER,ZONE,THEATREID) values ('A',19,'General',3);
Insert into WATCHANAN.SEAT (SEATROW,SEATNUMBER,ZONE,THEATREID) values ('B',19,'General',3);
Insert into WATCHANAN.SEAT (SEATROW,SEATNUMBER,ZONE,THEATREID) values ('C',19,'General',3);
Insert into WATCHANAN.SEAT (SEATROW,SEATNUMBER,ZONE,THEATREID) values ('D',19,'General',3);
Insert into WATCHANAN.SEAT (SEATROW,SEATNUMBER,ZONE,THEATREID) values ('E',19,'General',3);
Insert into WATCHANAN.SEAT (SEATROW,SEATNUMBER,ZONE,THEATREID) values ('F',19,'General',3);
Insert into WATCHANAN.SEAT (SEATROW,SEATNUMBER,ZONE,THEATREID) values ('G',19,'General',3);
Insert into WATCHANAN.SEAT (SEATROW,SEATNUMBER,ZONE,THEATREID) values ('H',19,'General',3);
Insert into WATCHANAN.SEAT (SEATROW,SEATNUMBER,ZONE,THEATREID) values ('I',19,'General',3);
Insert into WATCHANAN.SEAT (SEATROW,SEATNUMBER,ZONE,THEATREID) values ('J',19,'General',3);
Insert into WATCHANAN.SEAT (SEATROW,SEATNUMBER,ZONE,THEATREID) values ('K',19,'General',3);
Insert into WATCHANAN.SEAT (SEATROW,SEATNUMBER,ZONE,THEATREID) values ('L',19,'General',3);
Insert into WATCHANAN.SEAT (SEATROW,SEATNUMBER,ZONE,THEATREID) values ('A',20,'General',3);
Insert into WATCHANAN.SEAT (SEATROW,SEATNUMBER,ZONE,THEATREID) values ('B',20,'General',3);
Insert into WATCHANAN.SEAT (SEATROW,SEATNUMBER,ZONE,THEATREID) values ('C',20,'General',3);
Insert into WATCHANAN.SEAT (SEATROW,SEATNUMBER,ZONE,THEATREID) values ('D',20,'General',3);
Insert into WATCHANAN.SEAT (SEATROW,SEATNUMBER,ZONE,THEATREID) values ('E',20,'General',3);
Insert into WATCHANAN.SEAT (SEATROW,SEATNUMBER,ZONE,THEATREID) values ('F',20,'General',3);
Insert into WATCHANAN.SEAT (SEATROW,SEATNUMBER,ZONE,THEATREID) values ('G',20,'General',3);
Insert into WATCHANAN.SEAT (SEATROW,SEATNUMBER,ZONE,THEATREID) values ('H',20,'General',3);
Insert into WATCHANAN.SEAT (SEATROW,SEATNUMBER,ZONE,THEATREID) values ('I',20,'General',3);
Insert into WATCHANAN.SEAT (SEATROW,SEATNUMBER,ZONE,THEATREID) values ('J',20,'General',3);
Insert into WATCHANAN.SEAT (SEATROW,SEATNUMBER,ZONE,THEATREID) values ('K',20,'General',3);
Insert into WATCHANAN.SEAT (SEATROW,SEATNUMBER,ZONE,THEATREID) values ('L',20,'General',3);
Insert into WATCHANAN.SEAT (SEATROW,SEATNUMBER,ZONE,THEATREID) values ('A',1,'General',4);
Insert into WATCHANAN.SEAT (SEATROW,SEATNUMBER,ZONE,THEATREID) values ('B',1,'General',4);
Insert into WATCHANAN.SEAT (SEATROW,SEATNUMBER,ZONE,THEATREID) values ('C',1,'General',4);
Insert into WATCHANAN.SEAT (SEATROW,SEATNUMBER,ZONE,THEATREID) values ('D',1,'General',4);
Insert into WATCHANAN.SEAT (SEATROW,SEATNUMBER,ZONE,THEATREID) values ('E',1,'General',4);
Insert into WATCHANAN.SEAT (SEATROW,SEATNUMBER,ZONE,THEATREID) values ('F',1,'General',4);
Insert into WATCHANAN.SEAT (SEATROW,SEATNUMBER,ZONE,THEATREID) values ('G',1,'General',4);
Insert into WATCHANAN.SEAT (SEATROW,SEATNUMBER,ZONE,THEATREID) values ('H',1,'General',4);
Insert into WATCHANAN.SEAT (SEATROW,SEATNUMBER,ZONE,THEATREID) values ('I',1,'General',4);
Insert into WATCHANAN.SEAT (SEATROW,SEATNUMBER,ZONE,THEATREID) values ('J',1,'General',4);
Insert into WATCHANAN.SEAT (SEATROW,SEATNUMBER,ZONE,THEATREID) values ('K',1,'General',4);
Insert into WATCHANAN.SEAT (SEATROW,SEATNUMBER,ZONE,THEATREID) values ('L',1,'General',4);
Insert into WATCHANAN.SEAT (SEATROW,SEATNUMBER,ZONE,THEATREID) values ('A',2,'General',4);
Insert into WATCHANAN.SEAT (SEATROW,SEATNUMBER,ZONE,THEATREID) values ('B',2,'General',4);
Insert into WATCHANAN.SEAT (SEATROW,SEATNUMBER,ZONE,THEATREID) values ('C',2,'General',4);
Insert into WATCHANAN.SEAT (SEATROW,SEATNUMBER,ZONE,THEATREID) values ('D',2,'General',4);
Insert into WATCHANAN.SEAT (SEATROW,SEATNUMBER,ZONE,THEATREID) values ('E',2,'General',4);
Insert into WATCHANAN.SEAT (SEATROW,SEATNUMBER,ZONE,THEATREID) values ('F',2,'General',4);
Insert into WATCHANAN.SEAT (SEATROW,SEATNUMBER,ZONE,THEATREID) values ('G',2,'General',4);
Insert into WATCHANAN.SEAT (SEATROW,SEATNUMBER,ZONE,THEATREID) values ('H',2,'General',4);
Insert into WATCHANAN.SEAT (SEATROW,SEATNUMBER,ZONE,THEATREID) values ('I',2,'General',4);
Insert into WATCHANAN.SEAT (SEATROW,SEATNUMBER,ZONE,THEATREID) values ('J',2,'General',4);
Insert into WATCHANAN.SEAT (SEATROW,SEATNUMBER,ZONE,THEATREID) values ('K',2,'General',4);
Insert into WATCHANAN.SEAT (SEATROW,SEATNUMBER,ZONE,THEATREID) values ('L',2,'General',4);
Insert into WATCHANAN.SEAT (SEATROW,SEATNUMBER,ZONE,THEATREID) values ('A',3,'General',4);
Insert into WATCHANAN.SEAT (SEATROW,SEATNUMBER,ZONE,THEATREID) values ('B',3,'General',4);
Insert into WATCHANAN.SEAT (SEATROW,SEATNUMBER,ZONE,THEATREID) values ('C',3,'General',4);
Insert into WATCHANAN.SEAT (SEATROW,SEATNUMBER,ZONE,THEATREID) values ('D',3,'General',4);
Insert into WATCHANAN.SEAT (SEATROW,SEATNUMBER,ZONE,THEATREID) values ('E',3,'General',4);
Insert into WATCHANAN.SEAT (SEATROW,SEATNUMBER,ZONE,THEATREID) values ('F',3,'General',4);
Insert into WATCHANAN.SEAT (SEATROW,SEATNUMBER,ZONE,THEATREID) values ('G',3,'General',4);
Insert into WATCHANAN.SEAT (SEATROW,SEATNUMBER,ZONE,THEATREID) values ('H',3,'General',4);
Insert into WATCHANAN.SEAT (SEATROW,SEATNUMBER,ZONE,THEATREID) values ('I',3,'General',4);
Insert into WATCHANAN.SEAT (SEATROW,SEATNUMBER,ZONE,THEATREID) values ('J',3,'General',4);
Insert into WATCHANAN.SEAT (SEATROW,SEATNUMBER,ZONE,THEATREID) values ('K',3,'General',4);
Insert into WATCHANAN.SEAT (SEATROW,SEATNUMBER,ZONE,THEATREID) values ('L',3,'General',4);
Insert into WATCHANAN.SEAT (SEATROW,SEATNUMBER,ZONE,THEATREID) values ('A',4,'General',4);
Insert into WATCHANAN.SEAT (SEATROW,SEATNUMBER,ZONE,THEATREID) values ('B',4,'General',4);
Insert into WATCHANAN.SEAT (SEATROW,SEATNUMBER,ZONE,THEATREID) values ('C',4,'General',4);
Insert into WATCHANAN.SEAT (SEATROW,SEATNUMBER,ZONE,THEATREID) values ('D',4,'General',4);
Insert into WATCHANAN.SEAT (SEATROW,SEATNUMBER,ZONE,THEATREID) values ('E',4,'General',4);
Insert into WATCHANAN.SEAT (SEATROW,SEATNUMBER,ZONE,THEATREID) values ('F',4,'General',4);
Insert into WATCHANAN.SEAT (SEATROW,SEATNUMBER,ZONE,THEATREID) values ('G',4,'General',4);
Insert into WATCHANAN.SEAT (SEATROW,SEATNUMBER,ZONE,THEATREID) values ('H',4,'General',4);
Insert into WATCHANAN.SEAT (SEATROW,SEATNUMBER,ZONE,THEATREID) values ('I',4,'General',4);
Insert into WATCHANAN.SEAT (SEATROW,SEATNUMBER,ZONE,THEATREID) values ('J',4,'General',4);
Insert into WATCHANAN.SEAT (SEATROW,SEATNUMBER,ZONE,THEATREID) values ('K',4,'General',4);
Insert into WATCHANAN.SEAT (SEATROW,SEATNUMBER,ZONE,THEATREID) values ('L',4,'General',4);
Insert into WATCHANAN.SEAT (SEATROW,SEATNUMBER,ZONE,THEATREID) values ('A',5,'General',4);
Insert into WATCHANAN.SEAT (SEATROW,SEATNUMBER,ZONE,THEATREID) values ('B',5,'General',4);
Insert into WATCHANAN.SEAT (SEATROW,SEATNUMBER,ZONE,THEATREID) values ('C',5,'General',4);
Insert into WATCHANAN.SEAT (SEATROW,SEATNUMBER,ZONE,THEATREID) values ('D',5,'General',4);
Insert into WATCHANAN.SEAT (SEATROW,SEATNUMBER,ZONE,THEATREID) values ('E',5,'General',4);
Insert into WATCHANAN.SEAT (SEATROW,SEATNUMBER,ZONE,THEATREID) values ('F',5,'General',4);
Insert into WATCHANAN.SEAT (SEATROW,SEATNUMBER,ZONE,THEATREID) values ('G',5,'General',4);
Insert into WATCHANAN.SEAT (SEATROW,SEATNUMBER,ZONE,THEATREID) values ('H',5,'General',4);
Insert into WATCHANAN.SEAT (SEATROW,SEATNUMBER,ZONE,THEATREID) values ('I',5,'General',4);
Insert into WATCHANAN.SEAT (SEATROW,SEATNUMBER,ZONE,THEATREID) values ('J',5,'General',4);
Insert into WATCHANAN.SEAT (SEATROW,SEATNUMBER,ZONE,THEATREID) values ('K',5,'General',4);
Insert into WATCHANAN.SEAT (SEATROW,SEATNUMBER,ZONE,THEATREID) values ('L',5,'General',4);
Insert into WATCHANAN.SEAT (SEATROW,SEATNUMBER,ZONE,THEATREID) values ('A',6,'General',4);
Insert into WATCHANAN.SEAT (SEATROW,SEATNUMBER,ZONE,THEATREID) values ('B',6,'General',4);
Insert into WATCHANAN.SEAT (SEATROW,SEATNUMBER,ZONE,THEATREID) values ('C',6,'General',4);
Insert into WATCHANAN.SEAT (SEATROW,SEATNUMBER,ZONE,THEATREID) values ('D',6,'General',4);
Insert into WATCHANAN.SEAT (SEATROW,SEATNUMBER,ZONE,THEATREID) values ('E',6,'General',4);
Insert into WATCHANAN.SEAT (SEATROW,SEATNUMBER,ZONE,THEATREID) values ('F',6,'General',4);
Insert into WATCHANAN.SEAT (SEATROW,SEATNUMBER,ZONE,THEATREID) values ('G',6,'General',4);
Insert into WATCHANAN.SEAT (SEATROW,SEATNUMBER,ZONE,THEATREID) values ('H',6,'General',4);
Insert into WATCHANAN.SEAT (SEATROW,SEATNUMBER,ZONE,THEATREID) values ('I',6,'General',4);
Insert into WATCHANAN.SEAT (SEATROW,SEATNUMBER,ZONE,THEATREID) values ('J',6,'General',4);
Insert into WATCHANAN.SEAT (SEATROW,SEATNUMBER,ZONE,THEATREID) values ('K',6,'General',4);
Insert into WATCHANAN.SEAT (SEATROW,SEATNUMBER,ZONE,THEATREID) values ('L',6,'General',4);
Insert into WATCHANAN.SEAT (SEATROW,SEATNUMBER,ZONE,THEATREID) values ('A',7,'General',4);
Insert into WATCHANAN.SEAT (SEATROW,SEATNUMBER,ZONE,THEATREID) values ('B',7,'General',4);
Insert into WATCHANAN.SEAT (SEATROW,SEATNUMBER,ZONE,THEATREID) values ('C',7,'General',4);
Insert into WATCHANAN.SEAT (SEATROW,SEATNUMBER,ZONE,THEATREID) values ('D',7,'General',4);
Insert into WATCHANAN.SEAT (SEATROW,SEATNUMBER,ZONE,THEATREID) values ('E',7,'General',4);
Insert into WATCHANAN.SEAT (SEATROW,SEATNUMBER,ZONE,THEATREID) values ('F',7,'General',4);
Insert into WATCHANAN.SEAT (SEATROW,SEATNUMBER,ZONE,THEATREID) values ('G',7,'General',4);
Insert into WATCHANAN.SEAT (SEATROW,SEATNUMBER,ZONE,THEATREID) values ('H',7,'General',4);
Insert into WATCHANAN.SEAT (SEATROW,SEATNUMBER,ZONE,THEATREID) values ('I',7,'General',4);
Insert into WATCHANAN.SEAT (SEATROW,SEATNUMBER,ZONE,THEATREID) values ('J',7,'General',4);
Insert into WATCHANAN.SEAT (SEATROW,SEATNUMBER,ZONE,THEATREID) values ('K',7,'General',4);
Insert into WATCHANAN.SEAT (SEATROW,SEATNUMBER,ZONE,THEATREID) values ('L',7,'General',4);
Insert into WATCHANAN.SEAT (SEATROW,SEATNUMBER,ZONE,THEATREID) values ('A',8,'General',4);
Insert into WATCHANAN.SEAT (SEATROW,SEATNUMBER,ZONE,THEATREID) values ('B',8,'General',4);
Insert into WATCHANAN.SEAT (SEATROW,SEATNUMBER,ZONE,THEATREID) values ('C',8,'General',4);
Insert into WATCHANAN.SEAT (SEATROW,SEATNUMBER,ZONE,THEATREID) values ('D',8,'General',4);
Insert into WATCHANAN.SEAT (SEATROW,SEATNUMBER,ZONE,THEATREID) values ('E',8,'General',4);
Insert into WATCHANAN.SEAT (SEATROW,SEATNUMBER,ZONE,THEATREID) values ('F',8,'General',4);
Insert into WATCHANAN.SEAT (SEATROW,SEATNUMBER,ZONE,THEATREID) values ('G',8,'General',4);
Insert into WATCHANAN.SEAT (SEATROW,SEATNUMBER,ZONE,THEATREID) values ('H',8,'General',4);
Insert into WATCHANAN.SEAT (SEATROW,SEATNUMBER,ZONE,THEATREID) values ('I',8,'General',4);
Insert into WATCHANAN.SEAT (SEATROW,SEATNUMBER,ZONE,THEATREID) values ('J',8,'General',4);
Insert into WATCHANAN.SEAT (SEATROW,SEATNUMBER,ZONE,THEATREID) values ('K',8,'General',4);
Insert into WATCHANAN.SEAT (SEATROW,SEATNUMBER,ZONE,THEATREID) values ('L',8,'General',4);
Insert into WATCHANAN.SEAT (SEATROW,SEATNUMBER,ZONE,THEATREID) values ('A',9,'General',4);
Insert into WATCHANAN.SEAT (SEATROW,SEATNUMBER,ZONE,THEATREID) values ('B',9,'General',4);
Insert into WATCHANAN.SEAT (SEATROW,SEATNUMBER,ZONE,THEATREID) values ('C',9,'General',4);
Insert into WATCHANAN.SEAT (SEATROW,SEATNUMBER,ZONE,THEATREID) values ('D',9,'General',4);
Insert into WATCHANAN.SEAT (SEATROW,SEATNUMBER,ZONE,THEATREID) values ('E',9,'General',4);
Insert into WATCHANAN.SEAT (SEATROW,SEATNUMBER,ZONE,THEATREID) values ('F',9,'General',4);
Insert into WATCHANAN.SEAT (SEATROW,SEATNUMBER,ZONE,THEATREID) values ('G',9,'General',4);
Insert into WATCHANAN.SEAT (SEATROW,SEATNUMBER,ZONE,THEATREID) values ('H',9,'General',4);
Insert into WATCHANAN.SEAT (SEATROW,SEATNUMBER,ZONE,THEATREID) values ('I',9,'General',4);
Insert into WATCHANAN.SEAT (SEATROW,SEATNUMBER,ZONE,THEATREID) values ('J',9,'General',4);
Insert into WATCHANAN.SEAT (SEATROW,SEATNUMBER,ZONE,THEATREID) values ('K',9,'General',4);
Insert into WATCHANAN.SEAT (SEATROW,SEATNUMBER,ZONE,THEATREID) values ('L',9,'General',4);
Insert into WATCHANAN.SEAT (SEATROW,SEATNUMBER,ZONE,THEATREID) values ('A',10,'General',4);
Insert into WATCHANAN.SEAT (SEATROW,SEATNUMBER,ZONE,THEATREID) values ('B',10,'General',4);
Insert into WATCHANAN.SEAT (SEATROW,SEATNUMBER,ZONE,THEATREID) values ('C',10,'General',4);
Insert into WATCHANAN.SEAT (SEATROW,SEATNUMBER,ZONE,THEATREID) values ('D',10,'General',4);
Insert into WATCHANAN.SEAT (SEATROW,SEATNUMBER,ZONE,THEATREID) values ('E',10,'General',4);
Insert into WATCHANAN.SEAT (SEATROW,SEATNUMBER,ZONE,THEATREID) values ('F',10,'General',4);
Insert into WATCHANAN.SEAT (SEATROW,SEATNUMBER,ZONE,THEATREID) values ('G',10,'General',4);
Insert into WATCHANAN.SEAT (SEATROW,SEATNUMBER,ZONE,THEATREID) values ('H',10,'General',4);
Insert into WATCHANAN.SEAT (SEATROW,SEATNUMBER,ZONE,THEATREID) values ('I',10,'General',4);
Insert into WATCHANAN.SEAT (SEATROW,SEATNUMBER,ZONE,THEATREID) values ('J',10,'General',4);
Insert into WATCHANAN.SEAT (SEATROW,SEATNUMBER,ZONE,THEATREID) values ('K',10,'General',4);
Insert into WATCHANAN.SEAT (SEATROW,SEATNUMBER,ZONE,THEATREID) values ('L',10,'General',4);
Insert into WATCHANAN.SEAT (SEATROW,SEATNUMBER,ZONE,THEATREID) values ('A',11,'General',4);
Insert into WATCHANAN.SEAT (SEATROW,SEATNUMBER,ZONE,THEATREID) values ('B',11,'General',4);
Insert into WATCHANAN.SEAT (SEATROW,SEATNUMBER,ZONE,THEATREID) values ('C',11,'General',4);
Insert into WATCHANAN.SEAT (SEATROW,SEATNUMBER,ZONE,THEATREID) values ('D',11,'General',4);
Insert into WATCHANAN.SEAT (SEATROW,SEATNUMBER,ZONE,THEATREID) values ('E',11,'General',4);
Insert into WATCHANAN.SEAT (SEATROW,SEATNUMBER,ZONE,THEATREID) values ('F',11,'General',4);
Insert into WATCHANAN.SEAT (SEATROW,SEATNUMBER,ZONE,THEATREID) values ('G',11,'General',4);
Insert into WATCHANAN.SEAT (SEATROW,SEATNUMBER,ZONE,THEATREID) values ('H',11,'General',4);
Insert into WATCHANAN.SEAT (SEATROW,SEATNUMBER,ZONE,THEATREID) values ('I',11,'General',4);
Insert into WATCHANAN.SEAT (SEATROW,SEATNUMBER,ZONE,THEATREID) values ('J',11,'General',4);
Insert into WATCHANAN.SEAT (SEATROW,SEATNUMBER,ZONE,THEATREID) values ('K',11,'General',4);
Insert into WATCHANAN.SEAT (SEATROW,SEATNUMBER,ZONE,THEATREID) values ('L',11,'General',4);
Insert into WATCHANAN.SEAT (SEATROW,SEATNUMBER,ZONE,THEATREID) values ('A',12,'General',4);
Insert into WATCHANAN.SEAT (SEATROW,SEATNUMBER,ZONE,THEATREID) values ('B',12,'General',4);
Insert into WATCHANAN.SEAT (SEATROW,SEATNUMBER,ZONE,THEATREID) values ('C',12,'General',4);
Insert into WATCHANAN.SEAT (SEATROW,SEATNUMBER,ZONE,THEATREID) values ('D',12,'General',4);
Insert into WATCHANAN.SEAT (SEATROW,SEATNUMBER,ZONE,THEATREID) values ('E',12,'General',4);
Insert into WATCHANAN.SEAT (SEATROW,SEATNUMBER,ZONE,THEATREID) values ('F',12,'General',4);
Insert into WATCHANAN.SEAT (SEATROW,SEATNUMBER,ZONE,THEATREID) values ('G',12,'General',4);
Insert into WATCHANAN.SEAT (SEATROW,SEATNUMBER,ZONE,THEATREID) values ('H',12,'General',4);
Insert into WATCHANAN.SEAT (SEATROW,SEATNUMBER,ZONE,THEATREID) values ('I',12,'General',4);
Insert into WATCHANAN.SEAT (SEATROW,SEATNUMBER,ZONE,THEATREID) values ('J',12,'General',4);
Insert into WATCHANAN.SEAT (SEATROW,SEATNUMBER,ZONE,THEATREID) values ('K',12,'General',4);
Insert into WATCHANAN.SEAT (SEATROW,SEATNUMBER,ZONE,THEATREID) values ('L',12,'General',4);
Insert into WATCHANAN.SEAT (SEATROW,SEATNUMBER,ZONE,THEATREID) values ('A',13,'General',4);
Insert into WATCHANAN.SEAT (SEATROW,SEATNUMBER,ZONE,THEATREID) values ('B',13,'General',4);
Insert into WATCHANAN.SEAT (SEATROW,SEATNUMBER,ZONE,THEATREID) values ('C',13,'General',4);
Insert into WATCHANAN.SEAT (SEATROW,SEATNUMBER,ZONE,THEATREID) values ('D',13,'General',4);
Insert into WATCHANAN.SEAT (SEATROW,SEATNUMBER,ZONE,THEATREID) values ('E',13,'General',4);
Insert into WATCHANAN.SEAT (SEATROW,SEATNUMBER,ZONE,THEATREID) values ('F',13,'General',4);
Insert into WATCHANAN.SEAT (SEATROW,SEATNUMBER,ZONE,THEATREID) values ('G',13,'General',4);
Insert into WATCHANAN.SEAT (SEATROW,SEATNUMBER,ZONE,THEATREID) values ('H',13,'General',4);
Insert into WATCHANAN.SEAT (SEATROW,SEATNUMBER,ZONE,THEATREID) values ('I',13,'General',4);
Insert into WATCHANAN.SEAT (SEATROW,SEATNUMBER,ZONE,THEATREID) values ('J',13,'General',4);
Insert into WATCHANAN.SEAT (SEATROW,SEATNUMBER,ZONE,THEATREID) values ('K',13,'General',4);
Insert into WATCHANAN.SEAT (SEATROW,SEATNUMBER,ZONE,THEATREID) values ('L',13,'General',4);
Insert into WATCHANAN.SEAT (SEATROW,SEATNUMBER,ZONE,THEATREID) values ('A',14,'General',4);
Insert into WATCHANAN.SEAT (SEATROW,SEATNUMBER,ZONE,THEATREID) values ('B',14,'General',4);
Insert into WATCHANAN.SEAT (SEATROW,SEATNUMBER,ZONE,THEATREID) values ('C',14,'General',4);
Insert into WATCHANAN.SEAT (SEATROW,SEATNUMBER,ZONE,THEATREID) values ('D',14,'General',4);
Insert into WATCHANAN.SEAT (SEATROW,SEATNUMBER,ZONE,THEATREID) values ('E',14,'General',4);
Insert into WATCHANAN.SEAT (SEATROW,SEATNUMBER,ZONE,THEATREID) values ('F',14,'General',4);
Insert into WATCHANAN.SEAT (SEATROW,SEATNUMBER,ZONE,THEATREID) values ('G',14,'General',4);
Insert into WATCHANAN.SEAT (SEATROW,SEATNUMBER,ZONE,THEATREID) values ('H',14,'General',4);
Insert into WATCHANAN.SEAT (SEATROW,SEATNUMBER,ZONE,THEATREID) values ('I',14,'General',4);
Insert into WATCHANAN.SEAT (SEATROW,SEATNUMBER,ZONE,THEATREID) values ('J',14,'General',4);
Insert into WATCHANAN.SEAT (SEATROW,SEATNUMBER,ZONE,THEATREID) values ('K',14,'General',4);
Insert into WATCHANAN.SEAT (SEATROW,SEATNUMBER,ZONE,THEATREID) values ('L',14,'General',4);
Insert into WATCHANAN.SEAT (SEATROW,SEATNUMBER,ZONE,THEATREID) values ('A',15,'General',4);
Insert into WATCHANAN.SEAT (SEATROW,SEATNUMBER,ZONE,THEATREID) values ('B',15,'General',4);
Insert into WATCHANAN.SEAT (SEATROW,SEATNUMBER,ZONE,THEATREID) values ('C',15,'General',4);
Insert into WATCHANAN.SEAT (SEATROW,SEATNUMBER,ZONE,THEATREID) values ('D',15,'General',4);
Insert into WATCHANAN.SEAT (SEATROW,SEATNUMBER,ZONE,THEATREID) values ('E',15,'General',4);
Insert into WATCHANAN.SEAT (SEATROW,SEATNUMBER,ZONE,THEATREID) values ('F',15,'General',4);
Insert into WATCHANAN.SEAT (SEATROW,SEATNUMBER,ZONE,THEATREID) values ('G',15,'General',4);
Insert into WATCHANAN.SEAT (SEATROW,SEATNUMBER,ZONE,THEATREID) values ('H',15,'General',4);
Insert into WATCHANAN.SEAT (SEATROW,SEATNUMBER,ZONE,THEATREID) values ('I',15,'General',4);
Insert into WATCHANAN.SEAT (SEATROW,SEATNUMBER,ZONE,THEATREID) values ('J',15,'General',4);
Insert into WATCHANAN.SEAT (SEATROW,SEATNUMBER,ZONE,THEATREID) values ('K',15,'General',4);
Insert into WATCHANAN.SEAT (SEATROW,SEATNUMBER,ZONE,THEATREID) values ('L',15,'General',4);
Insert into WATCHANAN.SEAT (SEATROW,SEATNUMBER,ZONE,THEATREID) values ('A',16,'General',4);
Insert into WATCHANAN.SEAT (SEATROW,SEATNUMBER,ZONE,THEATREID) values ('B',16,'General',4);
Insert into WATCHANAN.SEAT (SEATROW,SEATNUMBER,ZONE,THEATREID) values ('C',16,'General',4);
Insert into WATCHANAN.SEAT (SEATROW,SEATNUMBER,ZONE,THEATREID) values ('D',16,'General',4);
Insert into WATCHANAN.SEAT (SEATROW,SEATNUMBER,ZONE,THEATREID) values ('E',16,'General',4);
Insert into WATCHANAN.SEAT (SEATROW,SEATNUMBER,ZONE,THEATREID) values ('F',16,'General',4);
Insert into WATCHANAN.SEAT (SEATROW,SEATNUMBER,ZONE,THEATREID) values ('G',16,'General',4);
Insert into WATCHANAN.SEAT (SEATROW,SEATNUMBER,ZONE,THEATREID) values ('H',16,'General',4);
Insert into WATCHANAN.SEAT (SEATROW,SEATNUMBER,ZONE,THEATREID) values ('I',16,'General',4);
Insert into WATCHANAN.SEAT (SEATROW,SEATNUMBER,ZONE,THEATREID) values ('J',16,'General',4);
Insert into WATCHANAN.SEAT (SEATROW,SEATNUMBER,ZONE,THEATREID) values ('K',16,'General',4);
Insert into WATCHANAN.SEAT (SEATROW,SEATNUMBER,ZONE,THEATREID) values ('L',16,'General',4);
Insert into WATCHANAN.SEAT (SEATROW,SEATNUMBER,ZONE,THEATREID) values ('A',17,'General',4);
Insert into WATCHANAN.SEAT (SEATROW,SEATNUMBER,ZONE,THEATREID) values ('B',17,'General',4);
Insert into WATCHANAN.SEAT (SEATROW,SEATNUMBER,ZONE,THEATREID) values ('C',17,'General',4);
Insert into WATCHANAN.SEAT (SEATROW,SEATNUMBER,ZONE,THEATREID) values ('D',17,'General',4);
Insert into WATCHANAN.SEAT (SEATROW,SEATNUMBER,ZONE,THEATREID) values ('E',17,'General',4);
Insert into WATCHANAN.SEAT (SEATROW,SEATNUMBER,ZONE,THEATREID) values ('F',17,'General',4);
Insert into WATCHANAN.SEAT (SEATROW,SEATNUMBER,ZONE,THEATREID) values ('G',17,'General',4);
Insert into WATCHANAN.SEAT (SEATROW,SEATNUMBER,ZONE,THEATREID) values ('H',17,'General',4);
Insert into WATCHANAN.SEAT (SEATROW,SEATNUMBER,ZONE,THEATREID) values ('I',17,'General',4);
Insert into WATCHANAN.SEAT (SEATROW,SEATNUMBER,ZONE,THEATREID) values ('J',17,'General',4);
Insert into WATCHANAN.SEAT (SEATROW,SEATNUMBER,ZONE,THEATREID) values ('K',17,'General',4);
Insert into WATCHANAN.SEAT (SEATROW,SEATNUMBER,ZONE,THEATREID) values ('L',17,'General',4);
Insert into WATCHANAN.SEAT (SEATROW,SEATNUMBER,ZONE,THEATREID) values ('A',18,'General',4);
Insert into WATCHANAN.SEAT (SEATROW,SEATNUMBER,ZONE,THEATREID) values ('B',18,'General',4);
Insert into WATCHANAN.SEAT (SEATROW,SEATNUMBER,ZONE,THEATREID) values ('C',18,'General',4);
Insert into WATCHANAN.SEAT (SEATROW,SEATNUMBER,ZONE,THEATREID) values ('D',18,'General',4);
Insert into WATCHANAN.SEAT (SEATROW,SEATNUMBER,ZONE,THEATREID) values ('E',18,'General',4);
Insert into WATCHANAN.SEAT (SEATROW,SEATNUMBER,ZONE,THEATREID) values ('F',18,'General',4);
Insert into WATCHANAN.SEAT (SEATROW,SEATNUMBER,ZONE,THEATREID) values ('G',18,'General',4);
Insert into WATCHANAN.SEAT (SEATROW,SEATNUMBER,ZONE,THEATREID) values ('H',18,'General',4);
Insert into WATCHANAN.SEAT (SEATROW,SEATNUMBER,ZONE,THEATREID) values ('I',18,'General',4);
Insert into WATCHANAN.SEAT (SEATROW,SEATNUMBER,ZONE,THEATREID) values ('J',18,'General',4);
Insert into WATCHANAN.SEAT (SEATROW,SEATNUMBER,ZONE,THEATREID) values ('K',18,'General',4);
Insert into WATCHANAN.SEAT (SEATROW,SEATNUMBER,ZONE,THEATREID) values ('L',18,'General',4);
Insert into WATCHANAN.SEAT (SEATROW,SEATNUMBER,ZONE,THEATREID) values ('A',19,'General',4);
Insert into WATCHANAN.SEAT (SEATROW,SEATNUMBER,ZONE,THEATREID) values ('B',19,'General',4);
Insert into WATCHANAN.SEAT (SEATROW,SEATNUMBER,ZONE,THEATREID) values ('C',19,'General',4);
Insert into WATCHANAN.SEAT (SEATROW,SEATNUMBER,ZONE,THEATREID) values ('D',19,'General',4);
Insert into WATCHANAN.SEAT (SEATROW,SEATNUMBER,ZONE,THEATREID) values ('E',19,'General',4);
Insert into WATCHANAN.SEAT (SEATROW,SEATNUMBER,ZONE,THEATREID) values ('F',19,'General',4);
Insert into WATCHANAN.SEAT (SEATROW,SEATNUMBER,ZONE,THEATREID) values ('G',19,'General',4);
Insert into WATCHANAN.SEAT (SEATROW,SEATNUMBER,ZONE,THEATREID) values ('H',19,'General',4);
Insert into WATCHANAN.SEAT (SEATROW,SEATNUMBER,ZONE,THEATREID) values ('I',19,'General',4);
Insert into WATCHANAN.SEAT (SEATROW,SEATNUMBER,ZONE,THEATREID) values ('J',19,'General',4);
Insert into WATCHANAN.SEAT (SEATROW,SEATNUMBER,ZONE,THEATREID) values ('K',19,'General',4);
Insert into WATCHANAN.SEAT (SEATROW,SEATNUMBER,ZONE,THEATREID) values ('L',19,'General',4);
Insert into WATCHANAN.SEAT (SEATROW,SEATNUMBER,ZONE,THEATREID) values ('A',20,'General',4);
Insert into WATCHANAN.SEAT (SEATROW,SEATNUMBER,ZONE,THEATREID) values ('B',20,'General',4);
Insert into WATCHANAN.SEAT (SEATROW,SEATNUMBER,ZONE,THEATREID) values ('C',20,'General',4);
Insert into WATCHANAN.SEAT (SEATROW,SEATNUMBER,ZONE,THEATREID) values ('D',20,'General',4);
Insert into WATCHANAN.SEAT (SEATROW,SEATNUMBER,ZONE,THEATREID) values ('E',20,'General',4);
Insert into WATCHANAN.SEAT (SEATROW,SEATNUMBER,ZONE,THEATREID) values ('F',20,'General',4);
Insert into WATCHANAN.SEAT (SEATROW,SEATNUMBER,ZONE,THEATREID) values ('G',20,'General',4);
Insert into WATCHANAN.SEAT (SEATROW,SEATNUMBER,ZONE,THEATREID) values ('H',20,'General',4);
Insert into WATCHANAN.SEAT (SEATROW,SEATNUMBER,ZONE,THEATREID) values ('I',20,'General',4);
Insert into WATCHANAN.SEAT (SEATROW,SEATNUMBER,ZONE,THEATREID) values ('J',20,'General',4);
Insert into WATCHANAN.SEAT (SEATROW,SEATNUMBER,ZONE,THEATREID) values ('K',20,'General',4);
Insert into WATCHANAN.SEAT (SEATROW,SEATNUMBER,ZONE,THEATREID) values ('L',20,'General',4);
REM INSERTING into WATCHANAN.SELL
SET DEFINE OFF;
REM INSERTING into WATCHANAN.SHOWTIME
SET DEFINE OFF;
Insert into WATCHANAN.SHOWTIME (SHOWDATE,MOVIEID,THEATREID) values (to_date('04/12/2016 15:00:00','DD/MM/YYYY HH24:MI:SS'),1,1);
Insert into WATCHANAN.SHOWTIME (SHOWDATE,MOVIEID,THEATREID) values (to_date('04/12/2016 17:00:00','DD/MM/YYYY HH24:MI:SS'),1,1);
Insert into WATCHANAN.SHOWTIME (SHOWDATE,MOVIEID,THEATREID) values (to_date('04/12/2016 19:00:00','DD/MM/YYYY HH24:MI:SS'),1,1);
Insert into WATCHANAN.SHOWTIME (SHOWDATE,MOVIEID,THEATREID) values (to_date('04/12/2016 21:00:00','DD/MM/YYYY HH24:MI:SS'),1,1);
Insert into WATCHANAN.SHOWTIME (SHOWDATE,MOVIEID,THEATREID) values (to_date('05/12/2016 15:00:00','DD/MM/YYYY HH24:MI:SS'),1,1);
Insert into WATCHANAN.SHOWTIME (SHOWDATE,MOVIEID,THEATREID) values (to_date('05/12/2016 17:00:00','DD/MM/YYYY HH24:MI:SS'),1,1);
Insert into WATCHANAN.SHOWTIME (SHOWDATE,MOVIEID,THEATREID) values (to_date('05/12/2016 19:00:00','DD/MM/YYYY HH24:MI:SS'),1,1);
Insert into WATCHANAN.SHOWTIME (SHOWDATE,MOVIEID,THEATREID) values (to_date('05/12/2016 21:00:00','DD/MM/YYYY HH24:MI:SS'),1,1);
Insert into WATCHANAN.SHOWTIME (SHOWDATE,MOVIEID,THEATREID) values (to_date('04/12/2016 15:00:00','DD/MM/YYYY HH24:MI:SS'),2,2);
Insert into WATCHANAN.SHOWTIME (SHOWDATE,MOVIEID,THEATREID) values (to_date('04/12/2016 17:00:00','DD/MM/YYYY HH24:MI:SS'),2,2);
Insert into WATCHANAN.SHOWTIME (SHOWDATE,MOVIEID,THEATREID) values (to_date('04/12/2016 19:00:00','DD/MM/YYYY HH24:MI:SS'),2,2);
Insert into WATCHANAN.SHOWTIME (SHOWDATE,MOVIEID,THEATREID) values (to_date('04/12/2016 21:00:00','DD/MM/YYYY HH24:MI:SS'),2,2);
Insert into WATCHANAN.SHOWTIME (SHOWDATE,MOVIEID,THEATREID) values (to_date('05/12/2016 15:00:00','DD/MM/YYYY HH24:MI:SS'),2,2);
Insert into WATCHANAN.SHOWTIME (SHOWDATE,MOVIEID,THEATREID) values (to_date('05/12/2016 17:00:00','DD/MM/YYYY HH24:MI:SS'),2,2);
Insert into WATCHANAN.SHOWTIME (SHOWDATE,MOVIEID,THEATREID) values (to_date('05/12/2016 19:00:00','DD/MM/YYYY HH24:MI:SS'),2,2);
Insert into WATCHANAN.SHOWTIME (SHOWDATE,MOVIEID,THEATREID) values (to_date('05/12/2016 21:00:00','DD/MM/YYYY HH24:MI:SS'),2,2);
REM INSERTING into WATCHANAN.THEATRE
SET DEFINE OFF;
Insert into WATCHANAN.THEATRE (THEATREID,SEATCAPACITY) values (1,240);
Insert into WATCHANAN.THEATRE (THEATREID,SEATCAPACITY) values (2,240);
Insert into WATCHANAN.THEATRE (THEATREID,SEATCAPACITY) values (3,240);
Insert into WATCHANAN.THEATRE (THEATREID,SEATCAPACITY) values (4,240);
REM INSERTING into WATCHANAN.TICKET
SET DEFINE OFF;
Insert into WATCHANAN.TICKET (TICKETID,MEMBERID,SEATROW,SEATNUMBER,THEATREID,SHOWDATE,MOVIEID,EMPID) values (2,1,'A',12,2,to_date('05/12/2016 21:00:00','DD/MM/YYYY HH24:MI:SS'),2,1);
Insert into WATCHANAN.TICKET (TICKETID,MEMBERID,SEATROW,SEATNUMBER,THEATREID,SHOWDATE,MOVIEID,EMPID) values (3,1,'F',8,2,to_date('05/12/2016 21:00:00','DD/MM/YYYY HH24:MI:SS'),2,1);
--------------------------------------------------------
--  DDL for Index MOVIE_PK
--------------------------------------------------------

  CREATE UNIQUE INDEX "WATCHANAN"."MOVIE_PK" ON "WATCHANAN"."MOVIE" ("MOVIEID") 
  PCTFREE 10 INITRANS 2 MAXTRANS 255 COMPUTE STATISTICS 
  STORAGE(INITIAL 65536 NEXT 1048576 MINEXTENTS 1 MAXEXTENTS 2147483645
  PCTINCREASE 0 FREELISTS 1 FREELIST GROUPS 1 BUFFER_POOL DEFAULT FLASH_CACHE DEFAULT CELL_FLASH_CACHE DEFAULT)
  TABLESPACE "SYSTEM" ;
--------------------------------------------------------
--  DDL for Index PERSON_UK2
--------------------------------------------------------

  CREATE UNIQUE INDEX "WATCHANAN"."PERSON_UK2" ON "WATCHANAN"."PERSON" ("USERNAME") 
  PCTFREE 10 INITRANS 2 MAXTRANS 255 COMPUTE STATISTICS 
  STORAGE(INITIAL 65536 NEXT 1048576 MINEXTENTS 1 MAXEXTENTS 2147483645
  PCTINCREASE 0 FREELISTS 1 FREELIST GROUPS 1 BUFFER_POOL DEFAULT FLASH_CACHE DEFAULT CELL_FLASH_CACHE DEFAULT)
  TABLESPACE "SYSTEM" ;
--------------------------------------------------------
--  DDL for Index EMPLOYEE_PK
--------------------------------------------------------

  CREATE UNIQUE INDEX "WATCHANAN"."EMPLOYEE_PK" ON "WATCHANAN"."EMPLOYEE" ("EMPID") 
  PCTFREE 10 INITRANS 2 MAXTRANS 255 COMPUTE STATISTICS 
  STORAGE(INITIAL 65536 NEXT 1048576 MINEXTENTS 1 MAXEXTENTS 2147483645
  PCTINCREASE 0 FREELISTS 1 FREELIST GROUPS 1 BUFFER_POOL DEFAULT FLASH_CACHE DEFAULT CELL_FLASH_CACHE DEFAULT)
  TABLESPACE "SYSTEM" ;
--------------------------------------------------------
--  DDL for Index ACTOR_PK
--------------------------------------------------------

  CREATE UNIQUE INDEX "WATCHANAN"."ACTOR_PK" ON "WATCHANAN"."ACTOR" ("MOVIEID", "ACTORNAME") 
  PCTFREE 10 INITRANS 2 MAXTRANS 255 
  STORAGE(INITIAL 65536 NEXT 1048576 MINEXTENTS 1 MAXEXTENTS 2147483645
  PCTINCREASE 0 FREELISTS 1 FREELIST GROUPS 1 BUFFER_POOL DEFAULT FLASH_CACHE DEFAULT CELL_FLASH_CACHE DEFAULT)
  TABLESPACE "SYSTEM" ;
--------------------------------------------------------
--  DDL for Index SELL_PK
--------------------------------------------------------

  CREATE UNIQUE INDEX "WATCHANAN"."SELL_PK" ON "WATCHANAN"."SELL" ("FOODID", "EMPID", "SDATE") 
  PCTFREE 10 INITRANS 2 MAXTRANS 255 COMPUTE STATISTICS 
  STORAGE(INITIAL 65536 NEXT 1048576 MINEXTENTS 1 MAXEXTENTS 2147483645
  PCTINCREASE 0 FREELISTS 1 FREELIST GROUPS 1 BUFFER_POOL DEFAULT FLASH_CACHE DEFAULT CELL_FLASH_CACHE DEFAULT)
  TABLESPACE "SYSTEM" ;
--------------------------------------------------------
--  DDL for Index SHOWTIME_PK
--------------------------------------------------------

  CREATE UNIQUE INDEX "WATCHANAN"."SHOWTIME_PK" ON "WATCHANAN"."SHOWTIME" ("SHOWDATE", "MOVIEID") 
  PCTFREE 10 INITRANS 2 MAXTRANS 255 COMPUTE STATISTICS 
  STORAGE(INITIAL 65536 NEXT 1048576 MINEXTENTS 1 MAXEXTENTS 2147483645
  PCTINCREASE 0 FREELISTS 1 FREELIST GROUPS 1 BUFFER_POOL DEFAULT FLASH_CACHE DEFAULT CELL_FLASH_CACHE DEFAULT)
  TABLESPACE "SYSTEM" ;
--------------------------------------------------------
--  DDL for Index PERSON_PK
--------------------------------------------------------

  CREATE UNIQUE INDEX "WATCHANAN"."PERSON_PK" ON "WATCHANAN"."PERSON" ("CITIZENID") 
  PCTFREE 10 INITRANS 2 MAXTRANS 255 COMPUTE STATISTICS 
  STORAGE(INITIAL 65536 NEXT 1048576 MINEXTENTS 1 MAXEXTENTS 2147483645
  PCTINCREASE 0 FREELISTS 1 FREELIST GROUPS 1 BUFFER_POOL DEFAULT FLASH_CACHE DEFAULT CELL_FLASH_CACHE DEFAULT)
  TABLESPACE "SYSTEM" ;
--------------------------------------------------------
--  DDL for Index FOOD_PK
--------------------------------------------------------

  CREATE UNIQUE INDEX "WATCHANAN"."FOOD_PK" ON "WATCHANAN"."FOOD" ("FOODID") 
  PCTFREE 10 INITRANS 2 MAXTRANS 255 COMPUTE STATISTICS 
  STORAGE(INITIAL 65536 NEXT 1048576 MINEXTENTS 1 MAXEXTENTS 2147483645
  PCTINCREASE 0 FREELISTS 1 FREELIST GROUPS 1 BUFFER_POOL DEFAULT FLASH_CACHE DEFAULT CELL_FLASH_CACHE DEFAULT)
  TABLESPACE "SYSTEM" ;
--------------------------------------------------------
--  DDL for Index PERSON_UK1
--------------------------------------------------------

  CREATE UNIQUE INDEX "WATCHANAN"."PERSON_UK1" ON "WATCHANAN"."PERSON" ("EMAIL") 
  PCTFREE 10 INITRANS 2 MAXTRANS 255 COMPUTE STATISTICS 
  STORAGE(INITIAL 65536 NEXT 1048576 MINEXTENTS 1 MAXEXTENTS 2147483645
  PCTINCREASE 0 FREELISTS 1 FREELIST GROUPS 1 BUFFER_POOL DEFAULT FLASH_CACHE DEFAULT CELL_FLASH_CACHE DEFAULT)
  TABLESPACE "SYSTEM" ;
--------------------------------------------------------
--  DDL for Index THEATRE_PK
--------------------------------------------------------

  CREATE UNIQUE INDEX "WATCHANAN"."THEATRE_PK" ON "WATCHANAN"."THEATRE" ("THEATREID") 
  PCTFREE 10 INITRANS 2 MAXTRANS 255 COMPUTE STATISTICS 
  STORAGE(INITIAL 65536 NEXT 1048576 MINEXTENTS 1 MAXEXTENTS 2147483645
  PCTINCREASE 0 FREELISTS 1 FREELIST GROUPS 1 BUFFER_POOL DEFAULT FLASH_CACHE DEFAULT CELL_FLASH_CACHE DEFAULT)
  TABLESPACE "SYSTEM" ;
--------------------------------------------------------
--  DDL for Index TICKET_PK
--------------------------------------------------------

  CREATE UNIQUE INDEX "WATCHANAN"."TICKET_PK" ON "WATCHANAN"."TICKET" ("TICKETID") 
  PCTFREE 10 INITRANS 2 MAXTRANS 255 COMPUTE STATISTICS 
  STORAGE(INITIAL 65536 NEXT 1048576 MINEXTENTS 1 MAXEXTENTS 2147483645
  PCTINCREASE 0 FREELISTS 1 FREELIST GROUPS 1 BUFFER_POOL DEFAULT FLASH_CACHE DEFAULT CELL_FLASH_CACHE DEFAULT)
  TABLESPACE "SYSTEM" ;
--------------------------------------------------------
--  DDL for Index MEMBER_PK
--------------------------------------------------------

  CREATE UNIQUE INDEX "WATCHANAN"."MEMBER_PK" ON "WATCHANAN"."MEMBER" ("MEMBERID") 
  PCTFREE 10 INITRANS 2 MAXTRANS 255 COMPUTE STATISTICS 
  STORAGE(INITIAL 65536 NEXT 1048576 MINEXTENTS 1 MAXEXTENTS 2147483645
  PCTINCREASE 0 FREELISTS 1 FREELIST GROUPS 1 BUFFER_POOL DEFAULT FLASH_CACHE DEFAULT CELL_FLASH_CACHE DEFAULT)
  TABLESPACE "SYSTEM" ;
--------------------------------------------------------
--  DDL for Index REVIEW_PK
--------------------------------------------------------

  CREATE UNIQUE INDEX "WATCHANAN"."REVIEW_PK" ON "WATCHANAN"."REVIEW" ("MOVIEID", "MEMBERID") 
  PCTFREE 10 INITRANS 2 MAXTRANS 255 COMPUTE STATISTICS 
  STORAGE(INITIAL 65536 NEXT 1048576 MINEXTENTS 1 MAXEXTENTS 2147483645
  PCTINCREASE 0 FREELISTS 1 FREELIST GROUPS 1 BUFFER_POOL DEFAULT FLASH_CACHE DEFAULT CELL_FLASH_CACHE DEFAULT)
  TABLESPACE "SYSTEM" ;
--------------------------------------------------------
--  DDL for Index SEAT_PK
--------------------------------------------------------

  CREATE UNIQUE INDEX "WATCHANAN"."SEAT_PK" ON "WATCHANAN"."SEAT" ("SEATROW", "SEATNUMBER", "THEATREID") 
  PCTFREE 10 INITRANS 2 MAXTRANS 255 COMPUTE STATISTICS 
  STORAGE(INITIAL 65536 NEXT 1048576 MINEXTENTS 1 MAXEXTENTS 2147483645
  PCTINCREASE 0 FREELISTS 1 FREELIST GROUPS 1 BUFFER_POOL DEFAULT FLASH_CACHE DEFAULT CELL_FLASH_CACHE DEFAULT)
  TABLESPACE "SYSTEM" ;
--------------------------------------------------------
--  DDL for Trigger EMPLOYEE_TRG
--------------------------------------------------------

  CREATE OR REPLACE TRIGGER "WATCHANAN"."EMPLOYEE_TRG" 
BEFORE INSERT ON EMPLOYEE 
FOR EACH ROW 
BEGIN
  <<COLUMN_SEQUENCES>>
  BEGIN
    IF INSERTING THEN
      SELECT EMPLOYEE_SEQ.NEXTVAL INTO :NEW.EMPID FROM SYS.DUAL;
    END IF;
  END COLUMN_SEQUENCES;
END;
/
ALTER TRIGGER "WATCHANAN"."EMPLOYEE_TRG" ENABLE;
--------------------------------------------------------
--  DDL for Trigger FOOD_TRG
--------------------------------------------------------

  CREATE OR REPLACE TRIGGER "WATCHANAN"."FOOD_TRG" 
BEFORE INSERT ON FOOD 
FOR EACH ROW 
BEGIN
  <<COLUMN_SEQUENCES>>
  BEGIN
    IF INSERTING THEN
      SELECT FOOD_SEQ.NEXTVAL INTO :NEW.FOODID FROM SYS.DUAL;
    END IF;
  END COLUMN_SEQUENCES;
END;
/
ALTER TRIGGER "WATCHANAN"."FOOD_TRG" ENABLE;
--------------------------------------------------------
--  DDL for Trigger MEMBER_TRG
--------------------------------------------------------

  CREATE OR REPLACE TRIGGER "WATCHANAN"."MEMBER_TRG" 
BEFORE INSERT ON MEMBER 
FOR EACH ROW 
BEGIN
  <<COLUMN_SEQUENCES>>
  BEGIN
    IF INSERTING THEN
      SELECT MEMBER_SEQ.NEXTVAL INTO :NEW.MEMBERID FROM SYS.DUAL;
    END IF;
  END COLUMN_SEQUENCES;
END;
/
ALTER TRIGGER "WATCHANAN"."MEMBER_TRG" ENABLE;
--------------------------------------------------------
--  DDL for Trigger MOVIE_TRG
--------------------------------------------------------

  CREATE OR REPLACE TRIGGER "WATCHANAN"."MOVIE_TRG" 
BEFORE INSERT ON MOVIE 
FOR EACH ROW 
BEGIN
  <<COLUMN_SEQUENCES>>
  BEGIN
    NULL;
  END COLUMN_SEQUENCES;
END;
/
ALTER TRIGGER "WATCHANAN"."MOVIE_TRG" ENABLE;
--------------------------------------------------------
--  DDL for Trigger TICKET_TRG
--------------------------------------------------------

  CREATE OR REPLACE TRIGGER "WATCHANAN"."TICKET_TRG" 
BEFORE INSERT ON TICKET 
FOR EACH ROW 
BEGIN
  <<COLUMN_SEQUENCES>>
  BEGIN
    IF INSERTING THEN
      SELECT TICKET_SEQ.NEXTVAL INTO :NEW.TICKETID FROM SYS.DUAL;
    END IF;
  END COLUMN_SEQUENCES;
END;
/
ALTER TRIGGER "WATCHANAN"."TICKET_TRG" ENABLE;
--------------------------------------------------------
--  Constraints for Table SELL
--------------------------------------------------------

  ALTER TABLE "WATCHANAN"."SELL" MODIFY ("AMOUNT" NOT NULL ENABLE);
  ALTER TABLE "WATCHANAN"."SELL" MODIFY ("SDATE" NOT NULL ENABLE);
  ALTER TABLE "WATCHANAN"."SELL" MODIFY ("EMPID" NOT NULL ENABLE);
  ALTER TABLE "WATCHANAN"."SELL" MODIFY ("FOODID" NOT NULL ENABLE);
  ALTER TABLE "WATCHANAN"."SELL" ADD CONSTRAINT "SELL_PK" PRIMARY KEY ("FOODID", "EMPID", "SDATE")
  USING INDEX PCTFREE 10 INITRANS 2 MAXTRANS 255 COMPUTE STATISTICS 
  STORAGE(INITIAL 65536 NEXT 1048576 MINEXTENTS 1 MAXEXTENTS 2147483645
  PCTINCREASE 0 FREELISTS 1 FREELIST GROUPS 1 BUFFER_POOL DEFAULT FLASH_CACHE DEFAULT CELL_FLASH_CACHE DEFAULT)
  TABLESPACE "SYSTEM"  ENABLE;
--------------------------------------------------------
--  Constraints for Table SEAT
--------------------------------------------------------

  ALTER TABLE "WATCHANAN"."SEAT" ADD CONSTRAINT "SEAT_PK" PRIMARY KEY ("SEATROW", "SEATNUMBER", "THEATREID")
  USING INDEX PCTFREE 10 INITRANS 2 MAXTRANS 255 COMPUTE STATISTICS 
  STORAGE(INITIAL 65536 NEXT 1048576 MINEXTENTS 1 MAXEXTENTS 2147483645
  PCTINCREASE 0 FREELISTS 1 FREELIST GROUPS 1 BUFFER_POOL DEFAULT FLASH_CACHE DEFAULT CELL_FLASH_CACHE DEFAULT)
  TABLESPACE "SYSTEM"  ENABLE;
  ALTER TABLE "WATCHANAN"."SEAT" MODIFY ("THEATREID" NOT NULL ENABLE);
  ALTER TABLE "WATCHANAN"."SEAT" MODIFY ("ZONE" NOT NULL ENABLE);
  ALTER TABLE "WATCHANAN"."SEAT" MODIFY ("SEATNUMBER" NOT NULL ENABLE);
  ALTER TABLE "WATCHANAN"."SEAT" MODIFY ("SEATROW" NOT NULL ENABLE);
--------------------------------------------------------
--  Constraints for Table REVIEW
--------------------------------------------------------

  ALTER TABLE "WATCHANAN"."REVIEW" ADD CONSTRAINT "REVIEW_CHK1" CHECK (rating >= 0 and rating <= 5) ENABLE;
  ALTER TABLE "WATCHANAN"."REVIEW" ADD CONSTRAINT "REVIEW_PK" PRIMARY KEY ("MOVIEID", "MEMBERID")
  USING INDEX PCTFREE 10 INITRANS 2 MAXTRANS 255 COMPUTE STATISTICS 
  STORAGE(INITIAL 65536 NEXT 1048576 MINEXTENTS 1 MAXEXTENTS 2147483645
  PCTINCREASE 0 FREELISTS 1 FREELIST GROUPS 1 BUFFER_POOL DEFAULT FLASH_CACHE DEFAULT CELL_FLASH_CACHE DEFAULT)
  TABLESPACE "SYSTEM"  ENABLE;
  ALTER TABLE "WATCHANAN"."REVIEW" MODIFY ("MEMBERID" NOT NULL ENABLE);
  ALTER TABLE "WATCHANAN"."REVIEW" MODIFY ("MOVIEID" NOT NULL ENABLE);
--------------------------------------------------------
--  Constraints for Table PERSON
--------------------------------------------------------

  ALTER TABLE "WATCHANAN"."PERSON" ADD CONSTRAINT "PERSON_UK2" UNIQUE ("USERNAME")
  USING INDEX PCTFREE 10 INITRANS 2 MAXTRANS 255 COMPUTE STATISTICS 
  STORAGE(INITIAL 65536 NEXT 1048576 MINEXTENTS 1 MAXEXTENTS 2147483645
  PCTINCREASE 0 FREELISTS 1 FREELIST GROUPS 1 BUFFER_POOL DEFAULT FLASH_CACHE DEFAULT CELL_FLASH_CACHE DEFAULT)
  TABLESPACE "SYSTEM"  ENABLE;
  ALTER TABLE "WATCHANAN"."PERSON" ADD CONSTRAINT "PERSON_UK1" UNIQUE ("EMAIL")
  USING INDEX PCTFREE 10 INITRANS 2 MAXTRANS 255 COMPUTE STATISTICS 
  STORAGE(INITIAL 65536 NEXT 1048576 MINEXTENTS 1 MAXEXTENTS 2147483645
  PCTINCREASE 0 FREELISTS 1 FREELIST GROUPS 1 BUFFER_POOL DEFAULT FLASH_CACHE DEFAULT CELL_FLASH_CACHE DEFAULT)
  TABLESPACE "SYSTEM"  ENABLE;
  ALTER TABLE "WATCHANAN"."PERSON" ADD CONSTRAINT "PERSON_PK" PRIMARY KEY ("CITIZENID")
  USING INDEX PCTFREE 10 INITRANS 2 MAXTRANS 255 COMPUTE STATISTICS 
  STORAGE(INITIAL 65536 NEXT 1048576 MINEXTENTS 1 MAXEXTENTS 2147483645
  PCTINCREASE 0 FREELISTS 1 FREELIST GROUPS 1 BUFFER_POOL DEFAULT FLASH_CACHE DEFAULT CELL_FLASH_CACHE DEFAULT)
  TABLESPACE "SYSTEM"  ENABLE;
  ALTER TABLE "WATCHANAN"."PERSON" MODIFY ("PASSWORD" NOT NULL ENABLE);
  ALTER TABLE "WATCHANAN"."PERSON" MODIFY ("USERNAME" NOT NULL ENABLE);
  ALTER TABLE "WATCHANAN"."PERSON" MODIFY ("GENDER" NOT NULL ENABLE);
  ALTER TABLE "WATCHANAN"."PERSON" MODIFY ("LNAME" NOT NULL ENABLE);
  ALTER TABLE "WATCHANAN"."PERSON" MODIFY ("FNAME" NOT NULL ENABLE);
  ALTER TABLE "WATCHANAN"."PERSON" MODIFY ("CITIZENID" NOT NULL ENABLE);
--------------------------------------------------------
--  Constraints for Table FOOD
--------------------------------------------------------

  ALTER TABLE "WATCHANAN"."FOOD" ADD CONSTRAINT "FOOD_PK" PRIMARY KEY ("FOODID")
  USING INDEX PCTFREE 10 INITRANS 2 MAXTRANS 255 COMPUTE STATISTICS 
  STORAGE(INITIAL 65536 NEXT 1048576 MINEXTENTS 1 MAXEXTENTS 2147483645
  PCTINCREASE 0 FREELISTS 1 FREELIST GROUPS 1 BUFFER_POOL DEFAULT FLASH_CACHE DEFAULT CELL_FLASH_CACHE DEFAULT)
  TABLESPACE "SYSTEM"  ENABLE;
  ALTER TABLE "WATCHANAN"."FOOD" MODIFY ("PRICE" NOT NULL ENABLE);
  ALTER TABLE "WATCHANAN"."FOOD" MODIFY ("NAME" NOT NULL ENABLE);
--------------------------------------------------------
--  Constraints for Table MOVIE
--------------------------------------------------------

  ALTER TABLE "WATCHANAN"."MOVIE" ADD CONSTRAINT "MOVIE_PK" PRIMARY KEY ("MOVIEID")
  USING INDEX PCTFREE 10 INITRANS 2 MAXTRANS 255 COMPUTE STATISTICS 
  STORAGE(INITIAL 65536 NEXT 1048576 MINEXTENTS 1 MAXEXTENTS 2147483645
  PCTINCREASE 0 FREELISTS 1 FREELIST GROUPS 1 BUFFER_POOL DEFAULT FLASH_CACHE DEFAULT CELL_FLASH_CACHE DEFAULT)
  TABLESPACE "SYSTEM"  ENABLE;
  ALTER TABLE "WATCHANAN"."MOVIE" MODIFY ("SHOWDATE" NOT NULL ENABLE);
--------------------------------------------------------
--  Constraints for Table ACTOR
--------------------------------------------------------

  ALTER TABLE "WATCHANAN"."ACTOR" ADD CONSTRAINT "ACTOR_PK" PRIMARY KEY ("MOVIEID", "ACTORNAME")
  USING INDEX PCTFREE 10 INITRANS 2 MAXTRANS 255 
  STORAGE(INITIAL 65536 NEXT 1048576 MINEXTENTS 1 MAXEXTENTS 2147483645
  PCTINCREASE 0 FREELISTS 1 FREELIST GROUPS 1 BUFFER_POOL DEFAULT FLASH_CACHE DEFAULT CELL_FLASH_CACHE DEFAULT)
  TABLESPACE "SYSTEM"  ENABLE;
  ALTER TABLE "WATCHANAN"."ACTOR" MODIFY ("ACTORNAME" NOT NULL ENABLE);
  ALTER TABLE "WATCHANAN"."ACTOR" MODIFY ("MOVIEID" NOT NULL ENABLE);
--------------------------------------------------------
--  Constraints for Table TICKET
--------------------------------------------------------

  ALTER TABLE "WATCHANAN"."TICKET" ADD CONSTRAINT "TICKET_PK" PRIMARY KEY ("TICKETID")
  USING INDEX PCTFREE 10 INITRANS 2 MAXTRANS 255 COMPUTE STATISTICS 
  STORAGE(INITIAL 65536 NEXT 1048576 MINEXTENTS 1 MAXEXTENTS 2147483645
  PCTINCREASE 0 FREELISTS 1 FREELIST GROUPS 1 BUFFER_POOL DEFAULT FLASH_CACHE DEFAULT CELL_FLASH_CACHE DEFAULT)
  TABLESPACE "SYSTEM"  ENABLE;
  ALTER TABLE "WATCHANAN"."TICKET" MODIFY ("EMPID" NOT NULL ENABLE);
  ALTER TABLE "WATCHANAN"."TICKET" MODIFY ("MOVIEID" NOT NULL ENABLE);
  ALTER TABLE "WATCHANAN"."TICKET" MODIFY ("SHOWDATE" NOT NULL ENABLE);
  ALTER TABLE "WATCHANAN"."TICKET" MODIFY ("THEATREID" NOT NULL ENABLE);
  ALTER TABLE "WATCHANAN"."TICKET" MODIFY ("SEATNUMBER" NOT NULL ENABLE);
  ALTER TABLE "WATCHANAN"."TICKET" MODIFY ("SEATROW" NOT NULL ENABLE);
  ALTER TABLE "WATCHANAN"."TICKET" MODIFY ("MEMBERID" NOT NULL ENABLE);
--------------------------------------------------------
--  Constraints for Table MEMBER
--------------------------------------------------------

  ALTER TABLE "WATCHANAN"."MEMBER" ADD CONSTRAINT "MEMBER_PK" PRIMARY KEY ("MEMBERID")
  USING INDEX PCTFREE 10 INITRANS 2 MAXTRANS 255 COMPUTE STATISTICS 
  STORAGE(INITIAL 65536 NEXT 1048576 MINEXTENTS 1 MAXEXTENTS 2147483645
  PCTINCREASE 0 FREELISTS 1 FREELIST GROUPS 1 BUFFER_POOL DEFAULT FLASH_CACHE DEFAULT CELL_FLASH_CACHE DEFAULT)
  TABLESPACE "SYSTEM"  ENABLE;
  ALTER TABLE "WATCHANAN"."MEMBER" MODIFY ("CITIZENID" NOT NULL ENABLE);
  ALTER TABLE "WATCHANAN"."MEMBER" MODIFY ("EXPIRYDATE" NOT NULL ENABLE);
  ALTER TABLE "WATCHANAN"."MEMBER" MODIFY ("STARTDATE" NOT NULL ENABLE);
--------------------------------------------------------
--  Constraints for Table THEATRE
--------------------------------------------------------

  ALTER TABLE "WATCHANAN"."THEATRE" ADD CONSTRAINT "THEATRE_PK" PRIMARY KEY ("THEATREID")
  USING INDEX PCTFREE 10 INITRANS 2 MAXTRANS 255 COMPUTE STATISTICS 
  STORAGE(INITIAL 65536 NEXT 1048576 MINEXTENTS 1 MAXEXTENTS 2147483645
  PCTINCREASE 0 FREELISTS 1 FREELIST GROUPS 1 BUFFER_POOL DEFAULT FLASH_CACHE DEFAULT CELL_FLASH_CACHE DEFAULT)
  TABLESPACE "SYSTEM"  ENABLE;
  ALTER TABLE "WATCHANAN"."THEATRE" MODIFY ("SEATCAPACITY" NOT NULL ENABLE);
  ALTER TABLE "WATCHANAN"."THEATRE" MODIFY ("THEATREID" NOT NULL ENABLE);
--------------------------------------------------------
--  Constraints for Table SHOWTIME
--------------------------------------------------------

  ALTER TABLE "WATCHANAN"."SHOWTIME" ADD CONSTRAINT "SHOWTIME_PK" PRIMARY KEY ("SHOWDATE", "MOVIEID")
  USING INDEX PCTFREE 10 INITRANS 2 MAXTRANS 255 COMPUTE STATISTICS 
  STORAGE(INITIAL 65536 NEXT 1048576 MINEXTENTS 1 MAXEXTENTS 2147483645
  PCTINCREASE 0 FREELISTS 1 FREELIST GROUPS 1 BUFFER_POOL DEFAULT FLASH_CACHE DEFAULT CELL_FLASH_CACHE DEFAULT)
  TABLESPACE "SYSTEM"  ENABLE;
  ALTER TABLE "WATCHANAN"."SHOWTIME" MODIFY ("THEATREID" NOT NULL ENABLE);
  ALTER TABLE "WATCHANAN"."SHOWTIME" MODIFY ("MOVIEID" NOT NULL ENABLE);
  ALTER TABLE "WATCHANAN"."SHOWTIME" MODIFY ("SHOWDATE" NOT NULL ENABLE);
--------------------------------------------------------
--  Constraints for Table EMPLOYEE
--------------------------------------------------------

  ALTER TABLE "WATCHANAN"."EMPLOYEE" ADD CONSTRAINT "EMPLOYEE_PK" PRIMARY KEY ("EMPID")
  USING INDEX PCTFREE 10 INITRANS 2 MAXTRANS 255 COMPUTE STATISTICS 
  STORAGE(INITIAL 65536 NEXT 1048576 MINEXTENTS 1 MAXEXTENTS 2147483645
  PCTINCREASE 0 FREELISTS 1 FREELIST GROUPS 1 BUFFER_POOL DEFAULT FLASH_CACHE DEFAULT CELL_FLASH_CACHE DEFAULT)
  TABLESPACE "SYSTEM"  ENABLE;
  ALTER TABLE "WATCHANAN"."EMPLOYEE" MODIFY ("CITIZENID" NOT NULL ENABLE);
  ALTER TABLE "WATCHANAN"."EMPLOYEE" MODIFY ("SALARY" NOT NULL ENABLE);
  ALTER TABLE "WATCHANAN"."EMPLOYEE" MODIFY ("JOBPOSITION" NOT NULL ENABLE);
--------------------------------------------------------
--  Ref Constraints for Table ACTOR
--------------------------------------------------------

  ALTER TABLE "WATCHANAN"."ACTOR" ADD CONSTRAINT "ACTOR_FK1" FOREIGN KEY ("MOVIEID")
	  REFERENCES "WATCHANAN"."MOVIE" ("MOVIEID") ENABLE;
--------------------------------------------------------
--  Ref Constraints for Table EMPLOYEE
--------------------------------------------------------

  ALTER TABLE "WATCHANAN"."EMPLOYEE" ADD CONSTRAINT "EMPLOYEE_FK1" FOREIGN KEY ("CITIZENID")
	  REFERENCES "WATCHANAN"."PERSON" ("CITIZENID") ENABLE;
--------------------------------------------------------
--  Ref Constraints for Table MEMBER
--------------------------------------------------------

  ALTER TABLE "WATCHANAN"."MEMBER" ADD CONSTRAINT "MEMBER_FK1" FOREIGN KEY ("CITIZENID")
	  REFERENCES "WATCHANAN"."PERSON" ("CITIZENID") ENABLE;
--------------------------------------------------------
--  Ref Constraints for Table REVIEW
--------------------------------------------------------

  ALTER TABLE "WATCHANAN"."REVIEW" ADD CONSTRAINT "REVIEW_FK1" FOREIGN KEY ("MEMBERID")
	  REFERENCES "WATCHANAN"."MEMBER" ("MEMBERID") ENABLE;
  ALTER TABLE "WATCHANAN"."REVIEW" ADD CONSTRAINT "REVIEW_FK2" FOREIGN KEY ("MOVIEID")
	  REFERENCES "WATCHANAN"."MOVIE" ("MOVIEID") ENABLE;
--------------------------------------------------------
--  Ref Constraints for Table SEAT
--------------------------------------------------------

  ALTER TABLE "WATCHANAN"."SEAT" ADD CONSTRAINT "SEAT_FK1" FOREIGN KEY ("THEATREID")
	  REFERENCES "WATCHANAN"."THEATRE" ("THEATREID") ENABLE;
--------------------------------------------------------
--  Ref Constraints for Table SELL
--------------------------------------------------------

  ALTER TABLE "WATCHANAN"."SELL" ADD CONSTRAINT "SELL_FK1" FOREIGN KEY ("FOODID")
	  REFERENCES "WATCHANAN"."FOOD" ("FOODID") ENABLE;
  ALTER TABLE "WATCHANAN"."SELL" ADD CONSTRAINT "SELL_FK2" FOREIGN KEY ("EMPID")
	  REFERENCES "WATCHANAN"."EMPLOYEE" ("EMPID") ENABLE;
--------------------------------------------------------
--  Ref Constraints for Table SHOWTIME
--------------------------------------------------------

  ALTER TABLE "WATCHANAN"."SHOWTIME" ADD CONSTRAINT "SHOWTIME_FK1" FOREIGN KEY ("THEATREID")
	  REFERENCES "WATCHANAN"."THEATRE" ("THEATREID") ENABLE;
  ALTER TABLE "WATCHANAN"."SHOWTIME" ADD CONSTRAINT "SHOWTIME_FK2" FOREIGN KEY ("MOVIEID")
	  REFERENCES "WATCHANAN"."MOVIE" ("MOVIEID") ENABLE;
--------------------------------------------------------
--  Ref Constraints for Table TICKET
--------------------------------------------------------

  ALTER TABLE "WATCHANAN"."TICKET" ADD CONSTRAINT "TICKET_FK1" FOREIGN KEY ("MEMBERID")
	  REFERENCES "WATCHANAN"."MEMBER" ("MEMBERID") ENABLE;
  ALTER TABLE "WATCHANAN"."TICKET" ADD CONSTRAINT "TICKET_FK2" FOREIGN KEY ("SEATROW", "SEATNUMBER", "THEATREID")
	  REFERENCES "WATCHANAN"."SEAT" ("SEATROW", "SEATNUMBER", "THEATREID") ENABLE;
  ALTER TABLE "WATCHANAN"."TICKET" ADD CONSTRAINT "TICKET_FK3" FOREIGN KEY ("SHOWDATE", "MOVIEID")
	  REFERENCES "WATCHANAN"."SHOWTIME" ("SHOWDATE", "MOVIEID") ENABLE;
  ALTER TABLE "WATCHANAN"."TICKET" ADD CONSTRAINT "TICKET_FK4" FOREIGN KEY ("EMPID")
	  REFERENCES "WATCHANAN"."EMPLOYEE" ("EMPID") ENABLE;
