--------------------------------------------------------
--  File created - Wednesday-December-07-2016   
--------------------------------------------------------
REM INSERTING into MOVIE
SET DEFINE OFF;
Insert into MOVIE (MOVIEID,MOVIENAME,DIRECTOR,SHORTDESCRIPTION,DURATION,PLAYCOUNT,STATUS,SHOWDATE) values (1,'Your Name','Makoto Shinkai','Kimi no Na wa. revolves around Mitsuha and Taki''s actions, which begin to have a dramatic impact on each other''s lives, weaving them into a fabric held together by fate and circumstance.',106,0,'false',to_date('01-DEC-16 00:00:00','DD-MON-RR HH24:MI:SS'));
Insert into MOVIE (MOVIEID,MOVIENAME,DIRECTOR,SHORTDESCRIPTION,DURATION,PLAYCOUNT,STATUS,SHOWDATE) values (2,'The Warriors Gate','Matthias Hoene','A teenager is magically transported to China and learns to convert his video game skills into those of a Kung Fu warrior.',107,0,'false',to_date('01-DEC-16 00:00:00','DD-MON-RR HH24:MI:SS'));
Insert into MOVIE (MOVIEID,MOVIENAME,DIRECTOR,SHORTDESCRIPTION,DURATION,PLAYCOUNT,STATUS,SHOWDATE) values (3,'Disappointments Room','D.J. Caruso','The Disappointments Room ผลงานการเขียนบทของ เวนธ์เวิร์ธ มิลเลอร์ (Prison Break) นำแสดงโดย เคท เบคคินเซล รับบท ดาน่า เธอและครอบครัวที่ย้ายเข้ามาในบ้านในฝัน แต่ความสยองขวัญขั้นสุดก็เกิดขึ้นเมื่อเธอบังเอิญปลดล็อคประตูห้องลับใต้หลังคา ปลดปล่อยบางอย่างที่น่ากลัวเกินกว่าจินตนาการ',92,0,'false',to_date('01-DEC-16 00:00:00','DD-MON-RR HH24:MI:SS'));
Insert into MOVIE (MOVIEID,MOVIENAME,DIRECTOR,SHORTDESCRIPTION,DURATION,PLAYCOUNT,STATUS,SHOWDATE) values (4,'Billy Lynn Long Halftime Walk','Ang Lee','19-year-old Billy Lynn is brought home for a victory tour after a harrowing Iraq battle. Through flashbacks the film shows what really happened to his squad - contrasting the realities of war with America''s perceptions.',113,0,'false',to_date('01-DEC-16 00:00:00','DD-MON-RR HH24:MI:SS'));
Insert into MOVIE (MOVIEID,MOVIENAME,DIRECTOR,SHORTDESCRIPTION,DURATION,PLAYCOUNT,STATUS,SHOWDATE) values (5,'Trolls','Mike Mitchell, Walt Dohrn','After the Bergens invade Troll Village, Poppy, the happiest Troll ever born, and the curmudgeonly Branch set off on a journey to rescue her friends.',92,0,'false',to_date('08-DEC-16 00:00:00','DD-MON-RR HH24:MI:SS'));
Insert into MOVIE (MOVIEID,MOVIENAME,DIRECTOR,SHORTDESCRIPTION,DURATION,PLAYCOUNT,STATUS,SHOWDATE) values (6,'Nocturnal Animals','Tom Ford','An art gallery owner is haunted by her ex-husband''s novel, a violent thriller she interprets as a veiled threat and a symbolic revenge tale.',116,0,'false',to_date('08-DEC-16 00:00:00','DD-MON-RR HH24:MI:SS'));
Insert into MOVIE (MOVIEID,MOVIENAME,DIRECTOR,SHORTDESCRIPTION,DURATION,PLAYCOUNT,STATUS,SHOWDATE) values (7,'Moana','Ron Clements, John Musker','In Ancient Polynesia, when a terrible curse incurred by Maui reaches an impetuous Chieftain''s daughter''s island, she answers the Ocean''s call to seek out the demigod to set things right.',113,0,'false',to_date('08-DEC-16 00:00:00','DD-MON-RR HH24:MI:SS'));
Insert into MOVIE (MOVIEID,MOVIENAME,DIRECTOR,SHORTDESCRIPTION,DURATION,PLAYCOUNT,STATUS,SHOWDATE) values (8,'A Monster Calls','J.A. Bayona','A boy seeks the help of a tree monster to cope with his single mom''s terminal illness.',109,0,'false',to_date('08-DEC-16 00:00:00','DD-MON-RR HH24:MI:SS'));
Insert into MOVIE (MOVIEID,MOVIENAME,DIRECTOR,SHORTDESCRIPTION,DURATION,PLAYCOUNT,STATUS,SHOWDATE) values (9,'Fantastic Beasts','David Yates','The adventures of writer Newt Scamander in New York''s secret community of witches and wizards seventy years before Harry Potter reads his book in school.',132,0,'true',to_date('15-DEC-16 00:00:00','DD-MON-RR HH24:MI:SS'));
Insert into MOVIE (MOVIEID,MOVIENAME,DIRECTOR,SHORTDESCRIPTION,DURATION,PLAYCOUNT,STATUS,SHOWDATE) values (10,'Bleed for This','Ben Younger','The inspirational story of World Champion Boxer Vinny Pazienza, who after a near fatal car crash, which left him not knowing if he''d ever walk again, made one of sports most incredible comebacks.',117,0,'true',to_date('15-DEC-16 00:00:00','DD-MON-RR HH24:MI:SS'));
Insert into MOVIE (MOVIEID,MOVIENAME,DIRECTOR,SHORTDESCRIPTION,DURATION,PLAYCOUNT,STATUS,SHOWDATE) values (11,'Miss Saigon','Claude-Michel Schönberg, Alain Boublil','The musical''s inspiration was reportedly a photograph, which Schönberg found inadvertently in a magazine. The photograph showed a Vietnamese mother leaving her child at a departure gate at Tan Son Nhut Air Base to board an airplane headed for the United States where her father, an ex-GI, would be in a position to provide a much better life for the child. Schönberg considered this mother''s actions for her child to be "The Ultimate Sacrifice," an idea central to the plot of Miss Saigon',187,0,'true',to_date('15-DEC-16 00:00:00','DD-MON-RR HH24:MI:SS'));
Insert into MOVIE (MOVIEID,MOVIENAME,DIRECTOR,SHORTDESCRIPTION,DURATION,PLAYCOUNT,STATUS,SHOWDATE) values (12,'Underworld 5','Anna Foerster','Vampire death dealer, Selene (Kate Beckinsale) fights to end the eternal war between the Lycan clan and the Vampire faction that betrayed her.',91,0,'true',to_date('15-DEC-16 00:00:00','DD-MON-RR HH24:MI:SS'));
Insert into MOVIE (MOVIEID,MOVIENAME,DIRECTOR,SHORTDESCRIPTION,DURATION,PLAYCOUNT,STATUS,SHOWDATE) values (13,'OFFICE CHRISTMAS PARTY','Josh Gordon, Will Speck','When his uptight CEO sister threatens to shut down his branch, the branch manager throws an epic Christmas party in order to land a big client and save the day, but the party gets way out of hand...',105,0,'false',to_date('22-DEC-16 00:00:00','DD-MON-RR HH24:MI:SS'));
Insert into MOVIE (MOVIEID,MOVIENAME,DIRECTOR,SHORTDESCRIPTION,DURATION,PLAYCOUNT,STATUS,SHOWDATE) values (14,'Rogue One','Gareth Edwards','The Rebellion makes a risky move to steal the plans to the Death Star, setting up the epic saga to follow.',133,0,'false',to_date('22-DEC-16 00:00:00','DD-MON-RR HH24:MI:SS'));
commit;

--------------------------------------------------------
--  File created - Wednesday-December-07-2016   
--------------------------------------------------------
REM INSERTING into CATEGORY
SET DEFINE OFF;
Insert into CATEGORY (CATEGORYID,CATEGORYNAME) values (1,'action');
Insert into CATEGORY (CATEGORYID,CATEGORYNAME) values (2,'adventure');
Insert into CATEGORY (CATEGORYID,CATEGORYNAME) values (3,'animation');
Insert into CATEGORY (CATEGORYID,CATEGORYNAME) values (4,'comedy');
Insert into CATEGORY (CATEGORYID,CATEGORYNAME) values (5,'crime');
Insert into CATEGORY (CATEGORYID,CATEGORYNAME) values (6,'documentary');
Insert into CATEGORY (CATEGORYID,CATEGORYNAME) values (7,'drama');
Insert into CATEGORY (CATEGORYID,CATEGORYNAME) values (8,'horror');
Insert into CATEGORY (CATEGORYID,CATEGORYNAME) values (9,'musical');
Insert into CATEGORY (CATEGORYID,CATEGORYNAME) values (10,'mystery');
Insert into CATEGORY (CATEGORYID,CATEGORYNAME) values (11,'romance');
Insert into CATEGORY (CATEGORYID,CATEGORYNAME) values (12,'sci-f');
Insert into CATEGORY (CATEGORYID,CATEGORYNAME) values (13,'thriller');
Insert into CATEGORY (CATEGORYID,CATEGORYNAME) values (14,'fantasy');
commit;

--------------------------------------------------------
--  File created - Wednesday-December-07-2016   
--------------------------------------------------------
REM INSERTING into MOVIE_CATEGORY
SET DEFINE OFF;
Insert into MOVIE_CATEGORY (MOVIEID,CATEGORYID) values (1,3);
Insert into MOVIE_CATEGORY (MOVIEID,CATEGORYID) values (2,1);
Insert into MOVIE_CATEGORY (MOVIEID,CATEGORYID) values (2,2);
Insert into MOVIE_CATEGORY (MOVIEID,CATEGORYID) values (3,7);
Insert into MOVIE_CATEGORY (MOVIEID,CATEGORYID) values (3,8);
Insert into MOVIE_CATEGORY (MOVIEID,CATEGORYID) values (4,4);
Insert into MOVIE_CATEGORY (MOVIEID,CATEGORYID) values (4,7);
Insert into MOVIE_CATEGORY (MOVIEID,CATEGORYID) values (5,3);
Insert into MOVIE_CATEGORY (MOVIEID,CATEGORYID) values (6,7);
Insert into MOVIE_CATEGORY (MOVIEID,CATEGORYID) values (6,13);
Insert into MOVIE_CATEGORY (MOVIEID,CATEGORYID) values (7,2);
Insert into MOVIE_CATEGORY (MOVIEID,CATEGORYID) values (7,3);
Insert into MOVIE_CATEGORY (MOVIEID,CATEGORYID) values (8,7);
Insert into MOVIE_CATEGORY (MOVIEID,CATEGORYID) values (8,14);
Insert into MOVIE_CATEGORY (MOVIEID,CATEGORYID) values (9,14);
Insert into MOVIE_CATEGORY (MOVIEID,CATEGORYID) values (10,7);
Insert into MOVIE_CATEGORY (MOVIEID,CATEGORYID) values (11,9);
Insert into MOVIE_CATEGORY (MOVIEID,CATEGORYID) values (12,2);
Insert into MOVIE_CATEGORY (MOVIEID,CATEGORYID) values (12,12);
Insert into MOVIE_CATEGORY (MOVIEID,CATEGORYID) values (13,4);
Insert into MOVIE_CATEGORY (MOVIEID,CATEGORYID) values (14,1);
Insert into MOVIE_CATEGORY (MOVIEID,CATEGORYID) values (14,2);
 commit;

--------------------------------------------------------
--  File created - Wednesday-December-07-2016   
--------------------------------------------------------
REM INSERTING into ACTOR
SET DEFINE OFF;
Insert into ACTOR (ACTORID,ACTORNAME) values (1,'Etsuko Ichihara');
Insert into ACTOR (ACTORID,ACTORNAME) values (2,'Ryûnosuke Kamiki');
Insert into ACTOR (ACTORID,ACTORNAME) values (3,'Mone Kamishiraishi');
Insert into ACTOR (ACTORID,ACTORNAME) values (4,'Dave Bautista');
Insert into ACTOR (ACTORID,ACTORNAME) values (5,'Sienna Guillory');
Insert into ACTOR (ACTORID,ACTORNAME) values (6,'Kate Beckinsale');
Insert into ACTOR (ACTORID,ACTORNAME) values (7,'Mel Raido');
Insert into ACTOR (ACTORID,ACTORNAME) values (8,'Lucas Till');
Insert into ACTOR (ACTORID,ACTORNAME) values (9,'Kristen Stewart');
Insert into ACTOR (ACTORID,ACTORNAME) values (10,'Vin Diesel');
Insert into ACTOR (ACTORID,ACTORNAME) values (11,'Garrett Hedlund');
Insert into ACTOR (ACTORID,ACTORNAME) values (12,'Anna Kendrick');
Insert into ACTOR (ACTORID,ACTORNAME) values (13,'James Corden');
Insert into ACTOR (ACTORID,ACTORNAME) values (14,'Justin Timberlake');
Insert into ACTOR (ACTORID,ACTORNAME) values (15,'Amy Adams');
Insert into ACTOR (ACTORID,ACTORNAME) values (16,'Jake Gyllenhaal');
Insert into ACTOR (ACTORID,ACTORNAME) values (17,'Michael Shannon');
Insert into ACTOR (ACTORID,ACTORNAME) values (18,'Dwayne Johnson');
Insert into ACTOR (ACTORID,ACTORNAME) values (19,'Alan Tudyk');
Insert into ACTOR (ACTORID,ACTORNAME) values (20,'Auli''i Cravalho');
Insert into ACTOR (ACTORID,ACTORNAME) values (21,'Liam Neeson');
Insert into ACTOR (ACTORID,ACTORNAME) values (22,'Felicity Jones');
Insert into ACTOR (ACTORID,ACTORNAME) values (23,'Sigourney Weaver');
Insert into ACTOR (ACTORID,ACTORNAME) values (24,'Eddie Redmayne');
Insert into ACTOR (ACTORID,ACTORNAME) values (25,'Miles Teller');
Insert into ACTOR (ACTORID,ACTORNAME) values (26,'Katey Sagal');
Insert into ACTOR (ACTORID,ACTORNAME) values (27,'Aaron Eckhart');
Insert into ACTOR (ACTORID,ACTORNAME) values (28,'Eva Noblezada');
Insert into ACTOR (ACTORID,ACTORNAME) values (29,'Jon-Jon Briones');
Insert into ACTOR (ACTORID,ACTORNAME) values (30,'Alistair Brammer');
Insert into ACTOR (ACTORID,ACTORNAME) values (31,'Theo James');
Insert into ACTOR (ACTORID,ACTORNAME) values (32,'Tobias Menzies');
Insert into ACTOR (ACTORID,ACTORNAME) values (33,'Jennifer Aniston');
Insert into ACTOR (ACTORID,ACTORNAME) values (34,'Kate McKinnon');
Insert into ACTOR (ACTORID,ACTORNAME) values (35,'Olivia Munn');
Insert into ACTOR (ACTORID,ACTORNAME) values (36,'Diego Luna');
commit;

--------------------------------------------------------
--  File created - Wednesday-December-07-2016   
--------------------------------------------------------
REM INSERTING into MOVIE_ACTOR
SET DEFINE OFF;
Insert into MOVIE_ACTOR (MOVIEID,ACTORID) values (1,1);
Insert into MOVIE_ACTOR (MOVIEID,ACTORID) values (1,2);
Insert into MOVIE_ACTOR (MOVIEID,ACTORID) values (1,3);
Insert into MOVIE_ACTOR (MOVIEID,ACTORID) values (2,4);
Insert into MOVIE_ACTOR (MOVIEID,ACTORID) values (2,5);
Insert into MOVIE_ACTOR (MOVIEID,ACTORID) values (3,6);
Insert into MOVIE_ACTOR (MOVIEID,ACTORID) values (3,7);
Insert into MOVIE_ACTOR (MOVIEID,ACTORID) values (3,8);
Insert into MOVIE_ACTOR (MOVIEID,ACTORID) values (4,9);
Insert into MOVIE_ACTOR (MOVIEID,ACTORID) values (4,10);
Insert into MOVIE_ACTOR (MOVIEID,ACTORID) values (4,11);
Insert into MOVIE_ACTOR (MOVIEID,ACTORID) values (5,12);
Insert into MOVIE_ACTOR (MOVIEID,ACTORID) values (5,13);
Insert into MOVIE_ACTOR (MOVIEID,ACTORID) values (5,14);
Insert into MOVIE_ACTOR (MOVIEID,ACTORID) values (6,15);
Insert into MOVIE_ACTOR (MOVIEID,ACTORID) values (6,16);
Insert into MOVIE_ACTOR (MOVIEID,ACTORID) values (6,17);
Insert into MOVIE_ACTOR (MOVIEID,ACTORID) values (7,18);
Insert into MOVIE_ACTOR (MOVIEID,ACTORID) values (7,19);
Insert into MOVIE_ACTOR (MOVIEID,ACTORID) values (7,20);
Insert into MOVIE_ACTOR (MOVIEID,ACTORID) values (8,21);
Insert into MOVIE_ACTOR (MOVIEID,ACTORID) values (8,22);
Insert into MOVIE_ACTOR (MOVIEID,ACTORID) values (8,23);
Insert into MOVIE_ACTOR (MOVIEID,ACTORID) values (9,24);
Insert into MOVIE_ACTOR (MOVIEID,ACTORID) values (10,25);
Insert into MOVIE_ACTOR (MOVIEID,ACTORID) values (10,26);
Insert into MOVIE_ACTOR (MOVIEID,ACTORID) values (10,27);
Insert into MOVIE_ACTOR (MOVIEID,ACTORID) values (11,28);
Insert into MOVIE_ACTOR (MOVIEID,ACTORID) values (11,29);
Insert into MOVIE_ACTOR (MOVIEID,ACTORID) values (11,30);
Insert into MOVIE_ACTOR (MOVIEID,ACTORID) values (12,6);
Insert into MOVIE_ACTOR (MOVIEID,ACTORID) values (12,31);
Insert into MOVIE_ACTOR (MOVIEID,ACTORID) values (12,32);
Insert into MOVIE_ACTOR (MOVIEID,ACTORID) values (13,33);
Insert into MOVIE_ACTOR (MOVIEID,ACTORID) values (13,34);
Insert into MOVIE_ACTOR (MOVIEID,ACTORID) values (13,35);
Insert into MOVIE_ACTOR (MOVIEID,ACTORID) values (14,22);
Insert into MOVIE_ACTOR (MOVIEID,ACTORID) values (14,36);
commit;