--------------------------------------------------------
--  File created - Wednesday-December-07-2016   
--------------------------------------------------------
REM INSERTING into WATCHANAN.PERSON
SET DEFINE OFF;
Insert into WATCHANAN.PERSON (CITIZENID,FNAME,LNAME,GENDER,BIRTHDATE,ADDRESS,EMAIL,USERNAME,PASSWORD) values ('1208412802272','Joey','Sharleen','F',to_date('09-NOV-92 15:35:31','DD-MON-RR HH24:MI:SS'),null,'Joey_Sharleen@mail.com','Joey','111');
Insert into WATCHANAN.PERSON (CITIZENID,FNAME,LNAME,GENDER,BIRTHDATE,ADDRESS,EMAIL,USERNAME,PASSWORD) values ('1212425406260','Sevda','Kourtney','F',to_date('21-JAN-93 04:53:04','DD-MON-RR HH24:MI:SS'),null,'Sevda_Kourtney@mail.com','Sevda','222');
Insert into WATCHANAN.PERSON (CITIZENID,FNAME,LNAME,GENDER,BIRTHDATE,ADDRESS,EMAIL,USERNAME,PASSWORD) values ('1276431783219','Roddy','Daan','M',to_date('17-AUG-93 05:37:51','DD-MON-RR HH24:MI:SS'),null,'Roddy_Daan@mail.com','Roddy','333');
Insert into WATCHANAN.PERSON (CITIZENID,FNAME,LNAME,GENDER,BIRTHDATE,ADDRESS,EMAIL,USERNAME,PASSWORD) values ('1428877531783','Duane','Monty','M',to_date('05-MAR-95 07:25:06','DD-MON-RR HH24:MI:SS'),null,'Duane_Monty@mail.com','Duane','444');
Insert into WATCHANAN.PERSON (CITIZENID,FNAME,LNAME,GENDER,BIRTHDATE,ADDRESS,EMAIL,USERNAME,PASSWORD) values ('1468335868683','Ned','Gerald','M',to_date('28-MAR-95 16:31:30','DD-MON-RR HH24:MI:SS'),null,'Ned_Gerald@mail.com','Ned','555');
Insert into WATCHANAN.PERSON (CITIZENID,FNAME,LNAME,GENDER,BIRTHDATE,ADDRESS,EMAIL,USERNAME,PASSWORD) values ('1828253141115','Bryson','Randall','M',to_date('20-JUL-95 08:40:33','DD-MON-RR HH24:MI:SS'),null,'Bryson_Randall@mail.com','Bryson','666');
Insert into WATCHANAN.PERSON (CITIZENID,FNAME,LNAME,GENDER,BIRTHDATE,ADDRESS,EMAIL,USERNAME,PASSWORD) values ('2816463207348','Marly','Joleen','F',to_date('08-JUL-96 19:40:54','DD-MON-RR HH24:MI:SS'),null,'Marly_Joleen@mail.com','Marly','777');
Insert into WATCHANAN.PERSON (CITIZENID,FNAME,LNAME,GENDER,BIRTHDATE,ADDRESS,EMAIL,USERNAME,PASSWORD) values ('3041255857816','Susie','Liselot','F',to_date('26-DEC-96 08:41:46','DD-MON-RR HH24:MI:SS'),null,'Susie_Liselot@mail.com','Susie','888');
Insert into WATCHANAN.PERSON (CITIZENID,FNAME,LNAME,GENDER,BIRTHDATE,ADDRESS,EMAIL,USERNAME,PASSWORD) values ('3344575388531','Payton','Marshal','M',to_date('14-FEB-97 00:27:04','DD-MON-RR HH24:MI:SS'),null,'Payton_Marshal@mail.com','Payton','999');
Insert into WATCHANAN.PERSON (CITIZENID,FNAME,LNAME,GENDER,BIRTHDATE,ADDRESS,EMAIL,USERNAME,PASSWORD) values ('4381660441722','Mike','Audley','M',to_date('27-FEB-97 16:22:42','DD-MON-RR HH24:MI:SS'),null,'Mike_Audley@mail.com','Mike','000');
Insert into WATCHANAN.PERSON (CITIZENID,FNAME,LNAME,GENDER,BIRTHDATE,ADDRESS,EMAIL,USERNAME,PASSWORD) values ('5107315332413','Raylene','Love','F',to_date('11-DEC-97 03:17:30','DD-MON-RR HH24:MI:SS'),null,'Raylene_Love@mail.com','Raylene','111');
Insert into WATCHANAN.PERSON (CITIZENID,FNAME,LNAME,GENDER,BIRTHDATE,ADDRESS,EMAIL,USERNAME,PASSWORD) values ('5582053484248','Wilma','Rina','F',to_date('22-APR-98 05:44:04','DD-MON-RR HH24:MI:SS'),null,'Wilma_Rina@mail.com','Wilma','222');
Insert into WATCHANAN.PERSON (CITIZENID,FNAME,LNAME,GENDER,BIRTHDATE,ADDRESS,EMAIL,USERNAME,PASSWORD) values ('5657605345050','Max','Derya','M',to_date('12-MAY-98 08:44:31','DD-MON-RR HH24:MI:SS'),null,'Max_Derya@mail.com','Max','333');
Insert into WATCHANAN.PERSON (CITIZENID,FNAME,LNAME,GENDER,BIRTHDATE,ADDRESS,EMAIL,USERNAME,PASSWORD) values ('6324583038531','Huub','Fletcher','M',to_date('13-OCT-98 12:44:50','DD-MON-RR HH24:MI:SS'),null,'Huub_Fletcher@mail.com','Huub','444');
Insert into WATCHANAN.PERSON (CITIZENID,FNAME,LNAME,GENDER,BIRTHDATE,ADDRESS,EMAIL,USERNAME,PASSWORD) values ('6770282313551','Osbert','Byron','M',to_date('02-NOV-98 09:24:08','DD-MON-RR HH24:MI:SS'),null,'Osbert_Byron@mail.com','Osbert','555');
Insert into WATCHANAN.PERSON (CITIZENID,FNAME,LNAME,GENDER,BIRTHDATE,ADDRESS,EMAIL,USERNAME,PASSWORD) values ('7085461784841','Scarlett','Debi','F',to_date('25-MAR-99 04:45:35','DD-MON-RR HH24:MI:SS'),null,'Scarlett_Debi@mail.com','Scarlett','666');
Insert into WATCHANAN.PERSON (CITIZENID,FNAME,LNAME,GENDER,BIRTHDATE,ADDRESS,EMAIL,USERNAME,PASSWORD) values ('7325307882666','Angie','Gena','F',to_date('12-MAY-99 07:45:49','DD-MON-RR HH24:MI:SS'),null,'Angie_Gena@mail.com','Angie','777');
Insert into WATCHANAN.PERSON (CITIZENID,FNAME,LNAME,GENDER,BIRTHDATE,ADDRESS,EMAIL,USERNAME,PASSWORD) values ('7372874747461','Carolien','Kailee','F',to_date('03-SEP-99 16:46:03','DD-MON-RR HH24:MI:SS'),null,'Carolien_Kailee@mail.com','Carolien','888');
Insert into WATCHANAN.PERSON (CITIZENID,FNAME,LNAME,GENDER,BIRTHDATE,ADDRESS,EMAIL,USERNAME,PASSWORD) values ('8063213515341','Raine','Eduard','M',to_date('17-OCT-99 13:46:23','DD-MON-RR HH24:MI:SS'),null,'Raine_Eduard@mail.com','Raine','999');
Insert into WATCHANAN.PERSON (CITIZENID,FNAME,LNAME,GENDER,BIRTHDATE,ADDRESS,EMAIL,USERNAME,PASSWORD) values ('8456872381711','Paula','Nena','F',to_date('18-DEC-99 09:46:41','DD-MON-RR HH24:MI:SS'),null,'Paula_Nena@mail.com','Paula','000');
commit;

--------------------------------------------------------
--  File created - Wednesday-December-07-2016   
--------------------------------------------------------
REM INSERTING into WATCHANAN.MEMBER
SET DEFINE OFF;
Insert into WATCHANAN.MEMBER (STARTDATE,EXPIRYDATE,CITIZENID) values (to_date('01-DEC-16 06:00:06','DD-MON-RR HH24:MI:SS'),to_date('01-DEC-17 06:00:19','DD-MON-RR HH24:MI:SS'),'3344575388531');
Insert into WATCHANAN.MEMBER (STARTDATE,EXPIRYDATE,CITIZENID) values (to_date('01-DEC-16 06:00:42','DD-MON-RR HH24:MI:SS'),to_date('01-DEC-17 06:00:51','DD-MON-RR HH24:MI:SS'),'4381660441722');
Insert into WATCHANAN.MEMBER (STARTDATE,EXPIRYDATE,CITIZENID) values (to_date('02-DEC-16 06:00:58','DD-MON-RR HH24:MI:SS'),to_date('02-DEC-17 06:01:07','DD-MON-RR HH24:MI:SS'),'5107315332413');
Insert into WATCHANAN.MEMBER (STARTDATE,EXPIRYDATE,CITIZENID) values (to_date('05-DEC-16 06:01:13','DD-MON-RR HH24:MI:SS'),to_date('05-DEC-17 06:01:18','DD-MON-RR HH24:MI:SS'),'5582053484248');
Insert into WATCHANAN.MEMBER (STARTDATE,EXPIRYDATE,CITIZENID) values (to_date('05-DEC-16 06:01:23','DD-MON-RR HH24:MI:SS'),to_date('05-DEC-17 06:01:26','DD-MON-RR HH24:MI:SS'),'5657605345050');
Insert into WATCHANAN.MEMBER (STARTDATE,EXPIRYDATE,CITIZENID) values (to_date('05-DEC-16 06:01:41','DD-MON-RR HH24:MI:SS'),to_date('05-DEC-17 06:01:51','DD-MON-RR HH24:MI:SS'),'6324583038531');
Insert into WATCHANAN.MEMBER (STARTDATE,EXPIRYDATE,CITIZENID) values (to_date('07-DEC-16 06:02:06','DD-MON-RR HH24:MI:SS'),to_date('07-DEC-17 06:02:09','DD-MON-RR HH24:MI:SS'),'6770282313551');
Insert into WATCHANAN.MEMBER (STARTDATE,EXPIRYDATE,CITIZENID) values (to_date('07-DEC-16 06:02:13','DD-MON-RR HH24:MI:SS'),to_date('07-DEC-17 06:02:17','DD-MON-RR HH24:MI:SS'),'7085461784841');
Insert into WATCHANAN.MEMBER (STARTDATE,EXPIRYDATE,CITIZENID) values (to_date('08-DEC-16 06:02:21','DD-MON-RR HH24:MI:SS'),to_date('08-DEC-17 06:02:25','DD-MON-RR HH24:MI:SS'),'7325307882666');
Insert into WATCHANAN.MEMBER (STARTDATE,EXPIRYDATE,CITIZENID) values (to_date('11-DEC-16 06:02:31','DD-MON-RR HH24:MI:SS'),to_date('11-DEC-17 06:02:35','DD-MON-RR HH24:MI:SS'),'7372874747461');
Insert into WATCHANAN.MEMBER (STARTDATE,EXPIRYDATE,CITIZENID) values (to_date('15-DEC-16 06:02:41','DD-MON-RR HH24:MI:SS'),to_date('15-DEC-17 06:02:48','DD-MON-RR HH24:MI:SS'),'8063213515341');
Insert into WATCHANAN.MEMBER (STARTDATE,EXPIRYDATE,CITIZENID) values (to_date('16-DEC-16 06:02:54','DD-MON-RR HH24:MI:SS'),to_date('16-DEC-16 06:02:57','DD-MON-RR HH24:MI:SS'),'8456872381711');
commit;

--------------------------------------------------------
--  File created - Wednesday-December-07-2016   
--------------------------------------------------------
REM INSERTING into WATCHANAN.EMPLOYEE
SET DEFINE OFF;
Insert into WATCHANAN.EMPLOYEE (JOBPOSITION,SALARY,CITIZENID) values ('Manager',2500,'1208412802272');
Insert into WATCHANAN.EMPLOYEE (JOBPOSITION,SALARY,CITIZENID) values ('Accountant',1500,'1212425406260');
Insert into WATCHANAN.EMPLOYEE (JOBPOSITION,SALARY,CITIZENID) values ('Satff',1000,'1276431783219');
Insert into WATCHANAN.EMPLOYEE (JOBPOSITION,SALARY,CITIZENID) values ('Satff',1000,'1428877531783');
Insert into WATCHANAN.EMPLOYEE (JOBPOSITION,SALARY,CITIZENID) values ('Satff',1000,'1468335868683');
Insert into WATCHANAN.EMPLOYEE (JOBPOSITION,SALARY,CITIZENID) values ('Satff',1000,'1828253141115');
Insert into WATCHANAN.EMPLOYEE (JOBPOSITION,SALARY,CITIZENID) values ('Cleaner',500,'2816463207348');
Insert into WATCHANAN.EMPLOYEE (JOBPOSITION,SALARY,CITIZENID) values ('Cleaner',500,'3041255857816');
commit;
